['fastboot', '-s', 'cd0ee037', 'getvar', 'product']
product: lk2nd-msm8916
Finished. Total time: 0.002s
['fastboot', '-s', 'cd0ee037', 'getvar', 'serialno']
serialno: cd0ee037
Finished. Total time: 0.002s
['fastboot', '-s', 'cd0ee037', 'getvar', 'lk2nd:compatible']
lk2nd:compatible: samsung,a5u-eur
Finished. Total time: 0.003s
['fastboot', '-s', 'cd0ee037', 'oem', 'debug', 'readq', '0x80094000']
(bootloader) 0x0000000000000000

OKAY [  0.003s]
Finished. Total time: 0.003s
['fastboot', '-s', 'cd0ee037', 'oem', 'debug', 'readq', '0x80094008']
(bootloader) 0x0000000000000000

OKAY [  0.003s]
Finished. Total time: 0.003s
['fastboot', '-s', 'cd0ee037', 'oem', 'debug', 'readq', '0x80094010']
(bootloader) 0x0000000000000000

OKAY [  0.003s]
Finished. Total time: 0.003s
['fastboot', '-s', 'cd0ee037', 'oem', 'debug', 'readq', '0x80094018']
(bootloader) 0x0000000000000000

OKAY [  0.003s]
Finished. Total time: 0.003s
['fastboot', '-s', 'cd0ee037', 'oem', 'debug', 'readq', '0x80094020']
(bootloader) 0x0000000000000000

OKAY [  0.003s]
Finished. Total time: 0.003s
['fastboot', '-s', 'cd0ee037', 'oem', 'debug', 'readq', '0x80094028']
(bootloader) 0x0000000000000000

OKAY [  0.003s]
Finished. Total time: 0.003s
['fastboot', '-s', 'cd0ee037', 'oem', 'debug', 'readq', '0x80094030']
(bootloader) 0x0000000000000000

OKAY [  0.003s]
Finished. Total time: 0.003s
['fastboot', '-s', 'cd0ee037', 'oem', 'debug', 'readq', '0x80094038']
(bootloader) 0x0000000000000000

OKAY [  0.003s]
Finished. Total time: 0.003s
['fastboot', '-s', 'cd0ee037', 'oem', 'debug', 'readq', '0x80094040']
(bootloader) 0x0000000000000000

OKAY [  0.003s]
Finished. Total time: 0.003s
['fastboot', '-s', 'cd0ee037', 'oem', 'debug', 'readq', '0x80094048']
(bootloader) 0x0000000000000000

OKAY [  0.003s]
Finished. Total time: 0.003s
['fastboot', '-s', 'cd0ee037', 'oem', 'debug', 'readq', '0x80094050']
(bootloader) 0x0000000000000000

OKAY [  0.003s]
Finished. Total time: 0.003s
['fastboot', '-s', 'cd0ee037', 'oem', 'debug', 'readq', '0x80094058']
(bootloader) 0x0000000000000000

OKAY [  0.003s]
Finished. Total time: 0.003s
['fastboot', '-s', 'cd0ee037', 'oem', 'debug', 'readq', '0x80094060']
(bootloader) 0x0000000000000000

OKAY [  0.003s]
Finished. Total time: 0.003s
['fastboot', '-s', 'cd0ee037', 'oem', 'debug', 'readq', '0x80094068']
(bootloader) 0x0000000000000000

OKAY [  0.003s]
Finished. Total time: 0.003s
['fastboot', '-s', 'cd0ee037', 'oem', 'debug', 'readq', '0x80094070']
(bootloader) 0x0000000000000000

OKAY [  0.003s]
Finished. Total time: 0.003s
['fastboot', '-s', 'cd0ee037', 'oem', 'debug', 'readq', '0x80094078']
(bootloader) 0x0000000000000000

OKAY [  0.003s]
Finished. Total time: 0.003s
['fastboot', '-s', 'cd0ee037', 'oem', 'debug', 'readq', '0x80094080']
(bootloader) 0x0000000000000000

OKAY [  0.003s]
Finished. Total time: 0.003s
['fastboot', '-s', 'cd0ee037', 'oem', 'debug', 'readq', '0x80094088']
(bootloader) 0x0000000000000000

OKAY [  0.003s]
Finished. Total time: 0.003s
['fastboot', '-s', 'cd0ee037', 'oem', 'debug', 'readq', '0x80094090']
(bootloader) 0x0000000000000000

OKAY [  0.003s]
Finished. Total time: 0.003s
['fastboot', '-s', 'cd0ee037', 'oem', 'debug', 'readq', '0x80094098']
(bootloader) 0x0000000000000000

OKAY [  0.003s]
Finished. Total time: 0.003s
['fastboot', '-s', 'cd0ee037', 'oem', 'debug', 'readq', '0x800940a0']
(bootloader) 0x0000000000000000

OKAY [  0.003s]
Finished. Total time: 0.003s
['fastboot', '-s', 'cd0ee037', 'oem', 'debug', 'readq', '0x800940a8']
(bootloader) 0x0000000000000000

OKAY [  0.003s]
Finished. Total time: 0.003s
['fastboot', '-s', 'cd0ee037', 'oem', 'debug', 'readq', '0x800940b0']
(bootloader) 0x0000000000000000

OKAY [  0.003s]
Finished. Total time: 0.003s
['fastboot', '-s', 'cd0ee037', 'oem', 'debug', 'readq', '0x800940b8']
(bootloader) 0x0000000000000000

OKAY [  0.003s]
Finished. Total time: 0.003s
['fastboot', '-s', 'cd0ee037', 'oem', 'debug', 'readq', '0x800940c0']
(bootloader) 0x0000000000000000

OKAY [  0.003s]
Finished. Total time: 0.003s
['fastboot', '-s', 'cd0ee037', 'oem', 'debug', 'readq', '0x800940c8']
(bootloader) 0x0000000000000000

OKAY [  0.003s]
Finished. Total time: 0.003s
['fastboot', '-s', 'cd0ee037', 'oem', 'debug', 'readq', '0x800940d0']
(bootloader) 0x0000000000000000

OKAY [  0.004s]
Finished. Total time: 0.004s
['fastboot', '-s', 'cd0ee037', 'oem', 'debug', 'readq', '0x800940d8']
(bootloader) 0x0000000000000000

OKAY [  0.003s]
Finished. Total time: 0.003s
['fastboot', '-s', 'cd0ee037', 'oem', 'debug', 'readq', '0x800940e0']
(bootloader) 0x0000000000000000

OKAY [  0.003s]
Finished. Total time: 0.003s
['fastboot', '-s', 'cd0ee037', 'oem', 'debug', 'readq', '0x800940e8']
(bootloader) 0x0000000000000000

OKAY [  0.003s]
Finished. Total time: 0.003s
['fastboot', '-s', 'cd0ee037', 'oem', 'debug', 'readq', '0x800940f0']
(bootloader) 0x0000000000000000

OKAY [  0.003s]
Finished. Total time: 0.003s
['fastboot', '-s', 'cd0ee037', 'oem', 'debug', 'readq', '0x800940f8']
(bootloader) 0x0000000000000000

OKAY [  0.003s]
Finished. Total time: 0.003s
['fastboot', '-s', 'cd0ee037', 'oem', 'debug', 'readq', '0x80094100']
(bootloader) 0x0000000000000000

OKAY [  0.003s]
Finished. Total time: 0.003s
['fastboot', '-s', 'cd0ee037', 'oem', 'debug', 'readq', '0x80094108']
(bootloader) 0x0000000000000000

OKAY [  0.003s]
Finished. Total time: 0.003s
['fastboot', '-s', 'cd0ee037', 'oem', 'debug', 'readq', '0x80094110']
(bootloader) 0x0000000000000000

OKAY [  0.003s]
Finished. Total time: 0.003s
['fastboot', '-s', 'cd0ee037', 'oem', 'debug', 'readq', '0x80094118']
(bootloader) 0x0000000000000000

OKAY [  0.003s]
Finished. Total time: 0.003s
['fastboot', '-s', 'cd0ee037', 'oem', 'debug', 'readq', '0x80094120']
(bootloader) 0x0000000000000000

OKAY [  0.003s]
Finished. Total time: 0.003s
['fastboot', '-s', 'cd0ee037', 'oem', 'debug', 'readq', '0x80094128']
(bootloader) 0x0000000000000000

OKAY [  0.003s]
Finished. Total time: 0.003s
['fastboot', '-s', 'cd0ee037', 'oem', 'debug', 'readq', '0x80094130']
(bootloader) 0x0000000000000000

OKAY [  0.003s]
Finished. Total time: 0.003s
['fastboot', '-s', 'cd0ee037', 'oem', 'debug', 'readq', '0x80094138']
(bootloader) 0x0000000000000000

OKAY [  0.003s]
Finished. Total time: 0.003s
['fastboot', '-s', 'cd0ee037', 'oem', 'debug', 'readq', '0x80094140']
(bootloader) 0x0000000000000000

OKAY [  0.003s]
Finished. Total time: 0.003s
['fastboot', '-s', 'cd0ee037', 'oem', 'debug', 'readq', '0x80094148']
(bootloader) 0x0000000000000000

OKAY [  0.003s]
Finished. Total time: 0.003s
['fastboot', '-s', 'cd0ee037', 'oem', 'debug', 'readq', '0x80094150']
(bootloader) 0x0000000000000000

OKAY [  0.003s]
Finished. Total time: 0.003s
['fastboot', '-s', 'cd0ee037', 'oem', 'debug', 'readq', '0x80094158']
(bootloader) 0x0000000000000000

OKAY [  0.003s]
Finished. Total time: 0.003s
['fastboot', '-s', 'cd0ee037', 'oem', 'debug', 'readq', '0x80094160']
(bootloader) 0x0000000000000000

OKAY [  0.003s]
Finished. Total time: 0.003s
['fastboot', '-s', 'cd0ee037', 'oem', 'debug', 'readq', '0x80094168']
(bootloader) 0x0000000000000000

OKAY [  0.003s]
Finished. Total time: 0.003s
['fastboot', '-s', 'cd0ee037', 'oem', 'debug', 'readq', '0x80094170']
(bootloader) 0x0000000000000000

OKAY [  0.003s]
Finished. Total time: 0.003s
['fastboot', '-s', 'cd0ee037', 'oem', 'debug', 'readq', '0x80094178']
(bootloader) 0x0000000000000000

OKAY [  0.003s]
Finished. Total time: 0.003s
['fastboot', '-s', 'cd0ee037', 'oem', 'debug', 'readq', '0x80094180']
(bootloader) 0x0000000000000000

OKAY [  0.003s]
Finished. Total time: 0.003s
['fastboot', '-s', 'cd0ee037', 'oem', 'debug', 'readq', '0x80094188']
(bootloader) 0x0000000000000000

OKAY [  0.003s]
Finished. Total time: 0.003s
['fastboot', '-s', 'cd0ee037', 'oem', 'debug', 'readq', '0x80094190']
(bootloader) 0x0000000000000000

OKAY [  0.003s]
Finished. Total time: 0.003s
['fastboot', '-s', 'cd0ee037', 'oem', 'debug', 'readq', '0x80094198']
(bootloader) 0x0000000000000000

OKAY [  0.003s]
Finished. Total time: 0.003s
['fastboot', '-s', 'cd0ee037', 'oem', 'debug', 'readq', '0x800941a0']
(bootloader) 0x0000000000000000

OKAY [  0.003s]
Finished. Total time: 0.003s
['fastboot', '-s', 'cd0ee037', 'oem', 'debug', 'readq', '0x800941a8']
(bootloader) 0x0000000000000000

OKAY [  0.003s]
Finished. Total time: 0.003s
['fastboot', '-s', 'cd0ee037', 'oem', 'debug', 'readq', '0x800941b0']
(bootloader) 0x0000000000000000

OKAY [  0.004s]
Finished. Total time: 0.004s
['fastboot', '-s', 'cd0ee037', 'oem', 'debug', 'readq', '0x800941b8']
(bootloader) 0x0000000000000000

OKAY [  0.003s]
Finished. Total time: 0.003s
['fastboot', '-s', 'cd0ee037', 'oem', 'debug', 'readq', '0x800941c0']
(bootloader) 0x0000000000000000

OKAY [  0.003s]
Finished. Total time: 0.003s
['fastboot', '-s', 'cd0ee037', 'oem', 'debug', 'readq', '0x800941c8']
(bootloader) 0x0000000000000000

OKAY [  0.003s]
Finished. Total time: 0.003s
['fastboot', '-s', 'cd0ee037', 'oem', 'debug', 'readq', '0x800941d0']
(bootloader) 0x0000000000000000

OKAY [  0.003s]
Finished. Total time: 0.003s
['fastboot', '-s', 'cd0ee037', 'oem', 'debug', 'readq', '0x800941d8']
(bootloader) 0x0000000000000000

OKAY [  0.003s]
Finished. Total time: 0.003s
['fastboot', '-s', 'cd0ee037', 'oem', 'debug', 'readq', '0x800941e0']
(bootloader) 0x0000000000000000

OKAY [  0.003s]
Finished. Total time: 0.003s
['fastboot', '-s', 'cd0ee037', 'oem', 'debug', 'readq', '0x800941e8']
(bootloader) 0x0000000000000000

OKAY [  0.003s]
Finished. Total time: 0.003s
['fastboot', '-s', 'cd0ee037', 'oem', 'debug', 'readq', '0x800941f0']
(bootloader) 0x0000000000000000

OKAY [  0.003s]
Finished. Total time: 0.003s
['fastboot', '-s', 'cd0ee037', 'oem', 'debug', 'readq', '0x800941f8']
(bootloader) 0x0000000000000000

OKAY [  0.003s]
Finished. Total time: 0.003s
['fastboot', '-s', 'cd0ee037', 'oem', 'debug', 'readq', '0x80094200']
(bootloader) 0x0000000000000000

OKAY [  0.003s]
Finished. Total time: 0.003s
['fastboot', '-s', 'cd0ee037', 'oem', 'debug', 'readq', '0x80094208']
(bootloader) 0x0000000000000000

OKAY [  0.003s]
Finished. Total time: 0.003s
['fastboot', '-s', 'cd0ee037', 'oem', 'debug', 'readq', '0x80094210']
(bootloader) 0x0000000000000000

OKAY [  0.003s]
Finished. Total time: 0.003s
['fastboot', '-s', 'cd0ee037', 'oem', 'debug', 'readq', '0x80094218']
(bootloader) 0x0000000000000000

OKAY [  0.003s]
Finished. Total time: 0.003s
['fastboot', '-s', 'cd0ee037', 'oem', 'debug', 'readq', '0x80094220']
(bootloader) 0x0000000000000000

OKAY [  0.003s]
Finished. Total time: 0.003s
['fastboot', '-s', 'cd0ee037', 'oem', 'debug', 'readq', '0x80094228']
(bootloader) 0x0000000000000000

OKAY [  0.003s]
Finished. Total time: 0.003s
['fastboot', '-s', 'cd0ee037', 'oem', 'debug', 'readq', '0x80094230']
(bootloader) 0x0000000000000000

OKAY [  0.003s]
Finished. Total time: 0.003s
['fastboot', '-s', 'cd0ee037', 'oem', 'debug', 'readq', '0x80094238']
(bootloader) 0x0000000000000000

OKAY [  0.003s]
Finished. Total time: 0.003s
['fastboot', '-s', 'cd0ee037', 'oem', 'debug', 'readq', '0x80094240']
(bootloader) 0x0000000000000000

OKAY [  0.003s]
Finished. Total time: 0.003s
['fastboot', '-s', 'cd0ee037', 'oem', 'debug', 'readq', '0x80094248']
(bootloader) 0x0000000000000000

OKAY [  0.003s]
Finished. Total time: 0.003s
['fastboot', '-s', 'cd0ee037', 'oem', 'debug', 'readq', '0x80094250']
(bootloader) 0x0000000000000000

OKAY [  0.003s]
Finished. Total time: 0.003s
['fastboot', '-s', 'cd0ee037', 'oem', 'debug', 'readq', '0x80094258']
(bootloader) 0x0000000000000000

OKAY [  0.003s]
Finished. Total time: 0.003s
['fastboot', '-s', 'cd0ee037', 'oem', 'debug', 'readq', '0x80094260']
(bootloader) 0x0000000000000000

OKAY [  0.003s]
Finished. Total time: 0.003s
['fastboot', '-s', 'cd0ee037', 'oem', 'debug', 'readq', '0x80094268']
(bootloader) 0x0000000000000000

OKAY [  0.003s]
Finished. Total time: 0.003s
['fastboot', '-s', 'cd0ee037', 'oem', 'debug', 'readq', '0x80094270']
(bootloader) 0x0000000000000000

OKAY [  0.003s]
Finished. Total time: 0.003s
['fastboot', '-s', 'cd0ee037', 'oem', 'debug', 'readq', '0x80094278']
(bootloader) 0x0000000000000000

OKAY [  0.003s]
Finished. Total time: 0.003s
['fastboot', '-s', 'cd0ee037', 'oem', 'debug', 'readq', '0x80094280']
(bootloader) 0x0000000000000000

OKAY [  0.003s]
Finished. Total time: 0.003s
['fastboot', '-s', 'cd0ee037', 'oem', 'debug', 'readq', '0x80094288']
(bootloader) 0x0000000000000000

OKAY [  0.003s]
Finished. Total time: 0.003s
['fastboot', '-s', 'cd0ee037', 'oem', 'debug', 'readq', '0x80094290']
(bootloader) 0x0000000000000000

OKAY [  0.003s]
Finished. Total time: 0.003s
['fastboot', '-s', 'cd0ee037', 'oem', 'debug', 'readq', '0x80094298']
(bootloader) 0x0000000000000000

OKAY [  0.003s]
Finished. Total time: 0.003s
['fastboot', '-s', 'cd0ee037', 'oem', 'debug', 'readq', '0x800942a0']
(bootloader) 0x0000000000000000

OKAY [  0.003s]
Finished. Total time: 0.003s
['fastboot', '-s', 'cd0ee037', 'oem', 'debug', 'readq', '0x800942a8']
(bootloader) 0x0000000000000000

OKAY [  0.003s]
Finished. Total time: 0.003s
['fastboot', '-s', 'cd0ee037', 'oem', 'debug', 'readq', '0x800942b0']
(bootloader) 0x0000000000000000

OKAY [  0.003s]
Finished. Total time: 0.003s
['fastboot', '-s', 'cd0ee037', 'oem', 'debug', 'readq', '0x800942b8']
(bootloader) 0x0000000000000000

OKAY [  0.003s]
Finished. Total time: 0.003s
['fastboot', '-s', 'cd0ee037', 'oem', 'debug', 'readq', '0x800942c0']
(bootloader) 0x0000000000000000

OKAY [  0.003s]
Finished. Total time: 0.003s
['fastboot', '-s', 'cd0ee037', 'oem', 'debug', 'readq', '0x800942c8']
(bootloader) 0x0000000000000000

OKAY [  0.003s]
Finished. Total time: 0.003s
['fastboot', '-s', 'cd0ee037', 'oem', 'debug', 'readq', '0x800942d0']
(bootloader) 0x0000000000000000

OKAY [  0.003s]
Finished. Total time: 0.003s
['fastboot', '-s', 'cd0ee037', 'oem', 'debug', 'readq', '0x800942d8']
(bootloader) 0x0000000000000000

OKAY [  0.003s]
Finished. Total time: 0.003s
['fastboot', '-s', 'cd0ee037', 'oem', 'debug', 'readq', '0x800942e0']
(bootloader) 0x0000000000000000

OKAY [  0.003s]
Finished. Total time: 0.003s
['fastboot', '-s', 'cd0ee037', 'oem', 'debug', 'readq', '0x800942e8']
(bootloader) 0x0000000000000000

OKAY [  0.003s]
Finished. Total time: 0.003s
['fastboot', '-s', 'cd0ee037', 'oem', 'debug', 'readq', '0x800942f0']
(bootloader) 0x0000000000000000

OKAY [  0.004s]
Finished. Total time: 0.004s
['fastboot', '-s', 'cd0ee037', 'oem', 'debug', 'readq', '0x800942f8']
(bootloader) 0x0000000000000000

OKAY [  0.003s]
Finished. Total time: 0.003s
['fastboot', '-s', 'cd0ee037', 'oem', 'debug', 'readq', '0x80094300']
(bootloader) 0x0000000000000000

OKAY [  0.003s]
Finished. Total time: 0.003s
['fastboot', '-s', 'cd0ee037', 'oem', 'debug', 'readq', '0x80094308']
(bootloader) 0x0000000000000000

OKAY [  0.003s]
Finished. Total time: 0.003s
['fastboot', '-s', 'cd0ee037', 'oem', 'debug', 'readq', '0x80094310']
(bootloader) 0x0000000000000000

OKAY [  0.003s]
Finished. Total time: 0.003s
['fastboot', '-s', 'cd0ee037', 'oem', 'debug', 'readq', '0x80094318']
(bootloader) 0x0000000000000000

OKAY [  0.003s]
Finished. Total time: 0.003s
['fastboot', '-s', 'cd0ee037', 'oem', 'debug', 'readq', '0x80094320']
(bootloader) 0x0000000000000000

OKAY [  0.003s]
Finished. Total time: 0.003s
['fastboot', '-s', 'cd0ee037', 'oem', 'debug', 'readq', '0x80094328']
(bootloader) 0x0000000000000000

OKAY [  0.003s]
Finished. Total time: 0.003s
['fastboot', '-s', 'cd0ee037', 'oem', 'debug', 'readq', '0x80094330']
(bootloader) 0x0000000000000000

OKAY [  0.003s]
Finished. Total time: 0.003s
['fastboot', '-s', 'cd0ee037', 'oem', 'debug', 'readq', '0x80094338']
(bootloader) 0x0000000000000000

OKAY [  0.003s]
Finished. Total time: 0.003s
['fastboot', '-s', 'cd0ee037', 'oem', 'debug', 'readq', '0x80094340']
(bootloader) 0x0000000000000000

OKAY [  0.003s]
Finished. Total time: 0.003s
['fastboot', '-s', 'cd0ee037', 'oem', 'debug', 'readq', '0x80094348']
(bootloader) 0x0000000000000000

OKAY [  0.003s]
Finished. Total time: 0.003s
['fastboot', '-s', 'cd0ee037', 'oem', 'debug', 'readq', '0x80094350']
(bootloader) 0x0000000000000000

OKAY [  0.003s]
Finished. Total time: 0.003s
['fastboot', '-s', 'cd0ee037', 'oem', 'debug', 'readq', '0x80094358']
(bootloader) 0x0000000000000000

OKAY [  0.003s]
Finished. Total time: 0.003s
['fastboot', '-s', 'cd0ee037', 'oem', 'debug', 'readq', '0x80094360']
(bootloader) 0x0000000000000000

OKAY [  0.004s]
Finished. Total time: 0.004s
['fastboot', '-s', 'cd0ee037', 'oem', 'debug', 'readq', '0x80094368']
(bootloader) 0x0000000000000000

OKAY [  0.003s]
Finished. Total time: 0.003s
['fastboot', '-s', 'cd0ee037', 'oem', 'debug', 'readq', '0x80094370']
(bootloader) 0x0000000000000000

OKAY [  0.003s]
Finished. Total time: 0.003s
['fastboot', '-s', 'cd0ee037', 'oem', 'debug', 'readq', '0x80094378']
(bootloader) 0x0000000000000000

OKAY [  0.003s]
Finished. Total time: 0.003s
['fastboot', '-s', 'cd0ee037', 'oem', 'debug', 'readq', '0x80094380']
(bootloader) 0x0000000000000000

OKAY [  0.003s]
Finished. Total time: 0.003s
['fastboot', '-s', 'cd0ee037', 'oem', 'debug', 'readq', '0x80094388']
(bootloader) 0x0000000000000000

OKAY [  0.003s]
Finished. Total time: 0.003s
['fastboot', '-s', 'cd0ee037', 'oem', 'debug', 'readq', '0x80094390']
(bootloader) 0x0000000000000000

OKAY [  0.003s]
Finished. Total time: 0.003s
['fastboot', '-s', 'cd0ee037', 'oem', 'debug', 'readq', '0x80094398']
(bootloader) 0x0000000000000000

OKAY [  0.003s]
Finished. Total time: 0.003s
['fastboot', '-s', 'cd0ee037', 'oem', 'debug', 'readq', '0x800943a0']
(bootloader) 0x0000000000000000

OKAY [  0.003s]
Finished. Total time: 0.003s
['fastboot', '-s', 'cd0ee037', 'oem', 'debug', 'readq', '0x800943a8']
(bootloader) 0x0000000000000000

OKAY [  0.003s]
Finished. Total time: 0.003s
['fastboot', '-s', 'cd0ee037', 'oem', 'debug', 'readq', '0x800943b0']
(bootloader) 0x0000000000000000

OKAY [  0.003s]
Finished. Total time: 0.003s
['fastboot', '-s', 'cd0ee037', 'oem', 'debug', 'readq', '0x800943b8']
(bootloader) 0x0000000000000000

OKAY [  0.003s]
Finished. Total time: 0.003s
['fastboot', '-s', 'cd0ee037', 'oem', 'debug', 'readq', '0x800943c0']
(bootloader) 0x0000000000000000

OKAY [  0.003s]
Finished. Total time: 0.003s
['fastboot', '-s', 'cd0ee037', 'oem', 'debug', 'readq', '0x800943c8']
(bootloader) 0x0000000000000000

OKAY [  0.003s]
Finished. Total time: 0.003s
['fastboot', '-s', 'cd0ee037', 'oem', 'debug', 'readq', '0x800943d0']
(bootloader) 0x0000000000000000

OKAY [  0.003s]
Finished. Total time: 0.003s
['fastboot', '-s', 'cd0ee037', 'oem', 'debug', 'readq', '0x800943d8']
(bootloader) 0x0000000000000000

OKAY [  0.003s]
Finished. Total time: 0.003s
['fastboot', '-s', 'cd0ee037', 'oem', 'debug', 'readq', '0x800943e0']
(bootloader) 0x0000000000000000

OKAY [  0.003s]
Finished. Total time: 0.003s
['fastboot', '-s', 'cd0ee037', 'oem', 'debug', 'readq', '0x800943e8']
(bootloader) 0x0000000000000000

OKAY [  0.003s]
Finished. Total time: 0.003s
['fastboot', '-s', 'cd0ee037', 'oem', 'debug', 'readq', '0x800943f0']
(bootloader) 0x0000000000000000

OKAY [  0.003s]
Finished. Total time: 0.003s
['fastboot', '-s', 'cd0ee037', 'oem', 'debug', 'readq', '0x800943f8']
(bootloader) 0x0000000000000000

OKAY [  0.003s]
Finished. Total time: 0.003s
['fastboot', '-s', 'cd0ee037', 'oem', 'debug', 'readq', '0x80094400']
(bootloader) 0x0000000000000000

OKAY [  0.003s]
Finished. Total time: 0.003s
['fastboot', '-s', 'cd0ee037', 'oem', 'debug', 'readq', '0x80094408']
(bootloader) 0x0000000000000000

OKAY [  0.003s]
Finished. Total time: 0.003s
['fastboot', '-s', 'cd0ee037', 'oem', 'debug', 'readq', '0x80094410']
(bootloader) 0x0000000000000000

OKAY [  0.003s]
Finished. Total time: 0.003s
['fastboot', '-s', 'cd0ee037', 'oem', 'debug', 'readq', '0x80094418']
(bootloader) 0x0000000000000000

OKAY [  0.003s]
Finished. Total time: 0.003s
['fastboot', '-s', 'cd0ee037', 'oem', 'debug', 'readq', '0x80094420']
(bootloader) 0x0000000000000000

OKAY [  0.003s]
Finished. Total time: 0.003s
['fastboot', '-s', 'cd0ee037', 'oem', 'debug', 'readq', '0x80094428']
(bootloader) 0x0000000000000000

OKAY [  0.003s]
Finished. Total time: 0.003s
['fastboot', '-s', 'cd0ee037', 'oem', 'debug', 'readq', '0x80094430']
(bootloader) 0x0000000000000000

OKAY [  0.003s]
Finished. Total time: 0.003s
['fastboot', '-s', 'cd0ee037', 'oem', 'debug', 'readq', '0x80094438']
(bootloader) 0x0000000000000000

OKAY [  0.003s]
Finished. Total time: 0.003s
['fastboot', '-s', 'cd0ee037', 'oem', 'debug', 'readq', '0x80094440']
(bootloader) 0x0000000000000000

OKAY [  0.003s]
Finished. Total time: 0.003s
['fastboot', '-s', 'cd0ee037', 'oem', 'debug', 'readq', '0x80094448']
(bootloader) 0x0000000000000000

OKAY [  0.003s]
Finished. Total time: 0.003s
['fastboot', '-s', 'cd0ee037', 'oem', 'debug', 'readq', '0x80094450']
(bootloader) 0x0000000000000000

OKAY [  0.003s]
Finished. Total time: 0.003s
['fastboot', '-s', 'cd0ee037', 'oem', 'debug', 'readq', '0x80094458']
(bootloader) 0x0000000000000000

OKAY [  0.003s]
Finished. Total time: 0.003s
['fastboot', '-s', 'cd0ee037', 'oem', 'debug', 'readq', '0x80094460']
(bootloader) 0x0000000000000000

OKAY [  0.003s]
Finished. Total time: 0.003s
['fastboot', '-s', 'cd0ee037', 'oem', 'debug', 'readq', '0x80094468']
(bootloader) 0x0000000000000000

OKAY [  0.003s]
Finished. Total time: 0.003s
['fastboot', '-s', 'cd0ee037', 'oem', 'debug', 'readq', '0x80094470']
(bootloader) 0x0000000000000000

OKAY [  0.003s]
Finished. Total time: 0.003s
['fastboot', '-s', 'cd0ee037', 'oem', 'debug', 'readq', '0x80094478']
(bootloader) 0x0000000000000000

OKAY [  0.003s]
Finished. Total time: 0.003s
['fastboot', '-s', 'cd0ee037', 'oem', 'debug', 'readq', '0x80094480']
(bootloader) 0x0000000000000000

OKAY [  0.003s]
Finished. Total time: 0.003s
['fastboot', '-s', 'cd0ee037', 'oem', 'debug', 'readq', '0x80094488']
(bootloader) 0x0000000000000000

OKAY [  0.003s]
Finished. Total time: 0.003s
['fastboot', '-s', 'cd0ee037', 'oem', 'debug', 'readq', '0x80094490']
(bootloader) 0x0000000000000000

OKAY [  0.003s]
Finished. Total time: 0.003s
['fastboot', '-s', 'cd0ee037', 'oem', 'debug', 'readq', '0x80094498']
(bootloader) 0x0000000000000000

OKAY [  0.003s]
Finished. Total time: 0.003s
['fastboot', '-s', 'cd0ee037', 'oem', 'debug', 'readq', '0x800944a0']
(bootloader) 0x0000000000000000

OKAY [  0.003s]
Finished. Total time: 0.003s
['fastboot', '-s', 'cd0ee037', 'oem', 'debug', 'readq', '0x800944a8']
(bootloader) 0x0000000000000000

OKAY [  0.003s]
Finished. Total time: 0.003s
['fastboot', '-s', 'cd0ee037', 'oem', 'debug', 'readq', '0x800944b0']
(bootloader) 0x0000000000000000

OKAY [  0.003s]
Finished. Total time: 0.003s
['fastboot', '-s', 'cd0ee037', 'oem', 'debug', 'readq', '0x800944b8']
(bootloader) 0x0000000000000000

OKAY [  0.004s]
Finished. Total time: 0.004s
['fastboot', '-s', 'cd0ee037', 'oem', 'debug', 'readq', '0x800944c0']
(bootloader) 0x0000000000000000

OKAY [  0.003s]
Finished. Total time: 0.003s
['fastboot', '-s', 'cd0ee037', 'oem', 'debug', 'readq', '0x800944c8']
(bootloader) 0x0000000000000000

OKAY [  0.003s]
Finished. Total time: 0.003s
['fastboot', '-s', 'cd0ee037', 'oem', 'debug', 'readq', '0x800944d0']
(bootloader) 0x0000000000000000

OKAY [  0.003s]
Finished. Total time: 0.003s
['fastboot', '-s', 'cd0ee037', 'oem', 'debug', 'readq', '0x800944d8']
(bootloader) 0x0000000000000000

OKAY [  0.003s]
Finished. Total time: 0.003s
['fastboot', '-s', 'cd0ee037', 'oem', 'debug', 'readq', '0x800944e0']
(bootloader) 0x0000000000000000

OKAY [  0.003s]
Finished. Total time: 0.003s
['fastboot', '-s', 'cd0ee037', 'oem', 'debug', 'readq', '0x800944e8']
(bootloader) 0x0000000000000000

OKAY [  0.003s]
Finished. Total time: 0.003s
['fastboot', '-s', 'cd0ee037', 'oem', 'debug', 'readq', '0x800944f0']
(bootloader) 0x0000000000000000

OKAY [  0.003s]
Finished. Total time: 0.003s
['fastboot', '-s', 'cd0ee037', 'oem', 'debug', 'readq', '0x800944f8']
(bootloader) 0x0000000000000000

OKAY [  0.003s]
Finished. Total time: 0.003s
['fastboot', '-s', 'cd0ee037', 'oem', 'debug', 'readq', '0x80094500']
(bootloader) 0x0000000000000000

OKAY [  0.003s]
Finished. Total time: 0.003s
['fastboot', '-s', 'cd0ee037', 'oem', 'debug', 'readq', '0x80094508']
(bootloader) 0x0000000000000000

OKAY [  0.003s]
Finished. Total time: 0.003s
['fastboot', '-s', 'cd0ee037', 'oem', 'debug', 'readq', '0x80094510']
(bootloader) 0x0000000000000000

OKAY [  0.003s]
Finished. Total time: 0.003s
['fastboot', '-s', 'cd0ee037', 'oem', 'debug', 'readq', '0x80094518']
(bootloader) 0x0000000000000000

OKAY [  0.003s]
Finished. Total time: 0.003s
['fastboot', '-s', 'cd0ee037', 'oem', 'debug', 'readq', '0x80094520']
(bootloader) 0x0000000000000000

OKAY [  0.003s]
Finished. Total time: 0.003s
['fastboot', '-s', 'cd0ee037', 'oem', 'debug', 'readq', '0x80094528']
(bootloader) 0x0000000000000000

OKAY [  0.003s]
Finished. Total time: 0.003s
['fastboot', '-s', 'cd0ee037', 'oem', 'debug', 'readq', '0x80094530']
(bootloader) 0x0000000000000000

OKAY [  0.003s]
Finished. Total time: 0.003s
['fastboot', '-s', 'cd0ee037', 'oem', 'debug', 'readq', '0x80094538']
(bootloader) 0x0000000000000000

OKAY [  0.003s]
Finished. Total time: 0.003s
['fastboot', '-s', 'cd0ee037', 'oem', 'debug', 'readq', '0x80094540']
(bootloader) 0x0000000000000000

OKAY [  0.003s]
Finished. Total time: 0.003s
['fastboot', '-s', 'cd0ee037', 'oem', 'debug', 'readq', '0x80094548']
(bootloader) 0x0000000000000000

OKAY [  0.003s]
Finished. Total time: 0.003s
['fastboot', '-s', 'cd0ee037', 'oem', 'debug', 'readq', '0x80094550']
(bootloader) 0x0000000000000000

OKAY [  0.003s]
Finished. Total time: 0.003s
['fastboot', '-s', 'cd0ee037', 'oem', 'debug', 'readq', '0x80094558']
(bootloader) 0x0000000000000000

OKAY [  0.003s]
Finished. Total time: 0.003s
['fastboot', '-s', 'cd0ee037', 'oem', 'debug', 'readq', '0x80094560']
(bootloader) 0x0000000000000000

OKAY [  0.003s]
Finished. Total time: 0.003s
['fastboot', '-s', 'cd0ee037', 'oem', 'debug', 'readq', '0x80094568']
(bootloader) 0x0000000000000000

OKAY [  0.003s]
Finished. Total time: 0.003s
['fastboot', '-s', 'cd0ee037', 'oem', 'debug', 'readq', '0x80094570']
(bootloader) 0x0000000000000000

OKAY [  0.003s]
Finished. Total time: 0.003s
['fastboot', '-s', 'cd0ee037', 'oem', 'debug', 'readq', '0x80094578']
(bootloader) 0x0000000000000000

OKAY [  0.003s]
Finished. Total time: 0.003s
['fastboot', '-s', 'cd0ee037', 'oem', 'debug', 'readq', '0x80094580']
(bootloader) 0x0000000000000000

OKAY [  0.003s]
Finished. Total time: 0.003s
['fastboot', '-s', 'cd0ee037', 'oem', 'debug', 'readq', '0x80094588']
(bootloader) 0x0000000000000000

OKAY [  0.003s]
Finished. Total time: 0.004s
['fastboot', '-s', 'cd0ee037', 'oem', 'debug', 'readq', '0x80094590']
(bootloader) 0x0000000000000000

OKAY [  0.003s]
Finished. Total time: 0.003s
['fastboot', '-s', 'cd0ee037', 'oem', 'debug', 'readq', '0x80094598']
(bootloader) 0x0000000000000000

OKAY [  0.003s]
Finished. Total time: 0.003s
['fastboot', '-s', 'cd0ee037', 'oem', 'debug', 'readq', '0x800945a0']
(bootloader) 0x0000000000000000

OKAY [  0.003s]
Finished. Total time: 0.003s
['fastboot', '-s', 'cd0ee037', 'oem', 'debug', 'readq', '0x800945a8']
(bootloader) 0x0000000000000000

OKAY [  0.003s]
Finished. Total time: 0.003s
['fastboot', '-s', 'cd0ee037', 'oem', 'debug', 'readq', '0x800945b0']
(bootloader) 0x0000000000000000

OKAY [  0.003s]
Finished. Total time: 0.003s
['fastboot', '-s', 'cd0ee037', 'oem', 'debug', 'readq', '0x800945b8']
(bootloader) 0x0000000000000000

OKAY [  0.004s]
Finished. Total time: 0.004s
['fastboot', '-s', 'cd0ee037', 'oem', 'debug', 'readq', '0x800945c0']
(bootloader) 0x0000000000000000

OKAY [  0.003s]
Finished. Total time: 0.003s
['fastboot', '-s', 'cd0ee037', 'oem', 'debug', 'readq', '0x800945c8']
(bootloader) 0x0000000000000000

OKAY [  0.003s]
Finished. Total time: 0.003s
['fastboot', '-s', 'cd0ee037', 'oem', 'debug', 'readq', '0x800945d0']
(bootloader) 0x0000000000000000

OKAY [  0.003s]
Finished. Total time: 0.003s
['fastboot', '-s', 'cd0ee037', 'oem', 'debug', 'readq', '0x800945d8']
(bootloader) 0x0000000000000000

OKAY [  0.003s]
Finished. Total time: 0.003s
['fastboot', '-s', 'cd0ee037', 'oem', 'debug', 'readq', '0x800945e0']
(bootloader) 0x0000000000000000

OKAY [  0.003s]
Finished. Total time: 0.003s
['fastboot', '-s', 'cd0ee037', 'oem', 'debug', 'readq', '0x800945e8']
(bootloader) 0x0000000000000000

OKAY [  0.003s]
Finished. Total time: 0.003s
['fastboot', '-s', 'cd0ee037', 'oem', 'debug', 'readq', '0x800945f0']
(bootloader) 0x0000000000000000

OKAY [  0.003s]
Finished. Total time: 0.003s
['fastboot', '-s', 'cd0ee037', 'oem', 'debug', 'readq', '0x800945f8']
(bootloader) 0x0000000000000000

OKAY [  0.003s]
Finished. Total time: 0.003s
['fastboot', '-s', 'cd0ee037', 'oem', 'debug', 'readq', '0x80094600']
(bootloader) 0x0000000000000000

OKAY [  0.003s]
Finished. Total time: 0.003s
['fastboot', '-s', 'cd0ee037', 'oem', 'debug', 'readq', '0x80094608']
(bootloader) 0x0000000000000000

OKAY [  0.003s]
Finished. Total time: 0.003s
['fastboot', '-s', 'cd0ee037', 'oem', 'debug', 'readq', '0x80094610']
(bootloader) 0x0000000000000000

OKAY [  0.003s]
Finished. Total time: 0.003s
['fastboot', '-s', 'cd0ee037', 'oem', 'debug', 'readq', '0x80094618']
(bootloader) 0x0000000000000000

OKAY [  0.003s]
Finished. Total time: 0.003s
['fastboot', '-s', 'cd0ee037', 'oem', 'debug', 'readq', '0x80094620']
(bootloader) 0x0000000000000000

OKAY [  0.003s]
Finished. Total time: 0.003s
['fastboot', '-s', 'cd0ee037', 'oem', 'debug', 'readq', '0x80094628']
(bootloader) 0x0000000000000000

OKAY [  0.003s]
Finished. Total time: 0.003s
['fastboot', '-s', 'cd0ee037', 'oem', 'debug', 'readq', '0x80094630']
(bootloader) 0x0000000000000000

OKAY [  0.003s]
Finished. Total time: 0.003s
['fastboot', '-s', 'cd0ee037', 'oem', 'debug', 'readq', '0x80094638']
(bootloader) 0x0000000000000000

OKAY [  0.003s]
Finished. Total time: 0.003s
['fastboot', '-s', 'cd0ee037', 'oem', 'debug', 'readq', '0x80094640']
(bootloader) 0x0000000000000000

OKAY [  0.003s]
Finished. Total time: 0.003s
['fastboot', '-s', 'cd0ee037', 'oem', 'debug', 'readq', '0x80094648']
(bootloader) 0x0000000000000000

OKAY [  0.003s]
Finished. Total time: 0.003s
['fastboot', '-s', 'cd0ee037', 'oem', 'debug', 'readq', '0x80094650']
(bootloader) 0x0000000000000000

OKAY [  0.003s]
Finished. Total time: 0.003s
['fastboot', '-s', 'cd0ee037', 'oem', 'debug', 'readq', '0x80094658']
(bootloader) 0x0000000000000000

OKAY [  0.003s]
Finished. Total time: 0.003s
['fastboot', '-s', 'cd0ee037', 'oem', 'debug', 'readq', '0x80094660']
(bootloader) 0x0000000000000000

OKAY [  0.003s]
Finished. Total time: 0.003s
['fastboot', '-s', 'cd0ee037', 'oem', 'debug', 'readq', '0x80094668']
(bootloader) 0x0000000000000000

OKAY [  0.003s]
Finished. Total time: 0.003s
['fastboot', '-s', 'cd0ee037', 'oem', 'debug', 'readq', '0x80094670']
(bootloader) 0x0000000000000000

OKAY [  0.003s]
Finished. Total time: 0.003s
['fastboot', '-s', 'cd0ee037', 'oem', 'debug', 'readq', '0x80094678']
(bootloader) 0x0000000000000000

OKAY [  0.003s]
Finished. Total time: 0.003s
['fastboot', '-s', 'cd0ee037', 'oem', 'debug', 'readq', '0x80094680']
(bootloader) 0x0000000000000000

OKAY [  0.003s]
Finished. Total time: 0.003s
['fastboot', '-s', 'cd0ee037', 'oem', 'debug', 'readq', '0x80094688']
(bootloader) 0x0000000000000000

OKAY [  0.003s]
Finished. Total time: 0.003s
['fastboot', '-s', 'cd0ee037', 'oem', 'debug', 'readq', '0x80094690']
(bootloader) 0x0000000000000000

OKAY [  0.003s]
Finished. Total time: 0.003s
['fastboot', '-s', 'cd0ee037', 'oem', 'debug', 'readq', '0x80094698']
(bootloader) 0x0000000000000000

OKAY [  0.003s]
Finished. Total time: 0.003s
['fastboot', '-s', 'cd0ee037', 'oem', 'debug', 'readq', '0x800946a0']
(bootloader) 0x0000000000000000

OKAY [  0.003s]
Finished. Total time: 0.003s
['fastboot', '-s', 'cd0ee037', 'oem', 'debug', 'readq', '0x800946a8']
(bootloader) 0x0000000000000000

OKAY [  0.003s]
Finished. Total time: 0.003s
['fastboot', '-s', 'cd0ee037', 'oem', 'debug', 'readq', '0x800946b0']
(bootloader) 0x0000000000000000

OKAY [  0.003s]
Finished. Total time: 0.003s
['fastboot', '-s', 'cd0ee037', 'oem', 'debug', 'readq', '0x800946b8']
(bootloader) 0x0000000000000000

OKAY [  0.003s]
Finished. Total time: 0.003s
['fastboot', '-s', 'cd0ee037', 'oem', 'debug', 'readq', '0x800946c0']
(bootloader) 0x0000000000000000

OKAY [  0.003s]
Finished. Total time: 0.003s
['fastboot', '-s', 'cd0ee037', 'oem', 'debug', 'readq', '0x800946c8']
(bootloader) 0x0000000000000000

OKAY [  0.003s]
Finished. Total time: 0.003s
['fastboot', '-s', 'cd0ee037', 'oem', 'debug', 'readq', '0x800946d0']
(bootloader) 0x0000000000000000

OKAY [  0.003s]
Finished. Total time: 0.003s
['fastboot', '-s', 'cd0ee037', 'oem', 'debug', 'readq', '0x800946d8']
(bootloader) 0x0000000000000000

OKAY [  0.003s]
Finished. Total time: 0.003s
['fastboot', '-s', 'cd0ee037', 'oem', 'debug', 'readq', '0x800946e0']
(bootloader) 0x0000000000000000

OKAY [  0.003s]
Finished. Total time: 0.003s
['fastboot', '-s', 'cd0ee037', 'oem', 'debug', 'readq', '0x800946e8']
(bootloader) 0x0000000000000000

OKAY [  0.003s]
Finished. Total time: 0.003s
['fastboot', '-s', 'cd0ee037', 'oem', 'debug', 'readq', '0x800946f0']
(bootloader) 0x0000000000000000

OKAY [  0.003s]
Finished. Total time: 0.003s
['fastboot', '-s', 'cd0ee037', 'oem', 'debug', 'readq', '0x800946f8']
(bootloader) 0x0000000000000000

OKAY [  0.003s]
Finished. Total time: 0.003s
['fastboot', '-s', 'cd0ee037', 'oem', 'debug', 'readq', '0x80094700']
(bootloader) 0x0000000000000000

OKAY [  0.003s]
Finished. Total time: 0.003s
['fastboot', '-s', 'cd0ee037', 'oem', 'debug', 'readq', '0x80094708']
(bootloader) 0x0000000000000000

OKAY [  0.003s]
Finished. Total time: 0.003s
['fastboot', '-s', 'cd0ee037', 'oem', 'debug', 'readq', '0x80094710']
(bootloader) 0x0000000000000000

OKAY [  0.003s]
Finished. Total time: 0.003s
['fastboot', '-s', 'cd0ee037', 'oem', 'debug', 'readq', '0x80094718']
(bootloader) 0x0000000000000000

OKAY [  0.003s]
Finished. Total time: 0.003s
['fastboot', '-s', 'cd0ee037', 'oem', 'debug', 'readq', '0x80094720']
(bootloader) 0x0000000000000000

OKAY [  0.003s]
Finished. Total time: 0.003s
['fastboot', '-s', 'cd0ee037', 'oem', 'debug', 'readq', '0x80094728']
(bootloader) 0x0000000000000000

OKAY [  0.003s]
Finished. Total time: 0.003s
['fastboot', '-s', 'cd0ee037', 'oem', 'debug', 'readq', '0x80094730']
(bootloader) 0x0000000000000000

OKAY [  0.003s]
Finished. Total time: 0.003s
['fastboot', '-s', 'cd0ee037', 'oem', 'debug', 'readq', '0x80094738']
(bootloader) 0x0000000000000000

OKAY [  0.003s]
Finished. Total time: 0.003s
['fastboot', '-s', 'cd0ee037', 'oem', 'debug', 'readq', '0x80094740']
(bootloader) 0x0000000000000000

OKAY [  0.003s]
Finished. Total time: 0.003s
['fastboot', '-s', 'cd0ee037', 'oem', 'debug', 'readq', '0x80094748']
(bootloader) 0x0000000000000000

OKAY [  0.003s]
Finished. Total time: 0.003s
['fastboot', '-s', 'cd0ee037', 'oem', 'debug', 'readq', '0x80094750']
(bootloader) 0x0000000000000000

OKAY [  0.004s]
Finished. Total time: 0.004s
['fastboot', '-s', 'cd0ee037', 'oem', 'debug', 'readq', '0x80094758']
(bootloader) 0x0000000000000000

OKAY [  0.003s]
Finished. Total time: 0.003s
['fastboot', '-s', 'cd0ee037', 'oem', 'debug', 'readq', '0x80094760']
(bootloader) 0x0000000000000000

OKAY [  0.003s]
Finished. Total time: 0.003s
['fastboot', '-s', 'cd0ee037', 'oem', 'debug', 'readq', '0x80094768']
(bootloader) 0x0000000000000000

OKAY [  0.003s]
Finished. Total time: 0.003s
['fastboot', '-s', 'cd0ee037', 'oem', 'debug', 'readq', '0x80094770']
(bootloader) 0x0000000000000000

OKAY [  0.003s]
Finished. Total time: 0.003s
['fastboot', '-s', 'cd0ee037', 'oem', 'debug', 'readq', '0x80094778']
(bootloader) 0x0000000000000000

OKAY [  0.003s]
Finished. Total time: 0.003s
['fastboot', '-s', 'cd0ee037', 'oem', 'debug', 'readq', '0x80094780']
(bootloader) 0x0000000000000000

OKAY [  0.003s]
Finished. Total time: 0.003s
['fastboot', '-s', 'cd0ee037', 'oem', 'debug', 'readq', '0x80094788']
(bootloader) 0x0000000000000000

OKAY [  0.003s]
Finished. Total time: 0.003s
['fastboot', '-s', 'cd0ee037', 'oem', 'debug', 'readq', '0x80094790']
(bootloader) 0x0000000000000000

OKAY [  0.003s]
Finished. Total time: 0.003s
['fastboot', '-s', 'cd0ee037', 'oem', 'debug', 'readq', '0x80094798']
(bootloader) 0x0000000000000000

OKAY [  0.003s]
Finished. Total time: 0.003s
['fastboot', '-s', 'cd0ee037', 'oem', 'debug', 'readq', '0x800947a0']
(bootloader) 0x0000000000000000

OKAY [  0.003s]
Finished. Total time: 0.003s
['fastboot', '-s', 'cd0ee037', 'oem', 'debug', 'readq', '0x800947a8']
(bootloader) 0x0000000000000000

OKAY [  0.003s]
Finished. Total time: 0.003s
['fastboot', '-s', 'cd0ee037', 'oem', 'debug', 'readq', '0x800947b0']
(bootloader) 0x0000000000000000

OKAY [  0.003s]
Finished. Total time: 0.003s
['fastboot', '-s', 'cd0ee037', 'oem', 'debug', 'readq', '0x800947b8']
(bootloader) 0x0000000000000000

OKAY [  0.003s]
Finished. Total time: 0.003s
['fastboot', '-s', 'cd0ee037', 'oem', 'debug', 'readq', '0x800947c0']
(bootloader) 0x0000000000000000

OKAY [  0.003s]
Finished. Total time: 0.003s
['fastboot', '-s', 'cd0ee037', 'oem', 'debug', 'readq', '0x800947c8']
(bootloader) 0x0000000000000000

OKAY [  0.003s]
Finished. Total time: 0.003s
['fastboot', '-s', 'cd0ee037', 'oem', 'debug', 'readq', '0x800947d0']
(bootloader) 0x0000000000000000

OKAY [  0.003s]
Finished. Total time: 0.003s
['fastboot', '-s', 'cd0ee037', 'oem', 'debug', 'readq', '0x800947d8']
(bootloader) 0x0000000000000000

OKAY [  0.003s]
Finished. Total time: 0.003s
['fastboot', '-s', 'cd0ee037', 'oem', 'debug', 'readq', '0x800947e0']
(bootloader) 0x0000000000000000

OKAY [  0.003s]
Finished. Total time: 0.003s
['fastboot', '-s', 'cd0ee037', 'oem', 'debug', 'readq', '0x800947e8']
(bootloader) 0x0000000000000000

OKAY [  0.003s]
Finished. Total time: 0.003s
['fastboot', '-s', 'cd0ee037', 'oem', 'debug', 'readq', '0x800947f0']
(bootloader) 0x0000000000000000

OKAY [  0.003s]
Finished. Total time: 0.003s
['fastboot', '-s', 'cd0ee037', 'oem', 'debug', 'readq', '0x800947f8']
(bootloader) 0x0000000000000000

OKAY [  0.003s]
Finished. Total time: 0.003s
['fastboot', '-s', 'cd0ee037', 'oem', 'debug', 'readq', '0x80094800']
(bootloader) 0x0000000000000000

OKAY [  0.003s]
Finished. Total time: 0.003s
['fastboot', '-s', 'cd0ee037', 'oem', 'debug', 'readq', '0x80094808']
(bootloader) 0x0000000000000000

OKAY [  0.003s]
Finished. Total time: 0.003s
['fastboot', '-s', 'cd0ee037', 'oem', 'debug', 'readq', '0x80094810']
(bootloader) 0x0000000000000000

OKAY [  0.003s]
Finished. Total time: 0.003s
['fastboot', '-s', 'cd0ee037', 'oem', 'debug', 'readq', '0x80094818']
(bootloader) 0x0000000000000000

OKAY [  0.003s]
Finished. Total time: 0.003s
['fastboot', '-s', 'cd0ee037', 'oem', 'debug', 'readq', '0x80094820']
(bootloader) 0x0000000000000000

OKAY [  0.003s]
Finished. Total time: 0.003s
['fastboot', '-s', 'cd0ee037', 'oem', 'debug', 'readq', '0x80094828']
(bootloader) 0x0000000000000000

OKAY [  0.003s]
Finished. Total time: 0.003s
['fastboot', '-s', 'cd0ee037', 'oem', 'debug', 'readq', '0x80094830']
(bootloader) 0x0000000000000000

OKAY [  0.003s]
Finished. Total time: 0.003s
['fastboot', '-s', 'cd0ee037', 'oem', 'debug', 'readq', '0x80094838']
(bootloader) 0x0000000000000000

OKAY [  0.003s]
Finished. Total time: 0.003s
['fastboot', '-s', 'cd0ee037', 'oem', 'debug', 'readq', '0x80094840']
(bootloader) 0x0000000000000000

OKAY [  0.003s]
Finished. Total time: 0.003s
['fastboot', '-s', 'cd0ee037', 'oem', 'debug', 'readq', '0x80094848']
(bootloader) 0x0000000000000000

OKAY [  0.003s]
Finished. Total time: 0.003s
['fastboot', '-s', 'cd0ee037', 'oem', 'debug', 'readq', '0x80094850']
(bootloader) 0x0000000000000000

OKAY [  0.003s]
Finished. Total time: 0.003s
['fastboot', '-s', 'cd0ee037', 'oem', 'debug', 'readq', '0x80094858']
(bootloader) 0x0000000000000000

OKAY [  0.003s]
Finished. Total time: 0.003s
['fastboot', '-s', 'cd0ee037', 'oem', 'debug', 'readq', '0x80094860']
(bootloader) 0x0000000000000000

OKAY [  0.003s]
Finished. Total time: 0.003s
['fastboot', '-s', 'cd0ee037', 'oem', 'debug', 'readq', '0x80094868']
(bootloader) 0x0000000000000000

OKAY [  0.003s]
Finished. Total time: 0.003s
['fastboot', '-s', 'cd0ee037', 'oem', 'debug', 'readq', '0x80094870']
(bootloader) 0x0000000000000000

OKAY [  0.003s]
Finished. Total time: 0.003s
['fastboot', '-s', 'cd0ee037', 'oem', 'debug', 'readq', '0x80094878']
(bootloader) 0x0000000000000000

OKAY [  0.003s]
Finished. Total time: 0.003s
['fastboot', '-s', 'cd0ee037', 'oem', 'debug', 'readq', '0x80094880']
(bootloader) 0x0000000000000000

OKAY [  0.003s]
Finished. Total time: 0.003s
['fastboot', '-s', 'cd0ee037', 'oem', 'debug', 'readq', '0x80094888']
(bootloader) 0x0000000000000000

OKAY [  0.003s]
Finished. Total time: 0.003s
['fastboot', '-s', 'cd0ee037', 'oem', 'debug', 'readq', '0x80094890']
(bootloader) 0x0000000000000000

OKAY [  0.003s]
Finished. Total time: 0.003s
['fastboot', '-s', 'cd0ee037', 'oem', 'debug', 'readq', '0x80094898']
(bootloader) 0x0000000000000000

OKAY [  0.003s]
Finished. Total time: 0.003s
['fastboot', '-s', 'cd0ee037', 'oem', 'debug', 'readq', '0x800948a0']
(bootloader) 0x0000000000000000

OKAY [  0.003s]
Finished. Total time: 0.003s
['fastboot', '-s', 'cd0ee037', 'oem', 'debug', 'readq', '0x800948a8']
(bootloader) 0x0000000000000000

OKAY [  0.003s]
Finished. Total time: 0.003s
['fastboot', '-s', 'cd0ee037', 'oem', 'debug', 'readq', '0x800948b0']
(bootloader) 0x0000000000000000

OKAY [  0.003s]
Finished. Total time: 0.003s
['fastboot', '-s', 'cd0ee037', 'oem', 'debug', 'readq', '0x800948b8']
(bootloader) 0x0000000000000000

OKAY [  0.004s]
Finished. Total time: 0.004s
['fastboot', '-s', 'cd0ee037', 'oem', 'debug', 'readq', '0x800948c0']
(bootloader) 0x0000000000000000

OKAY [  0.003s]
Finished. Total time: 0.003s
['fastboot', '-s', 'cd0ee037', 'oem', 'debug', 'readq', '0x800948c8']
(bootloader) 0x0000000000000000

OKAY [  0.003s]
Finished. Total time: 0.003s
['fastboot', '-s', 'cd0ee037', 'oem', 'debug', 'readq', '0x800948d0']
(bootloader) 0x0000000000000000

OKAY [  0.003s]
Finished. Total time: 0.003s
['fastboot', '-s', 'cd0ee037', 'oem', 'debug', 'readq', '0x800948d8']
(bootloader) 0x0000000000000000

OKAY [  0.004s]
Finished. Total time: 0.004s
['fastboot', '-s', 'cd0ee037', 'oem', 'debug', 'readq', '0x800948e0']
(bootloader) 0x0000000000000000

OKAY [  0.003s]
Finished. Total time: 0.003s
['fastboot', '-s', 'cd0ee037', 'oem', 'debug', 'readq', '0x800948e8']
(bootloader) 0x0000000000000000

OKAY [  0.003s]
Finished. Total time: 0.003s
['fastboot', '-s', 'cd0ee037', 'oem', 'debug', 'readq', '0x800948f0']
(bootloader) 0x0000000000000000

OKAY [  0.003s]
Finished. Total time: 0.003s
['fastboot', '-s', 'cd0ee037', 'oem', 'debug', 'readq', '0x800948f8']
(bootloader) 0x0000000000000000

OKAY [  0.003s]
Finished. Total time: 0.003s
['fastboot', '-s', 'cd0ee037', 'oem', 'debug', 'readq', '0x80094900']
(bootloader) 0x0000000000000000

OKAY [  0.003s]
Finished. Total time: 0.003s
['fastboot', '-s', 'cd0ee037', 'oem', 'debug', 'readq', '0x80094908']
(bootloader) 0x0000000000000000

OKAY [  0.003s]
Finished. Total time: 0.003s
['fastboot', '-s', 'cd0ee037', 'oem', 'debug', 'readq', '0x80094910']
(bootloader) 0x0000000000000000

OKAY [  0.003s]
Finished. Total time: 0.003s
['fastboot', '-s', 'cd0ee037', 'oem', 'debug', 'readq', '0x80094918']
(bootloader) 0x0000000000000000

OKAY [  0.003s]
Finished. Total time: 0.003s
['fastboot', '-s', 'cd0ee037', 'oem', 'debug', 'readq', '0x80094920']
(bootloader) 0x0000000000000000

OKAY [  0.003s]
Finished. Total time: 0.003s
['fastboot', '-s', 'cd0ee037', 'oem', 'debug', 'readq', '0x80094928']
(bootloader) 0x0000000000000000

OKAY [  0.004s]
Finished. Total time: 0.004s
['fastboot', '-s', 'cd0ee037', 'oem', 'debug', 'readq', '0x80094930']
(bootloader) 0x0000000000000000

OKAY [  0.003s]
Finished. Total time: 0.003s
['fastboot', '-s', 'cd0ee037', 'oem', 'debug', 'readq', '0x80094938']
(bootloader) 0x0000000000000000

OKAY [  0.003s]
Finished. Total time: 0.003s
['fastboot', '-s', 'cd0ee037', 'oem', 'debug', 'readq', '0x80094940']
(bootloader) 0x0000000000000000

OKAY [  0.003s]
Finished. Total time: 0.003s
['fastboot', '-s', 'cd0ee037', 'oem', 'debug', 'readq', '0x80094948']
(bootloader) 0x0000000000000000

OKAY [  0.003s]
Finished. Total time: 0.003s
['fastboot', '-s', 'cd0ee037', 'oem', 'debug', 'readq', '0x80094950']
(bootloader) 0x0000000000000000

OKAY [  0.003s]
Finished. Total time: 0.003s
['fastboot', '-s', 'cd0ee037', 'oem', 'debug', 'readq', '0x80094958']
(bootloader) 0x0000000000000000

OKAY [  0.003s]
Finished. Total time: 0.003s
['fastboot', '-s', 'cd0ee037', 'oem', 'debug', 'readq', '0x80094960']
(bootloader) 0x0000000000000000

OKAY [  0.003s]
Finished. Total time: 0.003s
['fastboot', '-s', 'cd0ee037', 'oem', 'debug', 'readq', '0x80094968']
(bootloader) 0x0000000000000000

OKAY [  0.003s]
Finished. Total time: 0.003s
['fastboot', '-s', 'cd0ee037', 'oem', 'debug', 'readq', '0x80094970']
(bootloader) 0x0000000000000000

OKAY [  0.004s]
Finished. Total time: 0.004s
['fastboot', '-s', 'cd0ee037', 'oem', 'debug', 'readq', '0x80094978']
(bootloader) 0x0000000000000000

OKAY [  0.003s]
Finished. Total time: 0.003s
['fastboot', '-s', 'cd0ee037', 'oem', 'debug', 'readq', '0x80094980']
(bootloader) 0x0000000000000000

OKAY [  0.004s]
Finished. Total time: 0.004s
['fastboot', '-s', 'cd0ee037', 'oem', 'debug', 'readq', '0x80094988']
(bootloader) 0x0000000000000000

OKAY [  0.003s]
Finished. Total time: 0.003s
['fastboot', '-s', 'cd0ee037', 'oem', 'debug', 'readq', '0x80094990']
(bootloader) 0x0000000000000000

OKAY [  0.003s]
Finished. Total time: 0.003s
['fastboot', '-s', 'cd0ee037', 'oem', 'debug', 'readq', '0x80094998']
(bootloader) 0x0000000000000000

OKAY [  0.003s]
Finished. Total time: 0.003s
['fastboot', '-s', 'cd0ee037', 'oem', 'debug', 'readq', '0x800949a0']
(bootloader) 0x0000000000000000

OKAY [  0.003s]
Finished. Total time: 0.003s
['fastboot', '-s', 'cd0ee037', 'oem', 'debug', 'readq', '0x800949a8']
(bootloader) 0x0000000000000000

OKAY [  0.003s]
Finished. Total time: 0.003s
['fastboot', '-s', 'cd0ee037', 'oem', 'debug', 'readq', '0x800949b0']
(bootloader) 0x0000000000000000

OKAY [  0.003s]
Finished. Total time: 0.003s
['fastboot', '-s', 'cd0ee037', 'oem', 'debug', 'readq', '0x800949b8']
(bootloader) 0x0000000000000000

OKAY [  0.003s]
Finished. Total time: 0.003s
['fastboot', '-s', 'cd0ee037', 'oem', 'debug', 'readq', '0x800949c0']
(bootloader) 0x0000000000000000

OKAY [  0.003s]
Finished. Total time: 0.003s
['fastboot', '-s', 'cd0ee037', 'oem', 'debug', 'readq', '0x800949c8']
(bootloader) 0x0000000000000000

OKAY [  0.003s]
Finished. Total time: 0.003s
['fastboot', '-s', 'cd0ee037', 'oem', 'debug', 'readq', '0x800949d0']
(bootloader) 0x0000000000000000

OKAY [  0.003s]
Finished. Total time: 0.003s
['fastboot', '-s', 'cd0ee037', 'oem', 'debug', 'readq', '0x800949d8']
(bootloader) 0x0000000000000000

OKAY [  0.003s]
Finished. Total time: 0.003s
['fastboot', '-s', 'cd0ee037', 'oem', 'debug', 'readq', '0x800949e0']
(bootloader) 0x0000000000000000

OKAY [  0.003s]
Finished. Total time: 0.003s
['fastboot', '-s', 'cd0ee037', 'oem', 'debug', 'readq', '0x800949e8']
(bootloader) 0x0000000000000000

OKAY [  0.003s]
Finished. Total time: 0.003s
['fastboot', '-s', 'cd0ee037', 'oem', 'debug', 'readq', '0x800949f0']
(bootloader) 0x0000000000000000

OKAY [  0.003s]
Finished. Total time: 0.003s
['fastboot', '-s', 'cd0ee037', 'oem', 'debug', 'readq', '0x800949f8']
(bootloader) 0x0000000000000000

OKAY [  0.003s]
Finished. Total time: 0.003s
['fastboot', '-s', 'cd0ee037', 'oem', 'debug', 'readq', '0x80094a00']
(bootloader) 0x0000000000000000

OKAY [  0.003s]
Finished. Total time: 0.003s
['fastboot', '-s', 'cd0ee037', 'oem', 'debug', 'readq', '0x80094a08']
(bootloader) 0x0000000000000000

OKAY [  0.003s]
Finished. Total time: 0.003s
['fastboot', '-s', 'cd0ee037', 'oem', 'debug', 'readq', '0x80094a10']
(bootloader) 0x0000000000000000

OKAY [  0.003s]
Finished. Total time: 0.003s
['fastboot', '-s', 'cd0ee037', 'oem', 'debug', 'readq', '0x80094a18']
(bootloader) 0x0000000000000000

OKAY [  0.003s]
Finished. Total time: 0.003s
['fastboot', '-s', 'cd0ee037', 'oem', 'debug', 'readq', '0x80094a20']
(bootloader) 0x0000000000000000

OKAY [  0.003s]
Finished. Total time: 0.003s
['fastboot', '-s', 'cd0ee037', 'oem', 'debug', 'readq', '0x80094a28']
(bootloader) 0x0000000000000000

OKAY [  0.003s]
Finished. Total time: 0.003s
['fastboot', '-s', 'cd0ee037', 'oem', 'debug', 'readq', '0x80094a30']
(bootloader) 0x0000000000000000

OKAY [  0.003s]
Finished. Total time: 0.003s
['fastboot', '-s', 'cd0ee037', 'oem', 'debug', 'readq', '0x80094a38']
(bootloader) 0x0000000000000000

OKAY [  0.003s]
Finished. Total time: 0.003s
['fastboot', '-s', 'cd0ee037', 'oem', 'debug', 'readq', '0x80094a40']
(bootloader) 0x0000000000000000

OKAY [  0.003s]
Finished. Total time: 0.003s
['fastboot', '-s', 'cd0ee037', 'oem', 'debug', 'readq', '0x80094a48']
(bootloader) 0x0000000000000000

OKAY [  0.003s]
Finished. Total time: 0.003s
['fastboot', '-s', 'cd0ee037', 'oem', 'debug', 'readq', '0x80094a50']
(bootloader) 0x0000000000000000

OKAY [  0.003s]
Finished. Total time: 0.003s
['fastboot', '-s', 'cd0ee037', 'oem', 'debug', 'readq', '0x80094a58']
(bootloader) 0x0000000000000000

OKAY [  0.003s]
Finished. Total time: 0.003s
['fastboot', '-s', 'cd0ee037', 'oem', 'debug', 'readq', '0x80094a60']
(bootloader) 0x0000000000000000

OKAY [  0.003s]
Finished. Total time: 0.003s
['fastboot', '-s', 'cd0ee037', 'oem', 'debug', 'readq', '0x80094a68']
(bootloader) 0x0000000000000000

OKAY [  0.003s]
Finished. Total time: 0.003s
['fastboot', '-s', 'cd0ee037', 'oem', 'debug', 'readq', '0x80094a70']
(bootloader) 0x0000000000000000

OKAY [  0.003s]
Finished. Total time: 0.003s
['fastboot', '-s', 'cd0ee037', 'oem', 'debug', 'readq', '0x80094a78']
(bootloader) 0x0000000000000000

OKAY [  0.003s]
Finished. Total time: 0.003s
['fastboot', '-s', 'cd0ee037', 'oem', 'debug', 'readq', '0x80094a80']
(bootloader) 0x0000000000000000

OKAY [  0.003s]
Finished. Total time: 0.003s
['fastboot', '-s', 'cd0ee037', 'oem', 'debug', 'readq', '0x80094a88']
(bootloader) 0x0000000000000000

OKAY [  0.003s]
Finished. Total time: 0.003s
['fastboot', '-s', 'cd0ee037', 'oem', 'debug', 'readq', '0x80094a90']
(bootloader) 0x0000000000000000

OKAY [  0.003s]
Finished. Total time: 0.003s
['fastboot', '-s', 'cd0ee037', 'oem', 'debug', 'readq', '0x80094a98']
(bootloader) 0x0000000000000000

OKAY [  0.003s]
Finished. Total time: 0.003s
['fastboot', '-s', 'cd0ee037', 'oem', 'debug', 'readq', '0x80094aa0']
(bootloader) 0x0000000000000000

OKAY [  0.003s]
Finished. Total time: 0.003s
['fastboot', '-s', 'cd0ee037', 'oem', 'debug', 'readq', '0x80094aa8']
(bootloader) 0x0000000000000000

OKAY [  0.003s]
Finished. Total time: 0.003s
['fastboot', '-s', 'cd0ee037', 'oem', 'debug', 'readq', '0x80094ab0']
(bootloader) 0x0000000000000000

OKAY [  0.003s]
Finished. Total time: 0.003s
['fastboot', '-s', 'cd0ee037', 'oem', 'debug', 'readq', '0x80094ab8']
(bootloader) 0x0000000000000000

OKAY [  0.003s]
Finished. Total time: 0.003s
['fastboot', '-s', 'cd0ee037', 'oem', 'debug', 'readq', '0x80094ac0']
(bootloader) 0x0000000000000000

OKAY [  0.003s]
Finished. Total time: 0.003s
['fastboot', '-s', 'cd0ee037', 'oem', 'debug', 'readq', '0x80094ac8']
(bootloader) 0x0000000000000000

OKAY [  0.003s]
Finished. Total time: 0.003s
['fastboot', '-s', 'cd0ee037', 'oem', 'debug', 'readq', '0x80094ad0']
(bootloader) 0x0000000000000000

OKAY [  0.003s]
Finished. Total time: 0.003s
['fastboot', '-s', 'cd0ee037', 'oem', 'debug', 'readq', '0x80094ad8']
(bootloader) 0x0000000000000000

OKAY [  0.003s]
Finished. Total time: 0.003s
['fastboot', '-s', 'cd0ee037', 'oem', 'debug', 'readq', '0x80094ae0']
(bootloader) 0x0000000000000000

OKAY [  0.003s]
Finished. Total time: 0.003s
['fastboot', '-s', 'cd0ee037', 'oem', 'debug', 'readq', '0x80094ae8']
(bootloader) 0x0000000000000000

OKAY [  0.003s]
Finished. Total time: 0.003s
['fastboot', '-s', 'cd0ee037', 'oem', 'debug', 'readq', '0x80094af0']
(bootloader) 0x0000000000000000

OKAY [  0.003s]
Finished. Total time: 0.003s
['fastboot', '-s', 'cd0ee037', 'oem', 'debug', 'readq', '0x80094af8']
(bootloader) 0x0000000000000000

OKAY [  0.003s]
Finished. Total time: 0.003s
['fastboot', '-s', 'cd0ee037', 'oem', 'debug', 'readq', '0x80094b00']
(bootloader) 0x0000000000000000

OKAY [  0.003s]
Finished. Total time: 0.003s
['fastboot', '-s', 'cd0ee037', 'oem', 'debug', 'readq', '0x80094b08']
(bootloader) 0x0000000000000000

OKAY [  0.003s]
Finished. Total time: 0.003s
['fastboot', '-s', 'cd0ee037', 'oem', 'debug', 'readq', '0x80094b10']
(bootloader) 0x0000000000000000

OKAY [  0.003s]
Finished. Total time: 0.003s
['fastboot', '-s', 'cd0ee037', 'oem', 'debug', 'readq', '0x80094b18']
(bootloader) 0x0000000000000000

OKAY [  0.003s]
Finished. Total time: 0.003s
['fastboot', '-s', 'cd0ee037', 'oem', 'debug', 'readq', '0x80094b20']
(bootloader) 0x0000000000000000

OKAY [  0.003s]
Finished. Total time: 0.003s
['fastboot', '-s', 'cd0ee037', 'oem', 'debug', 'readq', '0x80094b28']
(bootloader) 0x0000000000000000

OKAY [  0.003s]
Finished. Total time: 0.003s
['fastboot', '-s', 'cd0ee037', 'oem', 'debug', 'readq', '0x80094b30']
(bootloader) 0x0000000000000000

OKAY [  0.003s]
Finished. Total time: 0.003s
['fastboot', '-s', 'cd0ee037', 'oem', 'debug', 'readq', '0x80094b38']
(bootloader) 0x0000000000000000

OKAY [  0.003s]
Finished. Total time: 0.003s
['fastboot', '-s', 'cd0ee037', 'oem', 'debug', 'readq', '0x80094b40']
(bootloader) 0x0000000000000000

OKAY [  0.003s]
Finished. Total time: 0.003s
['fastboot', '-s', 'cd0ee037', 'oem', 'debug', 'readq', '0x80094b48']
(bootloader) 0x0000000000000000

OKAY [  0.003s]
Finished. Total time: 0.003s
['fastboot', '-s', 'cd0ee037', 'oem', 'debug', 'readq', '0x80094b50']
(bootloader) 0x0000000000000000

OKAY [  0.003s]
Finished. Total time: 0.004s
['fastboot', '-s', 'cd0ee037', 'oem', 'debug', 'readq', '0x80094b58']
(bootloader) 0x0000000000000000

OKAY [  0.003s]
Finished. Total time: 0.003s
['fastboot', '-s', 'cd0ee037', 'oem', 'debug', 'readq', '0x80094b60']
(bootloader) 0x0000000000000000

OKAY [  0.003s]
Finished. Total time: 0.003s
['fastboot', '-s', 'cd0ee037', 'oem', 'debug', 'readq', '0x80094b68']
(bootloader) 0x0000000000000000

OKAY [  0.003s]
Finished. Total time: 0.003s
['fastboot', '-s', 'cd0ee037', 'oem', 'debug', 'readq', '0x80094b70']
(bootloader) 0x0000000000000000

OKAY [  0.003s]
Finished. Total time: 0.003s
['fastboot', '-s', 'cd0ee037', 'oem', 'debug', 'readq', '0x80094b78']
(bootloader) 0x0000000000000000

OKAY [  0.003s]
Finished. Total time: 0.003s
['fastboot', '-s', 'cd0ee037', 'oem', 'debug', 'readq', '0x80094b80']
(bootloader) 0x0000000000000000

OKAY [  0.003s]
Finished. Total time: 0.003s
['fastboot', '-s', 'cd0ee037', 'oem', 'debug', 'readq', '0x80094b88']
(bootloader) 0x0000000000000000

OKAY [  0.003s]
Finished. Total time: 0.003s
['fastboot', '-s', 'cd0ee037', 'oem', 'debug', 'readq', '0x80094b90']
(bootloader) 0x0000000000000000

OKAY [  0.003s]
Finished. Total time: 0.003s
['fastboot', '-s', 'cd0ee037', 'oem', 'debug', 'readq', '0x80094b98']
(bootloader) 0x0000000000000000

OKAY [  0.003s]
Finished. Total time: 0.003s
['fastboot', '-s', 'cd0ee037', 'oem', 'debug', 'readq', '0x80094ba0']
(bootloader) 0x0000000000000000

OKAY [  0.003s]
Finished. Total time: 0.003s
['fastboot', '-s', 'cd0ee037', 'oem', 'debug', 'readq', '0x80094ba8']
(bootloader) 0x0000000000000000

OKAY [  0.003s]
Finished. Total time: 0.003s
['fastboot', '-s', 'cd0ee037', 'oem', 'debug', 'readq', '0x80094bb0']
(bootloader) 0x0000000000000000

OKAY [  0.003s]
Finished. Total time: 0.003s
['fastboot', '-s', 'cd0ee037', 'oem', 'debug', 'readq', '0x80094bb8']
(bootloader) 0x0000000000000000

OKAY [  0.003s]
Finished. Total time: 0.003s
['fastboot', '-s', 'cd0ee037', 'oem', 'debug', 'readq', '0x80094bc0']
(bootloader) 0x0000000000000000

OKAY [  0.003s]
Finished. Total time: 0.003s
['fastboot', '-s', 'cd0ee037', 'oem', 'debug', 'readq', '0x80094bc8']
(bootloader) 0x0000000000000000

OKAY [  0.003s]
Finished. Total time: 0.003s
['fastboot', '-s', 'cd0ee037', 'oem', 'debug', 'readq', '0x80094bd0']
(bootloader) 0x0000000000000000

OKAY [  0.003s]
Finished. Total time: 0.003s
['fastboot', '-s', 'cd0ee037', 'oem', 'debug', 'readq', '0x80094bd8']
(bootloader) 0x0000000000000000

OKAY [  0.003s]
Finished. Total time: 0.003s
['fastboot', '-s', 'cd0ee037', 'oem', 'debug', 'readq', '0x80094be0']
(bootloader) 0x0000000000000000

OKAY [  0.003s]
Finished. Total time: 0.003s
['fastboot', '-s', 'cd0ee037', 'oem', 'debug', 'readq', '0x80094be8']
(bootloader) 0x0000000000000000

OKAY [  0.003s]
Finished. Total time: 0.003s
['fastboot', '-s', 'cd0ee037', 'oem', 'debug', 'readq', '0x80094bf0']
(bootloader) 0x0000000000000000

OKAY [  0.003s]
Finished. Total time: 0.003s
['fastboot', '-s', 'cd0ee037', 'oem', 'debug', 'readq', '0x80094bf8']
(bootloader) 0x0000000000000000

OKAY [  0.003s]
Finished. Total time: 0.003s
['fastboot', '-s', 'cd0ee037', 'oem', 'debug', 'readq', '0x80094c00']
(bootloader) 0x0000000000000000

OKAY [  0.003s]
Finished. Total time: 0.003s
['fastboot', '-s', 'cd0ee037', 'oem', 'debug', 'readq', '0x80094c08']
(bootloader) 0x0000000000000000

OKAY [  0.003s]
Finished. Total time: 0.003s
['fastboot', '-s', 'cd0ee037', 'oem', 'debug', 'readq', '0x80094c10']
(bootloader) 0x0000000000000000

OKAY [  0.003s]
Finished. Total time: 0.004s
['fastboot', '-s', 'cd0ee037', 'oem', 'debug', 'readq', '0x80094c18']
(bootloader) 0x0000000000000000

OKAY [  0.003s]
Finished. Total time: 0.003s
['fastboot', '-s', 'cd0ee037', 'oem', 'debug', 'readq', '0x80094c20']
(bootloader) 0x0000000000000000

OKAY [  0.003s]
Finished. Total time: 0.003s
['fastboot', '-s', 'cd0ee037', 'oem', 'debug', 'readq', '0x80094c28']
(bootloader) 0x0000000000000000

OKAY [  0.003s]
Finished. Total time: 0.003s
['fastboot', '-s', 'cd0ee037', 'oem', 'debug', 'readq', '0x80094c30']
(bootloader) 0x0000000000000000

OKAY [  0.003s]
Finished. Total time: 0.003s
['fastboot', '-s', 'cd0ee037', 'oem', 'debug', 'readq', '0x80094c38']
(bootloader) 0x0000000000000000

OKAY [  0.003s]
Finished. Total time: 0.003s
['fastboot', '-s', 'cd0ee037', 'oem', 'debug', 'readq', '0x80094c40']
(bootloader) 0x0000000000000000

OKAY [  0.003s]
Finished. Total time: 0.003s
['fastboot', '-s', 'cd0ee037', 'oem', 'debug', 'readq', '0x80094c48']
(bootloader) 0x0000000000000000

OKAY [  0.003s]
Finished. Total time: 0.003s
['fastboot', '-s', 'cd0ee037', 'oem', 'debug', 'readq', '0x80094c50']
(bootloader) 0x0000000000000000

OKAY [  0.003s]
Finished. Total time: 0.003s
['fastboot', '-s', 'cd0ee037', 'oem', 'debug', 'readq', '0x80094c58']
(bootloader) 0x0000000000000000

OKAY [  0.003s]
Finished. Total time: 0.003s
['fastboot', '-s', 'cd0ee037', 'oem', 'debug', 'readq', '0x80094c60']
(bootloader) 0x0000000000000000

OKAY [  0.003s]
Finished. Total time: 0.003s
['fastboot', '-s', 'cd0ee037', 'oem', 'debug', 'readq', '0x80094c68']
(bootloader) 0x0000000000000000

OKAY [  0.004s]
Finished. Total time: 0.004s
['fastboot', '-s', 'cd0ee037', 'oem', 'debug', 'readq', '0x80094c70']
(bootloader) 0x0000000000000000

OKAY [  0.003s]
Finished. Total time: 0.003s
['fastboot', '-s', 'cd0ee037', 'oem', 'debug', 'readq', '0x80094c78']
(bootloader) 0x0000000000000000

OKAY [  0.004s]
Finished. Total time: 0.004s
['fastboot', '-s', 'cd0ee037', 'oem', 'debug', 'readq', '0x80094c80']
(bootloader) 0x0000000000000000

OKAY [  0.003s]
Finished. Total time: 0.004s
['fastboot', '-s', 'cd0ee037', 'oem', 'debug', 'readq', '0x80094c88']
(bootloader) 0x0000000000000000

OKAY [  0.003s]
Finished. Total time: 0.003s
['fastboot', '-s', 'cd0ee037', 'oem', 'debug', 'readq', '0x80094c90']
(bootloader) 0x0000000000000000

OKAY [  0.004s]
Finished. Total time: 0.004s
['fastboot', '-s', 'cd0ee037', 'oem', 'debug', 'readq', '0x80094c98']
(bootloader) 0x0000000000000000

OKAY [  0.003s]
Finished. Total time: 0.003s
['fastboot', '-s', 'cd0ee037', 'oem', 'debug', 'readq', '0x80094ca0']
(bootloader) 0x0000000000000000

OKAY [  0.003s]
Finished. Total time: 0.003s
['fastboot', '-s', 'cd0ee037', 'oem', 'debug', 'readq', '0x80094ca8']
(bootloader) 0x0000000000000000

OKAY [  0.003s]
Finished. Total time: 0.003s
['fastboot', '-s', 'cd0ee037', 'oem', 'debug', 'readq', '0x80094cb0']
(bootloader) 0x0000000000000000

OKAY [  0.003s]
Finished. Total time: 0.003s
['fastboot', '-s', 'cd0ee037', 'oem', 'debug', 'readq', '0x80094cb8']
(bootloader) 0x0000000000000000

OKAY [  0.003s]
Finished. Total time: 0.003s
['fastboot', '-s', 'cd0ee037', 'oem', 'debug', 'readq', '0x80094cc0']
(bootloader) 0x0000000000000000

OKAY [  0.003s]
Finished. Total time: 0.003s
['fastboot', '-s', 'cd0ee037', 'oem', 'debug', 'readq', '0x80094cc8']
(bootloader) 0x0000000000000000

OKAY [  0.003s]
Finished. Total time: 0.003s
['fastboot', '-s', 'cd0ee037', 'oem', 'debug', 'readq', '0x80094cd0']
(bootloader) 0x0000000000000000

OKAY [  0.003s]
Finished. Total time: 0.003s
['fastboot', '-s', 'cd0ee037', 'oem', 'debug', 'readq', '0x80094cd8']
(bootloader) 0x0000000000000000

OKAY [  0.003s]
Finished. Total time: 0.003s
['fastboot', '-s', 'cd0ee037', 'oem', 'debug', 'readq', '0x80094ce0']
(bootloader) 0x0000000000000000

OKAY [  0.003s]
Finished. Total time: 0.004s
['fastboot', '-s', 'cd0ee037', 'oem', 'debug', 'readq', '0x80094ce8']
(bootloader) 0x0000000000000000

OKAY [  0.003s]
Finished. Total time: 0.003s
['fastboot', '-s', 'cd0ee037', 'oem', 'debug', 'readq', '0x80094cf0']
(bootloader) 0x0000000000000000

OKAY [  0.003s]
Finished. Total time: 0.003s
['fastboot', '-s', 'cd0ee037', 'oem', 'debug', 'readq', '0x80094cf8']
(bootloader) 0x0000000000000000

OKAY [  0.003s]
Finished. Total time: 0.003s
['fastboot', '-s', 'cd0ee037', 'oem', 'debug', 'readq', '0x80094d00']
(bootloader) 0x0000000000000000

OKAY [  0.003s]
Finished. Total time: 0.003s
['fastboot', '-s', 'cd0ee037', 'oem', 'debug', 'readq', '0x80094d08']
(bootloader) 0x0000000000000000

OKAY [  0.003s]
Finished. Total time: 0.003s
['fastboot', '-s', 'cd0ee037', 'oem', 'debug', 'readq', '0x80094d10']
(bootloader) 0x0000000000000000

OKAY [  0.003s]
Finished. Total time: 0.003s
['fastboot', '-s', 'cd0ee037', 'oem', 'debug', 'readq', '0x80094d18']
(bootloader) 0x0000000000000000

OKAY [  0.003s]
Finished. Total time: 0.003s
['fastboot', '-s', 'cd0ee037', 'oem', 'debug', 'readq', '0x80094d20']
(bootloader) 0x0000000000000000

OKAY [  0.004s]
Finished. Total time: 0.004s
['fastboot', '-s', 'cd0ee037', 'oem', 'debug', 'readq', '0x80094d28']
(bootloader) 0x0000000000000000

OKAY [  0.003s]
Finished. Total time: 0.003s
['fastboot', '-s', 'cd0ee037', 'oem', 'debug', 'readq', '0x80094d30']
(bootloader) 0x0000000000000000

OKAY [  0.003s]
Finished. Total time: 0.003s
['fastboot', '-s', 'cd0ee037', 'oem', 'debug', 'readq', '0x80094d38']
(bootloader) 0x0000000000000000

OKAY [  0.004s]
Finished. Total time: 0.004s
['fastboot', '-s', 'cd0ee037', 'oem', 'debug', 'readq', '0x80094d40']
(bootloader) 0x0000000000000000

OKAY [  0.003s]
Finished. Total time: 0.003s
['fastboot', '-s', 'cd0ee037', 'oem', 'debug', 'readq', '0x80094d48']
(bootloader) 0x0000000000000000

OKAY [  0.003s]
Finished. Total time: 0.003s
['fastboot', '-s', 'cd0ee037', 'oem', 'debug', 'readq', '0x80094d50']
(bootloader) 0x0000000000000000

OKAY [  0.003s]
Finished. Total time: 0.003s
['fastboot', '-s', 'cd0ee037', 'oem', 'debug', 'readq', '0x80094d58']
(bootloader) 0x0000000000000000

OKAY [  0.003s]
Finished. Total time: 0.003s
['fastboot', '-s', 'cd0ee037', 'oem', 'debug', 'readq', '0x80094d60']
(bootloader) 0x0000000000000000

OKAY [  0.003s]
Finished. Total time: 0.003s
['fastboot', '-s', 'cd0ee037', 'oem', 'debug', 'readq', '0x80094d68']
(bootloader) 0x0000000000000000

OKAY [  0.003s]
Finished. Total time: 0.003s
['fastboot', '-s', 'cd0ee037', 'oem', 'debug', 'readq', '0x80094d70']
(bootloader) 0x0000000000000000

OKAY [  0.003s]
Finished. Total time: 0.003s
['fastboot', '-s', 'cd0ee037', 'oem', 'debug', 'readq', '0x80094d78']
(bootloader) 0x0000000000000000

OKAY [  0.003s]
Finished. Total time: 0.003s
['fastboot', '-s', 'cd0ee037', 'oem', 'debug', 'readq', '0x80094d80']
(bootloader) 0x0000000000000000

OKAY [  0.003s]
Finished. Total time: 0.003s
['fastboot', '-s', 'cd0ee037', 'oem', 'debug', 'readq', '0x80094d88']
(bootloader) 0x0000000000000000

OKAY [  0.003s]
Finished. Total time: 0.003s
['fastboot', '-s', 'cd0ee037', 'oem', 'debug', 'readq', '0x80094d90']
(bootloader) 0x0000000000000000

OKAY [  0.003s]
Finished. Total time: 0.003s
['fastboot', '-s', 'cd0ee037', 'oem', 'debug', 'readq', '0x80094d98']
(bootloader) 0x0000000000000000

OKAY [  0.003s]
Finished. Total time: 0.003s
['fastboot', '-s', 'cd0ee037', 'oem', 'debug', 'readq', '0x80094da0']
(bootloader) 0x0000000000000000

OKAY [  0.003s]
Finished. Total time: 0.003s
['fastboot', '-s', 'cd0ee037', 'oem', 'debug', 'readq', '0x80094da8']
(bootloader) 0x0000000000000000

OKAY [  0.003s]
Finished. Total time: 0.003s
['fastboot', '-s', 'cd0ee037', 'oem', 'debug', 'readq', '0x80094db0']
(bootloader) 0x0000000000000000

OKAY [  0.003s]
Finished. Total time: 0.003s
['fastboot', '-s', 'cd0ee037', 'oem', 'debug', 'readq', '0x80094db8']
(bootloader) 0x0000000000000000

OKAY [  0.004s]
Finished. Total time: 0.004s
['fastboot', '-s', 'cd0ee037', 'oem', 'debug', 'readq', '0x80094dc0']
(bootloader) 0x0000000000000000

OKAY [  0.003s]
Finished. Total time: 0.003s
['fastboot', '-s', 'cd0ee037', 'oem', 'debug', 'readq', '0x80094dc8']
(bootloader) 0x0000000000000000

OKAY [  0.003s]
Finished. Total time: 0.003s
['fastboot', '-s', 'cd0ee037', 'oem', 'debug', 'readq', '0x80094dd0']
(bootloader) 0x0000000000000000

OKAY [  0.003s]
Finished. Total time: 0.003s
['fastboot', '-s', 'cd0ee037', 'oem', 'debug', 'readq', '0x80094dd8']
(bootloader) 0x0000000000000000

OKAY [  0.003s]
Finished. Total time: 0.003s
['fastboot', '-s', 'cd0ee037', 'oem', 'debug', 'readq', '0x80094de0']
(bootloader) 0x0000000000000000

OKAY [  0.003s]
Finished. Total time: 0.003s
['fastboot', '-s', 'cd0ee037', 'oem', 'debug', 'readq', '0x80094de8']
(bootloader) 0x0000000000000000

OKAY [  0.003s]
Finished. Total time: 0.003s
['fastboot', '-s', 'cd0ee037', 'oem', 'debug', 'readq', '0x80094df0']
(bootloader) 0x0000000000000000

OKAY [  0.003s]
Finished. Total time: 0.003s
['fastboot', '-s', 'cd0ee037', 'oem', 'debug', 'readq', '0x80094df8']
(bootloader) 0x0000000000000000

OKAY [  0.003s]
Finished. Total time: 0.003s
['fastboot', '-s', 'cd0ee037', 'oem', 'debug', 'readq', '0x80094e00']
(bootloader) 0x0000000000000000

OKAY [  0.003s]
Finished. Total time: 0.003s
['fastboot', '-s', 'cd0ee037', 'oem', 'debug', 'readq', '0x80094e08']
(bootloader) 0x0000000000000000

OKAY [  0.003s]
Finished. Total time: 0.003s
['fastboot', '-s', 'cd0ee037', 'oem', 'debug', 'readq', '0x80094e10']
(bootloader) 0x0000000000000000

OKAY [  0.003s]
Finished. Total time: 0.003s
['fastboot', '-s', 'cd0ee037', 'oem', 'debug', 'readq', '0x80094e18']
(bootloader) 0x0000000000000000

OKAY [  0.003s]
Finished. Total time: 0.003s
['fastboot', '-s', 'cd0ee037', 'oem', 'debug', 'readq', '0x80094e20']
(bootloader) 0x0000000000000000

OKAY [  0.003s]
Finished. Total time: 0.003s
['fastboot', '-s', 'cd0ee037', 'oem', 'debug', 'readq', '0x80094e28']
(bootloader) 0x0000000000000000

OKAY [  0.003s]
Finished. Total time: 0.003s
['fastboot', '-s', 'cd0ee037', 'oem', 'debug', 'readq', '0x80094e30']
(bootloader) 0x0000000000000000

OKAY [  0.003s]
Finished. Total time: 0.003s
['fastboot', '-s', 'cd0ee037', 'oem', 'debug', 'readq', '0x80094e38']
(bootloader) 0x0000000000000000

OKAY [  0.003s]
Finished. Total time: 0.003s
['fastboot', '-s', 'cd0ee037', 'oem', 'debug', 'readq', '0x80094e40']
(bootloader) 0x0000000000000000

OKAY [  0.003s]
Finished. Total time: 0.003s
['fastboot', '-s', 'cd0ee037', 'oem', 'debug', 'readq', '0x80094e48']
(bootloader) 0x0000000000000000

OKAY [  0.003s]
Finished. Total time: 0.003s
['fastboot', '-s', 'cd0ee037', 'oem', 'debug', 'readq', '0x80094e50']
(bootloader) 0x0000000000000000

OKAY [  0.003s]
Finished. Total time: 0.003s
['fastboot', '-s', 'cd0ee037', 'oem', 'debug', 'readq', '0x80094e58']
(bootloader) 0x0000000000000000

OKAY [  0.003s]
Finished. Total time: 0.003s
['fastboot', '-s', 'cd0ee037', 'oem', 'debug', 'readq', '0x80094e60']
(bootloader) 0x0000000000000000

OKAY [  0.003s]
Finished. Total time: 0.003s
['fastboot', '-s', 'cd0ee037', 'oem', 'debug', 'readq', '0x80094e68']
(bootloader) 0x0000000000000000

OKAY [  0.003s]
Finished. Total time: 0.003s
['fastboot', '-s', 'cd0ee037', 'oem', 'debug', 'readq', '0x80094e70']
(bootloader) 0x0000000000000000

OKAY [  0.003s]
Finished. Total time: 0.003s
['fastboot', '-s', 'cd0ee037', 'oem', 'debug', 'readq', '0x80094e78']
(bootloader) 0x0000000000000000

OKAY [  0.003s]
Finished. Total time: 0.003s
['fastboot', '-s', 'cd0ee037', 'oem', 'debug', 'readq', '0x80094e80']
(bootloader) 0x0000000000000000

OKAY [  0.003s]
Finished. Total time: 0.003s
['fastboot', '-s', 'cd0ee037', 'oem', 'debug', 'readq', '0x80094e88']
(bootloader) 0x0000000000000000

OKAY [  0.003s]
Finished. Total time: 0.003s
['fastboot', '-s', 'cd0ee037', 'oem', 'debug', 'readq', '0x80094e90']
(bootloader) 0x0000000000000000

OKAY [  0.003s]
Finished. Total time: 0.003s
['fastboot', '-s', 'cd0ee037', 'oem', 'debug', 'readq', '0x80094e98']
(bootloader) 0x0000000000000000

OKAY [  0.003s]
Finished. Total time: 0.003s
['fastboot', '-s', 'cd0ee037', 'oem', 'debug', 'readq', '0x80094ea0']
(bootloader) 0x0000000000000000

OKAY [  0.003s]
Finished. Total time: 0.003s
['fastboot', '-s', 'cd0ee037', 'oem', 'debug', 'readq', '0x80094ea8']
(bootloader) 0x0000000000000000

OKAY [  0.003s]
Finished. Total time: 0.003s
['fastboot', '-s', 'cd0ee037', 'oem', 'debug', 'readq', '0x80094eb0']
(bootloader) 0x0000000000000000

OKAY [  0.003s]
Finished. Total time: 0.003s
['fastboot', '-s', 'cd0ee037', 'oem', 'debug', 'readq', '0x80094eb8']
(bootloader) 0x0000000000000000

OKAY [  0.003s]
Finished. Total time: 0.003s
['fastboot', '-s', 'cd0ee037', 'oem', 'debug', 'readq', '0x80094ec0']
(bootloader) 0x0000000000000000

OKAY [  0.003s]
Finished. Total time: 0.003s
['fastboot', '-s', 'cd0ee037', 'oem', 'debug', 'readq', '0x80094ec8']
(bootloader) 0x0000000000000000

OKAY [  0.003s]
Finished. Total time: 0.003s
['fastboot', '-s', 'cd0ee037', 'oem', 'debug', 'readq', '0x80094ed0']
(bootloader) 0x0000000000000000

OKAY [  0.003s]
Finished. Total time: 0.003s
['fastboot', '-s', 'cd0ee037', 'oem', 'debug', 'readq', '0x80094ed8']
(bootloader) 0x0000000000000000

OKAY [  0.003s]
Finished. Total time: 0.003s
['fastboot', '-s', 'cd0ee037', 'oem', 'debug', 'readq', '0x80094ee0']
(bootloader) 0x0000000000000000

OKAY [  0.003s]
Finished. Total time: 0.003s
['fastboot', '-s', 'cd0ee037', 'oem', 'debug', 'readq', '0x80094ee8']
(bootloader) 0x0000000000000000

OKAY [  0.003s]
Finished. Total time: 0.003s
['fastboot', '-s', 'cd0ee037', 'oem', 'debug', 'readq', '0x80094ef0']
(bootloader) 0x0000000000000000

OKAY [  0.003s]
Finished. Total time: 0.003s
['fastboot', '-s', 'cd0ee037', 'oem', 'debug', 'readq', '0x80094ef8']
(bootloader) 0x0000000000000000

OKAY [  0.004s]
Finished. Total time: 0.004s
['fastboot', '-s', 'cd0ee037', 'oem', 'debug', 'readq', '0x80094f00']
(bootloader) 0x0000000000000000

OKAY [  0.003s]
Finished. Total time: 0.003s
['fastboot', '-s', 'cd0ee037', 'oem', 'debug', 'readq', '0x80094f08']
(bootloader) 0x0000000000000000

OKAY [  0.003s]
Finished. Total time: 0.003s
['fastboot', '-s', 'cd0ee037', 'oem', 'debug', 'readq', '0x80094f10']
(bootloader) 0x0000000000000000

OKAY [  0.003s]
Finished. Total time: 0.003s
['fastboot', '-s', 'cd0ee037', 'oem', 'debug', 'readq', '0x80094f18']
(bootloader) 0x0000000000000000

OKAY [  0.003s]
Finished. Total time: 0.003s
['fastboot', '-s', 'cd0ee037', 'oem', 'debug', 'readq', '0x80094f20']
(bootloader) 0x0000000000000000

OKAY [  0.003s]
Finished. Total time: 0.003s
['fastboot', '-s', 'cd0ee037', 'oem', 'debug', 'readq', '0x80094f28']
(bootloader) 0x0000000000000000

OKAY [  0.003s]
Finished. Total time: 0.003s
['fastboot', '-s', 'cd0ee037', 'oem', 'debug', 'readq', '0x80094f30']
(bootloader) 0x0000000000000000

OKAY [  0.003s]
Finished. Total time: 0.003s
['fastboot', '-s', 'cd0ee037', 'oem', 'debug', 'readq', '0x80094f38']
(bootloader) 0x0000000000000000

OKAY [  0.003s]
Finished. Total time: 0.003s
['fastboot', '-s', 'cd0ee037', 'oem', 'debug', 'readq', '0x80094f40']
(bootloader) 0x0000000000000000

OKAY [  0.003s]
Finished. Total time: 0.003s
['fastboot', '-s', 'cd0ee037', 'oem', 'debug', 'readq', '0x80094f48']
(bootloader) 0x0000000000000000

OKAY [  0.003s]
Finished. Total time: 0.003s
['fastboot', '-s', 'cd0ee037', 'oem', 'debug', 'readq', '0x80094f50']
(bootloader) 0x0000000000000000

OKAY [  0.003s]
Finished. Total time: 0.003s
['fastboot', '-s', 'cd0ee037', 'oem', 'debug', 'readq', '0x80094f58']
(bootloader) 0x0000000000000000

OKAY [  0.003s]
Finished. Total time: 0.003s
['fastboot', '-s', 'cd0ee037', 'oem', 'debug', 'readq', '0x80094f60']
(bootloader) 0x0000000000000000

OKAY [  0.003s]
Finished. Total time: 0.003s
['fastboot', '-s', 'cd0ee037', 'oem', 'debug', 'readq', '0x80094f68']
(bootloader) 0x0000000000000000

OKAY [  0.003s]
Finished. Total time: 0.003s
['fastboot', '-s', 'cd0ee037', 'oem', 'debug', 'readq', '0x80094f70']
(bootloader) 0x0000000000000000

OKAY [  0.003s]
Finished. Total time: 0.003s
['fastboot', '-s', 'cd0ee037', 'oem', 'debug', 'readq', '0x80094f78']
(bootloader) 0x0000000000000000

OKAY [  0.003s]
Finished. Total time: 0.003s
['fastboot', '-s', 'cd0ee037', 'oem', 'debug', 'readq', '0x80094f80']
(bootloader) 0x0000000000000000

OKAY [  0.003s]
Finished. Total time: 0.003s
['fastboot', '-s', 'cd0ee037', 'oem', 'debug', 'readq', '0x80094f88']
(bootloader) 0x0000000000000000

OKAY [  0.004s]
Finished. Total time: 0.004s
['fastboot', '-s', 'cd0ee037', 'oem', 'debug', 'readq', '0x80094f90']
(bootloader) 0x0000000000000000

OKAY [  0.003s]
Finished. Total time: 0.003s
['fastboot', '-s', 'cd0ee037', 'oem', 'debug', 'readq', '0x80094f98']
(bootloader) 0x0000000000000000

OKAY [  0.003s]
Finished. Total time: 0.003s
['fastboot', '-s', 'cd0ee037', 'oem', 'debug', 'readq', '0x80094fa0']
(bootloader) 0x0000000000000000

OKAY [  0.003s]
Finished. Total time: 0.003s
['fastboot', '-s', 'cd0ee037', 'oem', 'debug', 'readq', '0x80094fa8']
(bootloader) 0x0000000000000000

OKAY [  0.003s]
Finished. Total time: 0.003s
['fastboot', '-s', 'cd0ee037', 'oem', 'debug', 'readq', '0x80094fb0']
(bootloader) 0x0000000000000000

OKAY [  0.003s]
Finished. Total time: 0.003s
['fastboot', '-s', 'cd0ee037', 'oem', 'debug', 'readq', '0x80094fb8']
(bootloader) 0x0000000000000000

OKAY [  0.003s]
Finished. Total time: 0.003s
['fastboot', '-s', 'cd0ee037', 'oem', 'debug', 'readq', '0x80094fc0']
(bootloader) 0x0000000000000000

OKAY [  0.003s]
Finished. Total time: 0.003s
['fastboot', '-s', 'cd0ee037', 'oem', 'debug', 'readq', '0x80094fc8']
(bootloader) 0x0000000000000000

OKAY [  0.003s]
Finished. Total time: 0.003s
['fastboot', '-s', 'cd0ee037', 'oem', 'debug', 'readq', '0x80094fd0']
(bootloader) 0x0000000000000000

OKAY [  0.003s]
Finished. Total time: 0.003s
['fastboot', '-s', 'cd0ee037', 'oem', 'debug', 'readq', '0x80094fd8']
(bootloader) 0x0000000000000000

OKAY [  0.003s]
Finished. Total time: 0.003s
['fastboot', '-s', 'cd0ee037', 'oem', 'debug', 'readq', '0x80094fe0']
(bootloader) 0x0000000000000000

OKAY [  0.003s]
Finished. Total time: 0.003s
['fastboot', '-s', 'cd0ee037', 'oem', 'debug', 'readq', '0x80094fe8']
(bootloader) 0x0000000000000000

OKAY [  0.003s]
Finished. Total time: 0.003s
['fastboot', '-s', 'cd0ee037', 'oem', 'debug', 'readq', '0x80094ff0']
(bootloader) 0x0000000000000000

OKAY [  0.003s]
Finished. Total time: 0.003s
['fastboot', '-s', 'cd0ee037', 'oem', 'debug', 'readq', '0x80094ff8']
(bootloader) 0x0000000000000000

OKAY [  0.003s]
Finished. Total time: 0.003s
['fastboot', '-s', 'cd0ee037', 'oem', 'debug', 'readq', '0x80095000']
(bootloader) 0x0000000000000000

OKAY [  0.003s]
Finished. Total time: 0.003s
['fastboot', '-s', 'cd0ee037', 'oem', 'debug', 'readq', '0x80095008']
(bootloader) 0x0000000000000000

OKAY [  0.003s]
Finished. Total time: 0.003s
['fastboot', '-s', 'cd0ee037', 'oem', 'debug', 'readq', '0x80095010']
(bootloader) 0x0000000000000000

OKAY [  0.004s]
Finished. Total time: 0.004s
['fastboot', '-s', 'cd0ee037', 'oem', 'debug', 'readq', '0x80095018']
(bootloader) 0x0000000000000000

OKAY [  0.003s]
Finished. Total time: 0.003s
['fastboot', '-s', 'cd0ee037', 'oem', 'debug', 'readq', '0x80095020']
(bootloader) 0x0000000000000000

OKAY [  0.003s]
Finished. Total time: 0.003s
['fastboot', '-s', 'cd0ee037', 'oem', 'debug', 'readq', '0x80095028']
(bootloader) 0x0000000000000000

OKAY [  0.004s]
Finished. Total time: 0.004s
['fastboot', '-s', 'cd0ee037', 'oem', 'debug', 'readq', '0x80095030']
(bootloader) 0x0000000000000000

OKAY [  0.003s]
Finished. Total time: 0.003s
['fastboot', '-s', 'cd0ee037', 'oem', 'debug', 'readq', '0x80095038']
(bootloader) 0x0000000000000000

OKAY [  0.003s]
Finished. Total time: 0.003s
['fastboot', '-s', 'cd0ee037', 'oem', 'debug', 'readq', '0x80095040']
(bootloader) 0x0000000000000000

OKAY [  0.003s]
Finished. Total time: 0.003s
['fastboot', '-s', 'cd0ee037', 'oem', 'debug', 'readq', '0x80095048']
(bootloader) 0x0000000000000000

OKAY [  0.003s]
Finished. Total time: 0.003s
['fastboot', '-s', 'cd0ee037', 'oem', 'debug', 'readq', '0x80095050']
(bootloader) 0x0000000000000000

OKAY [  0.003s]
Finished. Total time: 0.003s
['fastboot', '-s', 'cd0ee037', 'oem', 'debug', 'readq', '0x80095058']
(bootloader) 0x0000000000000000

OKAY [  0.003s]
Finished. Total time: 0.003s
['fastboot', '-s', 'cd0ee037', 'oem', 'debug', 'readq', '0x80095060']
(bootloader) 0x0000000000000000

OKAY [  0.003s]
Finished. Total time: 0.003s
['fastboot', '-s', 'cd0ee037', 'oem', 'debug', 'readq', '0x80095068']
(bootloader) 0x0000000000000000

OKAY [  0.003s]
Finished. Total time: 0.003s
['fastboot', '-s', 'cd0ee037', 'oem', 'debug', 'readq', '0x80095070']
(bootloader) 0x0000000000000000

OKAY [  0.003s]
Finished. Total time: 0.003s
['fastboot', '-s', 'cd0ee037', 'oem', 'debug', 'readq', '0x80095078']
(bootloader) 0x0000000000000000

OKAY [  0.003s]
Finished. Total time: 0.003s
['fastboot', '-s', 'cd0ee037', 'oem', 'debug', 'readq', '0x80095080']
(bootloader) 0x0000000000000000

OKAY [  0.003s]
Finished. Total time: 0.003s
['fastboot', '-s', 'cd0ee037', 'oem', 'debug', 'readq', '0x80095088']
(bootloader) 0x0000000000000000

OKAY [  0.003s]
Finished. Total time: 0.003s
['fastboot', '-s', 'cd0ee037', 'oem', 'debug', 'readq', '0x80095090']
(bootloader) 0x0000000000000000

OKAY [  0.003s]
Finished. Total time: 0.003s
['fastboot', '-s', 'cd0ee037', 'oem', 'debug', 'readq', '0x80095098']
(bootloader) 0x0000000000000000

OKAY [  0.003s]
Finished. Total time: 0.003s
['fastboot', '-s', 'cd0ee037', 'oem', 'debug', 'readq', '0x800950a0']
(bootloader) 0x0000000000000000

OKAY [  0.003s]
Finished. Total time: 0.003s
['fastboot', '-s', 'cd0ee037', 'oem', 'debug', 'readq', '0x800950a8']
(bootloader) 0x0000000000000000

OKAY [  0.003s]
Finished. Total time: 0.003s
['fastboot', '-s', 'cd0ee037', 'oem', 'debug', 'readq', '0x800950b0']
(bootloader) 0x0000000000000000

OKAY [  0.003s]
Finished. Total time: 0.003s
['fastboot', '-s', 'cd0ee037', 'oem', 'debug', 'readq', '0x800950b8']
(bootloader) 0x0000000000000000

OKAY [  0.003s]
Finished. Total time: 0.003s
['fastboot', '-s', 'cd0ee037', 'oem', 'debug', 'readq', '0x800950c0']
(bootloader) 0x0000000000000000

OKAY [  0.003s]
Finished. Total time: 0.003s
['fastboot', '-s', 'cd0ee037', 'oem', 'debug', 'readq', '0x800950c8']
(bootloader) 0x0000000000000000

OKAY [  0.003s]
Finished. Total time: 0.003s
['fastboot', '-s', 'cd0ee037', 'oem', 'debug', 'readq', '0x800950d0']
(bootloader) 0x0000000000000000

OKAY [  0.003s]
Finished. Total time: 0.003s
['fastboot', '-s', 'cd0ee037', 'oem', 'debug', 'readq', '0x800950d8']
(bootloader) 0x0000000000000000

OKAY [  0.003s]
Finished. Total time: 0.003s
['fastboot', '-s', 'cd0ee037', 'oem', 'debug', 'readq', '0x800950e0']
(bootloader) 0x0000000000000000

OKAY [  0.003s]
Finished. Total time: 0.003s
['fastboot', '-s', 'cd0ee037', 'oem', 'debug', 'readq', '0x800950e8']
(bootloader) 0x0000000000000000

OKAY [  0.003s]
Finished. Total time: 0.003s
['fastboot', '-s', 'cd0ee037', 'oem', 'debug', 'readq', '0x800950f0']
(bootloader) 0x0000000000000000

OKAY [  0.003s]
Finished. Total time: 0.003s
['fastboot', '-s', 'cd0ee037', 'oem', 'debug', 'readq', '0x800950f8']
(bootloader) 0x0000000000000000

OKAY [  0.003s]
Finished. Total time: 0.003s
['fastboot', '-s', 'cd0ee037', 'oem', 'debug', 'readq', '0x80095100']
(bootloader) 0x0000000000000000

OKAY [  0.003s]
Finished. Total time: 0.003s
['fastboot', '-s', 'cd0ee037', 'oem', 'debug', 'readq', '0x80095108']
(bootloader) 0x0000000000000000

OKAY [  0.003s]
Finished. Total time: 0.003s
['fastboot', '-s', 'cd0ee037', 'oem', 'debug', 'readq', '0x80095110']
(bootloader) 0x0000000000000000

OKAY [  0.003s]
Finished. Total time: 0.003s
['fastboot', '-s', 'cd0ee037', 'oem', 'debug', 'readq', '0x80095118']
(bootloader) 0x0000000000000000

OKAY [  0.003s]
Finished. Total time: 0.003s
['fastboot', '-s', 'cd0ee037', 'oem', 'debug', 'readq', '0x80095120']
(bootloader) 0x0000000000000000

OKAY [  0.003s]
Finished. Total time: 0.003s
['fastboot', '-s', 'cd0ee037', 'oem', 'debug', 'readq', '0x80095128']
(bootloader) 0x0000000000000000

OKAY [  0.003s]
Finished. Total time: 0.003s
['fastboot', '-s', 'cd0ee037', 'oem', 'debug', 'readq', '0x80095130']
(bootloader) 0x0000000000000000

OKAY [  0.003s]
Finished. Total time: 0.003s
['fastboot', '-s', 'cd0ee037', 'oem', 'debug', 'readq', '0x80095138']
(bootloader) 0x0000000000000000

OKAY [  0.003s]
Finished. Total time: 0.003s
['fastboot', '-s', 'cd0ee037', 'oem', 'debug', 'readq', '0x80095140']
(bootloader) 0x0000000000000000

OKAY [  0.003s]
Finished. Total time: 0.003s
['fastboot', '-s', 'cd0ee037', 'oem', 'debug', 'readq', '0x80095148']
(bootloader) 0x0000000000000000

OKAY [  0.003s]
Finished. Total time: 0.003s
['fastboot', '-s', 'cd0ee037', 'oem', 'debug', 'readq', '0x80095150']
(bootloader) 0x0000000000000000

OKAY [  0.003s]
Finished. Total time: 0.003s
['fastboot', '-s', 'cd0ee037', 'oem', 'debug', 'readq', '0x80095158']
(bootloader) 0x0000000000000000

OKAY [  0.003s]
Finished. Total time: 0.003s
['fastboot', '-s', 'cd0ee037', 'oem', 'debug', 'readq', '0x80095160']
(bootloader) 0x0000000000000000

OKAY [  0.003s]
Finished. Total time: 0.003s
['fastboot', '-s', 'cd0ee037', 'oem', 'debug', 'readq', '0x80095168']
(bootloader) 0x0000000000000000

OKAY [  0.003s]
Finished. Total time: 0.003s
['fastboot', '-s', 'cd0ee037', 'oem', 'debug', 'readq', '0x80095170']
(bootloader) 0x0000000000000000

OKAY [  0.003s]
Finished. Total time: 0.003s
['fastboot', '-s', 'cd0ee037', 'oem', 'debug', 'readq', '0x80095178']
(bootloader) 0x0000000000000000

OKAY [  0.003s]
Finished. Total time: 0.003s
['fastboot', '-s', 'cd0ee037', 'oem', 'debug', 'readq', '0x80095180']
(bootloader) 0x0000000000000000

OKAY [  0.003s]
Finished. Total time: 0.003s
['fastboot', '-s', 'cd0ee037', 'oem', 'debug', 'readq', '0x80095188']
(bootloader) 0x0000000000000000

OKAY [  0.003s]
Finished. Total time: 0.003s
['fastboot', '-s', 'cd0ee037', 'oem', 'debug', 'readq', '0x80095190']
(bootloader) 0x0000000000000000

OKAY [  0.003s]
Finished. Total time: 0.003s
['fastboot', '-s', 'cd0ee037', 'oem', 'debug', 'readq', '0x80095198']
(bootloader) 0x0000000000000000

OKAY [  0.003s]
Finished. Total time: 0.003s
['fastboot', '-s', 'cd0ee037', 'oem', 'debug', 'readq', '0x800951a0']
(bootloader) 0x0000000000000000

OKAY [  0.003s]
Finished. Total time: 0.003s
['fastboot', '-s', 'cd0ee037', 'oem', 'debug', 'readq', '0x800951a8']
(bootloader) 0x0000000000000000

OKAY [  0.003s]
Finished. Total time: 0.003s
['fastboot', '-s', 'cd0ee037', 'oem', 'debug', 'readq', '0x800951b0']
(bootloader) 0x0000000000000000

OKAY [  0.003s]
Finished. Total time: 0.003s
['fastboot', '-s', 'cd0ee037', 'oem', 'debug', 'readq', '0x800951b8']
(bootloader) 0x0000000000000000

OKAY [  0.003s]
Finished. Total time: 0.003s
['fastboot', '-s', 'cd0ee037', 'oem', 'debug', 'readq', '0x800951c0']
(bootloader) 0x0000000000000000

OKAY [  0.003s]
Finished. Total time: 0.003s
['fastboot', '-s', 'cd0ee037', 'oem', 'debug', 'readq', '0x800951c8']
(bootloader) 0x0000000000000000

OKAY [  0.003s]
Finished. Total time: 0.003s
['fastboot', '-s', 'cd0ee037', 'oem', 'debug', 'readq', '0x800951d0']
(bootloader) 0x0000000000000000

OKAY [  0.003s]
Finished. Total time: 0.003s
['fastboot', '-s', 'cd0ee037', 'oem', 'debug', 'readq', '0x800951d8']
(bootloader) 0x0000000000000000

OKAY [  0.003s]
Finished. Total time: 0.003s
['fastboot', '-s', 'cd0ee037', 'oem', 'debug', 'readq', '0x800951e0']
(bootloader) 0x0000000000000000

OKAY [  0.003s]
Finished. Total time: 0.003s
['fastboot', '-s', 'cd0ee037', 'oem', 'debug', 'readq', '0x800951e8']
(bootloader) 0x0000000000000000

OKAY [  0.003s]
Finished. Total time: 0.003s
['fastboot', '-s', 'cd0ee037', 'oem', 'debug', 'readq', '0x800951f0']
(bootloader) 0x0000000000000000

OKAY [  0.003s]
Finished. Total time: 0.003s
['fastboot', '-s', 'cd0ee037', 'oem', 'debug', 'readq', '0x800951f8']
(bootloader) 0x0000000000000000

OKAY [  0.003s]
Finished. Total time: 0.003s
['fastboot', '-s', 'cd0ee037', 'oem', 'debug', 'readq', '0x80095200']
(bootloader) 0x0000000000000000

OKAY [  0.003s]
Finished. Total time: 0.003s
['fastboot', '-s', 'cd0ee037', 'oem', 'debug', 'readq', '0x80095208']
(bootloader) 0x0000000000000000

OKAY [  0.003s]
Finished. Total time: 0.003s
['fastboot', '-s', 'cd0ee037', 'oem', 'debug', 'readq', '0x80095210']
(bootloader) 0x0000000000000000

OKAY [  0.003s]
Finished. Total time: 0.003s
['fastboot', '-s', 'cd0ee037', 'oem', 'debug', 'readq', '0x80095218']
(bootloader) 0x0000000000000000

OKAY [  0.003s]
Finished. Total time: 0.003s
['fastboot', '-s', 'cd0ee037', 'oem', 'debug', 'readq', '0x80095220']
(bootloader) 0x0000000000000000

OKAY [  0.003s]
Finished. Total time: 0.003s
['fastboot', '-s', 'cd0ee037', 'oem', 'debug', 'readq', '0x80095228']
(bootloader) 0x0000000000000000

OKAY [  0.003s]
Finished. Total time: 0.003s
['fastboot', '-s', 'cd0ee037', 'oem', 'debug', 'readq', '0x80095230']
(bootloader) 0x0000000000000000

OKAY [  0.003s]
Finished. Total time: 0.003s
['fastboot', '-s', 'cd0ee037', 'oem', 'debug', 'readq', '0x80095238']
(bootloader) 0x0000000000000000

OKAY [  0.003s]
Finished. Total time: 0.003s
['fastboot', '-s', 'cd0ee037', 'oem', 'debug', 'readq', '0x80095240']
(bootloader) 0x0000000000000000

OKAY [  0.003s]
Finished. Total time: 0.003s
['fastboot', '-s', 'cd0ee037', 'oem', 'debug', 'readq', '0x80095248']
(bootloader) 0x0000000000000000

OKAY [  0.003s]
Finished. Total time: 0.003s
['fastboot', '-s', 'cd0ee037', 'oem', 'debug', 'readq', '0x80095250']
(bootloader) 0x0000000000000000

OKAY [  0.003s]
Finished. Total time: 0.003s
['fastboot', '-s', 'cd0ee037', 'oem', 'debug', 'readq', '0x80095258']
(bootloader) 0x0000000000000000

OKAY [  0.003s]
Finished. Total time: 0.003s
['fastboot', '-s', 'cd0ee037', 'oem', 'debug', 'readq', '0x80095260']
(bootloader) 0x0000000000000000

OKAY [  0.004s]
Finished. Total time: 0.004s
['fastboot', '-s', 'cd0ee037', 'oem', 'debug', 'readq', '0x80095268']
(bootloader) 0x0000000000000000

OKAY [  0.003s]
Finished. Total time: 0.003s
['fastboot', '-s', 'cd0ee037', 'oem', 'debug', 'readq', '0x80095270']
(bootloader) 0x0000000000000000

OKAY [  0.003s]
Finished. Total time: 0.003s
['fastboot', '-s', 'cd0ee037', 'oem', 'debug', 'readq', '0x80095278']
(bootloader) 0x0000000000000000

OKAY [  0.003s]
Finished. Total time: 0.003s
['fastboot', '-s', 'cd0ee037', 'oem', 'debug', 'readq', '0x80095280']
(bootloader) 0x0000000000000000

OKAY [  0.003s]
Finished. Total time: 0.003s
['fastboot', '-s', 'cd0ee037', 'oem', 'debug', 'readq', '0x80095288']
(bootloader) 0x0000000000000000

OKAY [  0.004s]
Finished. Total time: 0.004s
['fastboot', '-s', 'cd0ee037', 'oem', 'debug', 'readq', '0x80095290']
(bootloader) 0x0000000000000000

OKAY [  0.003s]
Finished. Total time: 0.003s
['fastboot', '-s', 'cd0ee037', 'oem', 'debug', 'readq', '0x80095298']
(bootloader) 0x0000000000000000

OKAY [  0.003s]
Finished. Total time: 0.003s
['fastboot', '-s', 'cd0ee037', 'oem', 'debug', 'readq', '0x800952a0']
(bootloader) 0x0000000000000000

OKAY [  0.003s]
Finished. Total time: 0.003s
['fastboot', '-s', 'cd0ee037', 'oem', 'debug', 'readq', '0x800952a8']
(bootloader) 0x0000000000000000

OKAY [  0.003s]
Finished. Total time: 0.003s
['fastboot', '-s', 'cd0ee037', 'oem', 'debug', 'readq', '0x800952b0']
(bootloader) 0x0000000000000000

OKAY [  0.003s]
Finished. Total time: 0.003s
['fastboot', '-s', 'cd0ee037', 'oem', 'debug', 'readq', '0x800952b8']
(bootloader) 0x0000000000000000

OKAY [  0.003s]
Finished. Total time: 0.003s
['fastboot', '-s', 'cd0ee037', 'oem', 'debug', 'readq', '0x800952c0']
(bootloader) 0x0000000000000000

OKAY [  0.003s]
Finished. Total time: 0.003s
['fastboot', '-s', 'cd0ee037', 'oem', 'debug', 'readq', '0x800952c8']
(bootloader) 0x0000000000000000

OKAY [  0.003s]
Finished. Total time: 0.003s
['fastboot', '-s', 'cd0ee037', 'oem', 'debug', 'readq', '0x800952d0']
(bootloader) 0x0000000000000000

OKAY [  0.003s]
Finished. Total time: 0.003s
['fastboot', '-s', 'cd0ee037', 'oem', 'debug', 'readq', '0x800952d8']
(bootloader) 0x0000000000000000

OKAY [  0.003s]
Finished. Total time: 0.003s
['fastboot', '-s', 'cd0ee037', 'oem', 'debug', 'readq', '0x800952e0']
(bootloader) 0x0000000000000000

OKAY [  0.003s]
Finished. Total time: 0.003s
['fastboot', '-s', 'cd0ee037', 'oem', 'debug', 'readq', '0x800952e8']
(bootloader) 0x0000000000000000

OKAY [  0.003s]
Finished. Total time: 0.003s
['fastboot', '-s', 'cd0ee037', 'oem', 'debug', 'readq', '0x800952f0']
(bootloader) 0x0000000000000000

OKAY [  0.003s]
Finished. Total time: 0.003s
['fastboot', '-s', 'cd0ee037', 'oem', 'debug', 'readq', '0x800952f8']
(bootloader) 0x0000000000000000

OKAY [  0.003s]
Finished. Total time: 0.003s
['fastboot', '-s', 'cd0ee037', 'oem', 'debug', 'readq', '0x80095300']
(bootloader) 0x0000000000000000

OKAY [  0.003s]
Finished. Total time: 0.003s
['fastboot', '-s', 'cd0ee037', 'oem', 'debug', 'readq', '0x80095308']
(bootloader) 0x0000000000000000

OKAY [  0.003s]
Finished. Total time: 0.003s
['fastboot', '-s', 'cd0ee037', 'oem', 'debug', 'readq', '0x80095310']
(bootloader) 0x0000000000000000

OKAY [  0.003s]
Finished. Total time: 0.003s
['fastboot', '-s', 'cd0ee037', 'oem', 'debug', 'readq', '0x80095318']
(bootloader) 0x0000000000000000

OKAY [  0.003s]
Finished. Total time: 0.003s
['fastboot', '-s', 'cd0ee037', 'oem', 'debug', 'readq', '0x80095320']
(bootloader) 0x0000000000000000

OKAY [  0.003s]
Finished. Total time: 0.003s
['fastboot', '-s', 'cd0ee037', 'oem', 'debug', 'readq', '0x80095328']
(bootloader) 0x0000000000000000

OKAY [  0.003s]
Finished. Total time: 0.003s
['fastboot', '-s', 'cd0ee037', 'oem', 'debug', 'readq', '0x80095330']
(bootloader) 0x0000000000000000

OKAY [  0.003s]
Finished. Total time: 0.003s
['fastboot', '-s', 'cd0ee037', 'oem', 'debug', 'readq', '0x80095338']
(bootloader) 0x0000000000000000

OKAY [  0.003s]
Finished. Total time: 0.003s
['fastboot', '-s', 'cd0ee037', 'oem', 'debug', 'readq', '0x80095340']
(bootloader) 0x0000000000000000

OKAY [  0.003s]
Finished. Total time: 0.003s
['fastboot', '-s', 'cd0ee037', 'oem', 'debug', 'readq', '0x80095348']
(bootloader) 0x0000000000000000

OKAY [  0.003s]
Finished. Total time: 0.003s
['fastboot', '-s', 'cd0ee037', 'oem', 'debug', 'readq', '0x80095350']
(bootloader) 0x0000000000000000

OKAY [  0.003s]
Finished. Total time: 0.003s
['fastboot', '-s', 'cd0ee037', 'oem', 'debug', 'readq', '0x80095358']
(bootloader) 0x0000000000000000

OKAY [  0.003s]
Finished. Total time: 0.003s
['fastboot', '-s', 'cd0ee037', 'oem', 'debug', 'readq', '0x80095360']
(bootloader) 0x0000000000000000

OKAY [  0.003s]
Finished. Total time: 0.003s
['fastboot', '-s', 'cd0ee037', 'oem', 'debug', 'readq', '0x80095368']
(bootloader) 0x0000000000000000

OKAY [  0.004s]
Finished. Total time: 0.004s
['fastboot', '-s', 'cd0ee037', 'oem', 'debug', 'readq', '0x80095370']
(bootloader) 0x0000000000000000

OKAY [  0.003s]
Finished. Total time: 0.003s
['fastboot', '-s', 'cd0ee037', 'oem', 'debug', 'readq', '0x80095378']
(bootloader) 0x0000000000000000

OKAY [  0.003s]
Finished. Total time: 0.003s
['fastboot', '-s', 'cd0ee037', 'oem', 'debug', 'readq', '0x80095380']
(bootloader) 0x0000000000000000

OKAY [  0.003s]
Finished. Total time: 0.003s
['fastboot', '-s', 'cd0ee037', 'oem', 'debug', 'readq', '0x80095388']
(bootloader) 0x0000000000000000

OKAY [  0.003s]
Finished. Total time: 0.003s
['fastboot', '-s', 'cd0ee037', 'oem', 'debug', 'readq', '0x80095390']
(bootloader) 0x0000000000000000

OKAY [  0.003s]
Finished. Total time: 0.003s
['fastboot', '-s', 'cd0ee037', 'oem', 'debug', 'readq', '0x80095398']
(bootloader) 0x0000000000000000

OKAY [  0.003s]
Finished. Total time: 0.003s
['fastboot', '-s', 'cd0ee037', 'oem', 'debug', 'readq', '0x800953a0']
(bootloader) 0x0000000000000000

OKAY [  0.003s]
Finished. Total time: 0.003s
['fastboot', '-s', 'cd0ee037', 'oem', 'debug', 'readq', '0x800953a8']
(bootloader) 0x0000000000000000

OKAY [  0.003s]
Finished. Total time: 0.003s
['fastboot', '-s', 'cd0ee037', 'oem', 'debug', 'readq', '0x800953b0']
(bootloader) 0x0000000000000000

OKAY [  0.003s]
Finished. Total time: 0.003s
['fastboot', '-s', 'cd0ee037', 'oem', 'debug', 'readq', '0x800953b8']
(bootloader) 0x0000000000000000

OKAY [  0.003s]
Finished. Total time: 0.003s
['fastboot', '-s', 'cd0ee037', 'oem', 'debug', 'readq', '0x800953c0']
(bootloader) 0x0000000000000000

OKAY [  0.004s]
Finished. Total time: 0.004s
['fastboot', '-s', 'cd0ee037', 'oem', 'debug', 'readq', '0x800953c8']
(bootloader) 0x0000000000000000

OKAY [  0.003s]
Finished. Total time: 0.003s
['fastboot', '-s', 'cd0ee037', 'oem', 'debug', 'readq', '0x800953d0']
(bootloader) 0x0000000000000000

OKAY [  0.004s]
Finished. Total time: 0.004s
['fastboot', '-s', 'cd0ee037', 'oem', 'debug', 'readq', '0x800953d8']
(bootloader) 0x0000000000000000

OKAY [  0.003s]
Finished. Total time: 0.003s
['fastboot', '-s', 'cd0ee037', 'oem', 'debug', 'readq', '0x800953e0']
(bootloader) 0x0000000000000000

OKAY [  0.003s]
Finished. Total time: 0.003s
['fastboot', '-s', 'cd0ee037', 'oem', 'debug', 'readq', '0x800953e8']
(bootloader) 0x0000000000000000

OKAY [  0.003s]
Finished. Total time: 0.003s
['fastboot', '-s', 'cd0ee037', 'oem', 'debug', 'readq', '0x800953f0']
(bootloader) 0x0000000000000000

OKAY [  0.003s]
Finished. Total time: 0.003s
['fastboot', '-s', 'cd0ee037', 'oem', 'debug', 'readq', '0x800953f8']
(bootloader) 0x0000000000000000

OKAY [  0.003s]
Finished. Total time: 0.003s
['fastboot', '-s', 'cd0ee037', 'oem', 'debug', 'readq', '0x80095400']
(bootloader) 0x0000000000000000

OKAY [  0.003s]
Finished. Total time: 0.003s
['fastboot', '-s', 'cd0ee037', 'oem', 'debug', 'readq', '0x80095408']
(bootloader) 0x0000000000000000

OKAY [  0.003s]
Finished. Total time: 0.003s
['fastboot', '-s', 'cd0ee037', 'oem', 'debug', 'readq', '0x80095410']
(bootloader) 0x0000000000000000

OKAY [  0.003s]
Finished. Total time: 0.003s
['fastboot', '-s', 'cd0ee037', 'oem', 'debug', 'readq', '0x80095418']
(bootloader) 0x0000000000000000

OKAY [  0.003s]
Finished. Total time: 0.003s
['fastboot', '-s', 'cd0ee037', 'oem', 'debug', 'readq', '0x80095420']
(bootloader) 0x0000000000000000

OKAY [  0.003s]
Finished. Total time: 0.003s
['fastboot', '-s', 'cd0ee037', 'oem', 'debug', 'readq', '0x80095428']
(bootloader) 0x0000000000000000

OKAY [  0.003s]
Finished. Total time: 0.003s
['fastboot', '-s', 'cd0ee037', 'oem', 'debug', 'readq', '0x80095430']
(bootloader) 0x0000000000000000

OKAY [  0.003s]
Finished. Total time: 0.003s
['fastboot', '-s', 'cd0ee037', 'oem', 'debug', 'readq', '0x80095438']
(bootloader) 0x0000000000000000

OKAY [  0.003s]
Finished. Total time: 0.003s
['fastboot', '-s', 'cd0ee037', 'oem', 'debug', 'readq', '0x80095440']
(bootloader) 0x0000000000000000

OKAY [  0.003s]
Finished. Total time: 0.003s
['fastboot', '-s', 'cd0ee037', 'oem', 'debug', 'readq', '0x80095448']
(bootloader) 0x0000000000000000

OKAY [  0.003s]
Finished. Total time: 0.003s
['fastboot', '-s', 'cd0ee037', 'oem', 'debug', 'readq', '0x80095450']
(bootloader) 0x0000000000000000

OKAY [  0.003s]
Finished. Total time: 0.003s
['fastboot', '-s', 'cd0ee037', 'oem', 'debug', 'readq', '0x80095458']
(bootloader) 0x0000000000000000

OKAY [  0.003s]
Finished. Total time: 0.003s
['fastboot', '-s', 'cd0ee037', 'oem', 'debug', 'readq', '0x80095460']
(bootloader) 0x0000000000000000

OKAY [  0.003s]
Finished. Total time: 0.003s
['fastboot', '-s', 'cd0ee037', 'oem', 'debug', 'readq', '0x80095468']
(bootloader) 0x0000000000000000

OKAY [  0.003s]
Finished. Total time: 0.003s
['fastboot', '-s', 'cd0ee037', 'oem', 'debug', 'readq', '0x80095470']
(bootloader) 0x0000000000000000

OKAY [  0.003s]
Finished. Total time: 0.003s
['fastboot', '-s', 'cd0ee037', 'oem', 'debug', 'readq', '0x80095478']
(bootloader) 0x0000000000000000

OKAY [  0.003s]
Finished. Total time: 0.003s
['fastboot', '-s', 'cd0ee037', 'oem', 'debug', 'readq', '0x80095480']
(bootloader) 0x0000000000000000

OKAY [  0.003s]
Finished. Total time: 0.003s
['fastboot', '-s', 'cd0ee037', 'oem', 'debug', 'readq', '0x80095488']
(bootloader) 0x0000000000000000

OKAY [  0.003s]
Finished. Total time: 0.003s
['fastboot', '-s', 'cd0ee037', 'oem', 'debug', 'readq', '0x80095490']
(bootloader) 0x0000000000000000

OKAY [  0.003s]
Finished. Total time: 0.003s
['fastboot', '-s', 'cd0ee037', 'oem', 'debug', 'readq', '0x80095498']
(bootloader) 0x0000000000000000

OKAY [  0.003s]
Finished. Total time: 0.003s
['fastboot', '-s', 'cd0ee037', 'oem', 'debug', 'readq', '0x800954a0']
(bootloader) 0x0000000000000000

OKAY [  0.003s]
Finished. Total time: 0.003s
['fastboot', '-s', 'cd0ee037', 'oem', 'debug', 'readq', '0x800954a8']
(bootloader) 0x0000000000000000

OKAY [  0.003s]
Finished. Total time: 0.003s
['fastboot', '-s', 'cd0ee037', 'oem', 'debug', 'readq', '0x800954b0']
(bootloader) 0x0000000000000000

OKAY [  0.003s]
Finished. Total time: 0.003s
['fastboot', '-s', 'cd0ee037', 'oem', 'debug', 'readq', '0x800954b8']
(bootloader) 0x0000000000000000

OKAY [  0.003s]
Finished. Total time: 0.003s
['fastboot', '-s', 'cd0ee037', 'oem', 'debug', 'readq', '0x800954c0']
(bootloader) 0x0000000000000000

OKAY [  0.003s]
Finished. Total time: 0.003s
['fastboot', '-s', 'cd0ee037', 'oem', 'debug', 'readq', '0x800954c8']
(bootloader) 0x0000000000000000

OKAY [  0.003s]
Finished. Total time: 0.003s
['fastboot', '-s', 'cd0ee037', 'oem', 'debug', 'readq', '0x800954d0']
(bootloader) 0x0000000000000000

OKAY [  0.003s]
Finished. Total time: 0.003s
['fastboot', '-s', 'cd0ee037', 'oem', 'debug', 'readq', '0x800954d8']
(bootloader) 0x0000000000000000

OKAY [  0.003s]
Finished. Total time: 0.003s
['fastboot', '-s', 'cd0ee037', 'oem', 'debug', 'readq', '0x800954e0']
(bootloader) 0x0000000000000000

OKAY [  0.003s]
Finished. Total time: 0.003s
['fastboot', '-s', 'cd0ee037', 'oem', 'debug', 'readq', '0x800954e8']
(bootloader) 0x0000000000000000

OKAY [  0.003s]
Finished. Total time: 0.003s
['fastboot', '-s', 'cd0ee037', 'oem', 'debug', 'readq', '0x800954f0']
(bootloader) 0x0000000000000000

OKAY [  0.003s]
Finished. Total time: 0.003s
['fastboot', '-s', 'cd0ee037', 'oem', 'debug', 'readq', '0x800954f8']
(bootloader) 0x0000000000000000

OKAY [  0.003s]
Finished. Total time: 0.003s
['fastboot', '-s', 'cd0ee037', 'oem', 'debug', 'readq', '0x80095500']
(bootloader) 0x0000000000000000

OKAY [  0.003s]
Finished. Total time: 0.003s
['fastboot', '-s', 'cd0ee037', 'oem', 'debug', 'readq', '0x80095508']
(bootloader) 0x0000000000000000

OKAY [  0.003s]
Finished. Total time: 0.003s
['fastboot', '-s', 'cd0ee037', 'oem', 'debug', 'readq', '0x80095510']
(bootloader) 0x0000000000000000

OKAY [  0.003s]
Finished. Total time: 0.003s
['fastboot', '-s', 'cd0ee037', 'oem', 'debug', 'readq', '0x80095518']
(bootloader) 0x0000000000000000

OKAY [  0.003s]
Finished. Total time: 0.003s
['fastboot', '-s', 'cd0ee037', 'oem', 'debug', 'readq', '0x80095520']
(bootloader) 0x0000000000000000

OKAY [  0.003s]
Finished. Total time: 0.003s
['fastboot', '-s', 'cd0ee037', 'oem', 'debug', 'readq', '0x80095528']
(bootloader) 0x0000000000000000

OKAY [  0.003s]
Finished. Total time: 0.003s
['fastboot', '-s', 'cd0ee037', 'oem', 'debug', 'readq', '0x80095530']
(bootloader) 0x0000000000000000

OKAY [  0.003s]
Finished. Total time: 0.003s
['fastboot', '-s', 'cd0ee037', 'oem', 'debug', 'readq', '0x80095538']
(bootloader) 0x0000000000000000

OKAY [  0.003s]
Finished. Total time: 0.003s
['fastboot', '-s', 'cd0ee037', 'oem', 'debug', 'readq', '0x80095540']
(bootloader) 0x0000000000000000

OKAY [  0.003s]
Finished. Total time: 0.003s
['fastboot', '-s', 'cd0ee037', 'oem', 'debug', 'readq', '0x80095548']
(bootloader) 0x0000000000000000

OKAY [  0.003s]
Finished. Total time: 0.003s
['fastboot', '-s', 'cd0ee037', 'oem', 'debug', 'readq', '0x80095550']
(bootloader) 0x0000000000000000

OKAY [  0.003s]
Finished. Total time: 0.003s
['fastboot', '-s', 'cd0ee037', 'oem', 'debug', 'readq', '0x80095558']
(bootloader) 0x0000000000000000

OKAY [  0.003s]
Finished. Total time: 0.003s
['fastboot', '-s', 'cd0ee037', 'oem', 'debug', 'readq', '0x80095560']
(bootloader) 0x0000000000000000

OKAY [  0.003s]
Finished. Total time: 0.003s
['fastboot', '-s', 'cd0ee037', 'oem', 'debug', 'readq', '0x80095568']
(bootloader) 0x0000000000000000

OKAY [  0.003s]
Finished. Total time: 0.003s
['fastboot', '-s', 'cd0ee037', 'oem', 'debug', 'readq', '0x80095570']
(bootloader) 0x0000000000000000

OKAY [  0.003s]
Finished. Total time: 0.003s
['fastboot', '-s', 'cd0ee037', 'oem', 'debug', 'readq', '0x80095578']
(bootloader) 0x0000000000000000

OKAY [  0.003s]
Finished. Total time: 0.003s
['fastboot', '-s', 'cd0ee037', 'oem', 'debug', 'readq', '0x80095580']
(bootloader) 0x0000000000000000

OKAY [  0.003s]
Finished. Total time: 0.003s
['fastboot', '-s', 'cd0ee037', 'oem', 'debug', 'readq', '0x80095588']
(bootloader) 0x0000000000000000

OKAY [  0.004s]
Finished. Total time: 0.004s
['fastboot', '-s', 'cd0ee037', 'oem', 'debug', 'readq', '0x80095590']
(bootloader) 0x0000000000000000

OKAY [  0.003s]
Finished. Total time: 0.003s
['fastboot', '-s', 'cd0ee037', 'oem', 'debug', 'readq', '0x80095598']
(bootloader) 0x0000000000000000

OKAY [  0.003s]
Finished. Total time: 0.003s
['fastboot', '-s', 'cd0ee037', 'oem', 'debug', 'readq', '0x800955a0']
(bootloader) 0x0000000000000000

OKAY [  0.003s]
Finished. Total time: 0.003s
['fastboot', '-s', 'cd0ee037', 'oem', 'debug', 'readq', '0x800955a8']
(bootloader) 0x0000000000000000

OKAY [  0.003s]
Finished. Total time: 0.003s
['fastboot', '-s', 'cd0ee037', 'oem', 'debug', 'readq', '0x800955b0']
(bootloader) 0x0000000000000000

OKAY [  0.003s]
Finished. Total time: 0.003s
['fastboot', '-s', 'cd0ee037', 'oem', 'debug', 'readq', '0x800955b8']
(bootloader) 0x0000000000000000

OKAY [  0.003s]
Finished. Total time: 0.003s
['fastboot', '-s', 'cd0ee037', 'oem', 'debug', 'readq', '0x800955c0']
(bootloader) 0x0000000000000000

OKAY [  0.003s]
Finished. Total time: 0.003s
['fastboot', '-s', 'cd0ee037', 'oem', 'debug', 'readq', '0x800955c8']
(bootloader) 0x0000000000000000

OKAY [  0.003s]
Finished. Total time: 0.003s
['fastboot', '-s', 'cd0ee037', 'oem', 'debug', 'readq', '0x800955d0']
(bootloader) 0x0000000000000000

OKAY [  0.003s]
Finished. Total time: 0.003s
['fastboot', '-s', 'cd0ee037', 'oem', 'debug', 'readq', '0x800955d8']
(bootloader) 0x0000000000000000

OKAY [  0.003s]
Finished. Total time: 0.003s
['fastboot', '-s', 'cd0ee037', 'oem', 'debug', 'readq', '0x800955e0']
(bootloader) 0x0000000000000000

OKAY [  0.003s]
Finished. Total time: 0.003s
['fastboot', '-s', 'cd0ee037', 'oem', 'debug', 'readq', '0x800955e8']
(bootloader) 0x0000000000000000

OKAY [  0.003s]
Finished. Total time: 0.003s
['fastboot', '-s', 'cd0ee037', 'oem', 'debug', 'readq', '0x800955f0']
(bootloader) 0x0000000000000000

OKAY [  0.003s]
Finished. Total time: 0.003s
['fastboot', '-s', 'cd0ee037', 'oem', 'debug', 'readq', '0x800955f8']
(bootloader) 0x0000000000000000

OKAY [  0.003s]
Finished. Total time: 0.003s
['fastboot', '-s', 'cd0ee037', 'oem', 'debug', 'readq', '0x80095600']
(bootloader) 0x0000000000000000

OKAY [  0.003s]
Finished. Total time: 0.003s
['fastboot', '-s', 'cd0ee037', 'oem', 'debug', 'readq', '0x80095608']
(bootloader) 0x0000000000000000

OKAY [  0.003s]
Finished. Total time: 0.003s
['fastboot', '-s', 'cd0ee037', 'oem', 'debug', 'readq', '0x80095610']
(bootloader) 0x0000000000000000

OKAY [  0.003s]
Finished. Total time: 0.003s
['fastboot', '-s', 'cd0ee037', 'oem', 'debug', 'readq', '0x80095618']
(bootloader) 0x0000000000000000

OKAY [  0.003s]
Finished. Total time: 0.003s
['fastboot', '-s', 'cd0ee037', 'oem', 'debug', 'readq', '0x80095620']
(bootloader) 0x0000000000000000

OKAY [  0.003s]
Finished. Total time: 0.003s
['fastboot', '-s', 'cd0ee037', 'oem', 'debug', 'readq', '0x80095628']
(bootloader) 0x0000000000000000

OKAY [  0.003s]
Finished. Total time: 0.003s
['fastboot', '-s', 'cd0ee037', 'oem', 'debug', 'readq', '0x80095630']
(bootloader) 0x0000000000000000

OKAY [  0.003s]
Finished. Total time: 0.003s
['fastboot', '-s', 'cd0ee037', 'oem', 'debug', 'readq', '0x80095638']
(bootloader) 0x0000000000000000

OKAY [  0.003s]
Finished. Total time: 0.003s
['fastboot', '-s', 'cd0ee037', 'oem', 'debug', 'readq', '0x80095640']
(bootloader) 0x0000000000000000

OKAY [  0.003s]
Finished. Total time: 0.003s
['fastboot', '-s', 'cd0ee037', 'oem', 'debug', 'readq', '0x80095648']
(bootloader) 0x0000000000000000

OKAY [  0.003s]
Finished. Total time: 0.003s
['fastboot', '-s', 'cd0ee037', 'oem', 'debug', 'readq', '0x80095650']
(bootloader) 0x0000000000000000

OKAY [  0.003s]
Finished. Total time: 0.003s
['fastboot', '-s', 'cd0ee037', 'oem', 'debug', 'readq', '0x80095658']
(bootloader) 0x0000000000000000

OKAY [  0.003s]
Finished. Total time: 0.003s
['fastboot', '-s', 'cd0ee037', 'oem', 'debug', 'readq', '0x80095660']
(bootloader) 0x0000000000000000

OKAY [  0.003s]
Finished. Total time: 0.003s
['fastboot', '-s', 'cd0ee037', 'oem', 'debug', 'readq', '0x80095668']
(bootloader) 0x0000000000000000

OKAY [  0.003s]
Finished. Total time: 0.003s
['fastboot', '-s', 'cd0ee037', 'oem', 'debug', 'readq', '0x80095670']
(bootloader) 0x0000000000000000

OKAY [  0.003s]
Finished. Total time: 0.003s
['fastboot', '-s', 'cd0ee037', 'oem', 'debug', 'readq', '0x80095678']
(bootloader) 0x0000000000000000

OKAY [  0.003s]
Finished. Total time: 0.003s
['fastboot', '-s', 'cd0ee037', 'oem', 'debug', 'readq', '0x80095680']
(bootloader) 0x0000000000000000

OKAY [  0.003s]
Finished. Total time: 0.003s
['fastboot', '-s', 'cd0ee037', 'oem', 'debug', 'readq', '0x80095688']
(bootloader) 0x0000000000000000

OKAY [  0.003s]
Finished. Total time: 0.003s
['fastboot', '-s', 'cd0ee037', 'oem', 'debug', 'readq', '0x80095690']
(bootloader) 0x0000000000000000

OKAY [  0.003s]
Finished. Total time: 0.003s
['fastboot', '-s', 'cd0ee037', 'oem', 'debug', 'readq', '0x80095698']
(bootloader) 0x0000000000000000

OKAY [  0.003s]
Finished. Total time: 0.003s
['fastboot', '-s', 'cd0ee037', 'oem', 'debug', 'readq', '0x800956a0']
(bootloader) 0x0000000000000000

OKAY [  0.003s]
Finished. Total time: 0.003s
['fastboot', '-s', 'cd0ee037', 'oem', 'debug', 'readq', '0x800956a8']
(bootloader) 0x0000000000000000

OKAY [  0.003s]
Finished. Total time: 0.003s
['fastboot', '-s', 'cd0ee037', 'oem', 'debug', 'readq', '0x800956b0']
(bootloader) 0x0000000000000000

OKAY [  0.003s]
Finished. Total time: 0.003s
['fastboot', '-s', 'cd0ee037', 'oem', 'debug', 'readq', '0x800956b8']
(bootloader) 0x0000000000000000

OKAY [  0.003s]
Finished. Total time: 0.003s
['fastboot', '-s', 'cd0ee037', 'oem', 'debug', 'readq', '0x800956c0']
(bootloader) 0x0000000000000000

OKAY [  0.003s]
Finished. Total time: 0.003s
['fastboot', '-s', 'cd0ee037', 'oem', 'debug', 'readq', '0x800956c8']
(bootloader) 0x0000000000000000

OKAY [  0.003s]
Finished. Total time: 0.003s
['fastboot', '-s', 'cd0ee037', 'oem', 'debug', 'readq', '0x800956d0']
(bootloader) 0x0000000000000000

OKAY [  0.003s]
Finished. Total time: 0.003s
['fastboot', '-s', 'cd0ee037', 'oem', 'debug', 'readq', '0x800956d8']
(bootloader) 0x0000000000000000

OKAY [  0.003s]
Finished. Total time: 0.003s
['fastboot', '-s', 'cd0ee037', 'oem', 'debug', 'readq', '0x800956e0']
(bootloader) 0x0000000000000000

OKAY [  0.003s]
Finished. Total time: 0.003s
['fastboot', '-s', 'cd0ee037', 'oem', 'debug', 'readq', '0x800956e8']
(bootloader) 0x0000000000000000

OKAY [  0.004s]
Finished. Total time: 0.004s
['fastboot', '-s', 'cd0ee037', 'oem', 'debug', 'readq', '0x800956f0']
(bootloader) 0x0000000000000000

OKAY [  0.004s]
Finished. Total time: 0.004s
['fastboot', '-s', 'cd0ee037', 'oem', 'debug', 'readq', '0x800956f8']
(bootloader) 0x0000000000000000

OKAY [  0.003s]
Finished. Total time: 0.003s
['fastboot', '-s', 'cd0ee037', 'oem', 'debug', 'readq', '0x80095700']
(bootloader) 0x0000000000000000

OKAY [  0.003s]
Finished. Total time: 0.003s
['fastboot', '-s', 'cd0ee037', 'oem', 'debug', 'readq', '0x80095708']
(bootloader) 0x0000000000000000

OKAY [  0.003s]
Finished. Total time: 0.003s
['fastboot', '-s', 'cd0ee037', 'oem', 'debug', 'readq', '0x80095710']
(bootloader) 0x0000000000000000

OKAY [  0.003s]
Finished. Total time: 0.003s
['fastboot', '-s', 'cd0ee037', 'oem', 'debug', 'readq', '0x80095718']
(bootloader) 0x0000000000000000

OKAY [  0.003s]
Finished. Total time: 0.003s
['fastboot', '-s', 'cd0ee037', 'oem', 'debug', 'readq', '0x80095720']
(bootloader) 0x0000000000000000

OKAY [  0.003s]
Finished. Total time: 0.003s
['fastboot', '-s', 'cd0ee037', 'oem', 'debug', 'readq', '0x80095728']
(bootloader) 0x0000000000000000

OKAY [  0.003s]
Finished. Total time: 0.003s
['fastboot', '-s', 'cd0ee037', 'oem', 'debug', 'readq', '0x80095730']
(bootloader) 0x0000000000000000

OKAY [  0.003s]
Finished. Total time: 0.003s
['fastboot', '-s', 'cd0ee037', 'oem', 'debug', 'readq', '0x80095738']
(bootloader) 0x0000000000000000

OKAY [  0.003s]
Finished. Total time: 0.003s
['fastboot', '-s', 'cd0ee037', 'oem', 'debug', 'readq', '0x80095740']
(bootloader) 0x0000000000000000

OKAY [  0.003s]
Finished. Total time: 0.003s
['fastboot', '-s', 'cd0ee037', 'oem', 'debug', 'readq', '0x80095748']
(bootloader) 0x0000000000000000

OKAY [  0.003s]
Finished. Total time: 0.003s
['fastboot', '-s', 'cd0ee037', 'oem', 'debug', 'readq', '0x80095750']
(bootloader) 0x0000000000000000

OKAY [  0.003s]
Finished. Total time: 0.003s
['fastboot', '-s', 'cd0ee037', 'oem', 'debug', 'readq', '0x80095758']
(bootloader) 0x0000000000000000

OKAY [  0.003s]
Finished. Total time: 0.003s
['fastboot', '-s', 'cd0ee037', 'oem', 'debug', 'readq', '0x80095760']
(bootloader) 0x0000000000000000

OKAY [  0.003s]
Finished. Total time: 0.003s
['fastboot', '-s', 'cd0ee037', 'oem', 'debug', 'readq', '0x80095768']
(bootloader) 0x0000000000000000

OKAY [  0.003s]
Finished. Total time: 0.003s
['fastboot', '-s', 'cd0ee037', 'oem', 'debug', 'readq', '0x80095770']
(bootloader) 0x0000000000000000

OKAY [  0.003s]
Finished. Total time: 0.003s
['fastboot', '-s', 'cd0ee037', 'oem', 'debug', 'readq', '0x80095778']
(bootloader) 0x0000000000000000

OKAY [  0.003s]
Finished. Total time: 0.003s
['fastboot', '-s', 'cd0ee037', 'oem', 'debug', 'readq', '0x80095780']
(bootloader) 0x0000000000000000

OKAY [  0.003s]
Finished. Total time: 0.003s
['fastboot', '-s', 'cd0ee037', 'oem', 'debug', 'readq', '0x80095788']
(bootloader) 0x0000000000000000

OKAY [  0.003s]
Finished. Total time: 0.003s
['fastboot', '-s', 'cd0ee037', 'oem', 'debug', 'readq', '0x80095790']
(bootloader) 0x0000000000000000

OKAY [  0.003s]
Finished. Total time: 0.003s
['fastboot', '-s', 'cd0ee037', 'oem', 'debug', 'readq', '0x80095798']
(bootloader) 0x0000000000000000

OKAY [  0.004s]
Finished. Total time: 0.004s
['fastboot', '-s', 'cd0ee037', 'oem', 'debug', 'readq', '0x800957a0']
(bootloader) 0x0000000000000000

OKAY [  0.003s]
Finished. Total time: 0.003s
['fastboot', '-s', 'cd0ee037', 'oem', 'debug', 'readq', '0x800957a8']
(bootloader) 0x0000000000000000

OKAY [  0.003s]
Finished. Total time: 0.003s
['fastboot', '-s', 'cd0ee037', 'oem', 'debug', 'readq', '0x800957b0']
(bootloader) 0x0000000000000000

OKAY [  0.003s]
Finished. Total time: 0.003s
['fastboot', '-s', 'cd0ee037', 'oem', 'debug', 'readq', '0x800957b8']
(bootloader) 0x0000000000000000

OKAY [  0.003s]
Finished. Total time: 0.003s
['fastboot', '-s', 'cd0ee037', 'oem', 'debug', 'readq', '0x800957c0']
(bootloader) 0x0000000000000000

OKAY [  0.003s]
Finished. Total time: 0.003s
['fastboot', '-s', 'cd0ee037', 'oem', 'debug', 'readq', '0x800957c8']
(bootloader) 0x0000000000000000

OKAY [  0.003s]
Finished. Total time: 0.003s
['fastboot', '-s', 'cd0ee037', 'oem', 'debug', 'readq', '0x800957d0']
(bootloader) 0x0000000000000000

OKAY [  0.003s]
Finished. Total time: 0.003s
['fastboot', '-s', 'cd0ee037', 'oem', 'debug', 'readq', '0x800957d8']
(bootloader) 0x0000000000000000

OKAY [  0.003s]
Finished. Total time: 0.003s
['fastboot', '-s', 'cd0ee037', 'oem', 'debug', 'readq', '0x800957e0']
(bootloader) 0x0000000000000000

OKAY [  0.003s]
Finished. Total time: 0.003s
['fastboot', '-s', 'cd0ee037', 'oem', 'debug', 'readq', '0x800957e8']
(bootloader) 0x0000000000000000

OKAY [  0.003s]
Finished. Total time: 0.003s
['fastboot', '-s', 'cd0ee037', 'oem', 'debug', 'readq', '0x800957f0']
(bootloader) 0x0000000000000000

OKAY [  0.003s]
Finished. Total time: 0.003s
['fastboot', '-s', 'cd0ee037', 'oem', 'debug', 'readq', '0x800957f8']
(bootloader) 0x0000000000000000

OKAY [  0.003s]
Finished. Total time: 0.003s
['fastboot', '-s', 'cd0ee037', 'oem', 'debug', 'readq', '0x80095800']
(bootloader) 0x0000000000000000

OKAY [  0.003s]
Finished. Total time: 0.003s
['fastboot', '-s', 'cd0ee037', 'oem', 'debug', 'readq', '0x80095808']
(bootloader) 0x0000000000000000

OKAY [  0.003s]
Finished. Total time: 0.003s
['fastboot', '-s', 'cd0ee037', 'oem', 'debug', 'readq', '0x80095810']
(bootloader) 0x0000000000000000

OKAY [  0.003s]
Finished. Total time: 0.003s
['fastboot', '-s', 'cd0ee037', 'oem', 'debug', 'readq', '0x80095818']
(bootloader) 0x0000000000000000

OKAY [  0.003s]
Finished. Total time: 0.003s
['fastboot', '-s', 'cd0ee037', 'oem', 'debug', 'readq', '0x80095820']
(bootloader) 0x0000000000000000

OKAY [  0.003s]
Finished. Total time: 0.003s
['fastboot', '-s', 'cd0ee037', 'oem', 'debug', 'readq', '0x80095828']
(bootloader) 0x0000000000000000

OKAY [  0.003s]
Finished. Total time: 0.003s
['fastboot', '-s', 'cd0ee037', 'oem', 'debug', 'readq', '0x80095830']
(bootloader) 0x0000000000000000

OKAY [  0.003s]
Finished. Total time: 0.003s
['fastboot', '-s', 'cd0ee037', 'oem', 'debug', 'readq', '0x80095838']
(bootloader) 0x0000000000000000

OKAY [  0.003s]
Finished. Total time: 0.003s
['fastboot', '-s', 'cd0ee037', 'oem', 'debug', 'readq', '0x80095840']
(bootloader) 0x0000000000000000

OKAY [  0.003s]
Finished. Total time: 0.003s
['fastboot', '-s', 'cd0ee037', 'oem', 'debug', 'readq', '0x80095848']
(bootloader) 0x0000000000000000

OKAY [  0.003s]
Finished. Total time: 0.003s
['fastboot', '-s', 'cd0ee037', 'oem', 'debug', 'readq', '0x80095850']
(bootloader) 0x0000000000000000

OKAY [  0.003s]
Finished. Total time: 0.003s
['fastboot', '-s', 'cd0ee037', 'oem', 'debug', 'readq', '0x80095858']
(bootloader) 0x0000000000000000

OKAY [  0.003s]
Finished. Total time: 0.003s
['fastboot', '-s', 'cd0ee037', 'oem', 'debug', 'readq', '0x80095860']
(bootloader) 0x0000000000000000

OKAY [  0.003s]
Finished. Total time: 0.003s
['fastboot', '-s', 'cd0ee037', 'oem', 'debug', 'readq', '0x80095868']
(bootloader) 0x0000000000000000

OKAY [  0.003s]
Finished. Total time: 0.003s
['fastboot', '-s', 'cd0ee037', 'oem', 'debug', 'readq', '0x80095870']
(bootloader) 0x0000000000000000

OKAY [  0.003s]
Finished. Total time: 0.003s
['fastboot', '-s', 'cd0ee037', 'oem', 'debug', 'readq', '0x80095878']
(bootloader) 0x0000000000000000

OKAY [  0.003s]
Finished. Total time: 0.003s
['fastboot', '-s', 'cd0ee037', 'oem', 'debug', 'readq', '0x80095880']
(bootloader) 0x0000000000000000

OKAY [  0.003s]
Finished. Total time: 0.003s
['fastboot', '-s', 'cd0ee037', 'oem', 'debug', 'readq', '0x80095888']
(bootloader) 0x0000000000000000

OKAY [  0.003s]
Finished. Total time: 0.003s
['fastboot', '-s', 'cd0ee037', 'oem', 'debug', 'readq', '0x80095890']
(bootloader) 0x0000000000000000

OKAY [  0.003s]
Finished. Total time: 0.003s
['fastboot', '-s', 'cd0ee037', 'oem', 'debug', 'readq', '0x80095898']
(bootloader) 0x0000000000000000

OKAY [  0.003s]
Finished. Total time: 0.003s
['fastboot', '-s', 'cd0ee037', 'oem', 'debug', 'readq', '0x800958a0']
(bootloader) 0x0000000000000000

OKAY [  0.003s]
Finished. Total time: 0.003s
['fastboot', '-s', 'cd0ee037', 'oem', 'debug', 'readq', '0x800958a8']
(bootloader) 0x0000000000000000

OKAY [  0.003s]
Finished. Total time: 0.003s
['fastboot', '-s', 'cd0ee037', 'oem', 'debug', 'readq', '0x800958b0']
(bootloader) 0x0000000000000000

OKAY [  0.003s]
Finished. Total time: 0.003s
['fastboot', '-s', 'cd0ee037', 'oem', 'debug', 'readq', '0x800958b8']
(bootloader) 0x0000000000000000

OKAY [  0.003s]
Finished. Total time: 0.003s
['fastboot', '-s', 'cd0ee037', 'oem', 'debug', 'readq', '0x800958c0']
(bootloader) 0x0000000000000000

OKAY [  0.003s]
Finished. Total time: 0.003s
['fastboot', '-s', 'cd0ee037', 'oem', 'debug', 'readq', '0x800958c8']
(bootloader) 0x0000000000000000

OKAY [  0.003s]
Finished. Total time: 0.003s
['fastboot', '-s', 'cd0ee037', 'oem', 'debug', 'readq', '0x800958d0']
(bootloader) 0x0000000000000000

OKAY [  0.003s]
Finished. Total time: 0.003s
['fastboot', '-s', 'cd0ee037', 'oem', 'debug', 'readq', '0x800958d8']
(bootloader) 0x0000000000000000

OKAY [  0.003s]
Finished. Total time: 0.003s
['fastboot', '-s', 'cd0ee037', 'oem', 'debug', 'readq', '0x800958e0']
(bootloader) 0x0000000000000000

OKAY [  0.003s]
Finished. Total time: 0.003s
['fastboot', '-s', 'cd0ee037', 'oem', 'debug', 'readq', '0x800958e8']
(bootloader) 0x0000000000000000

OKAY [  0.003s]
Finished. Total time: 0.003s
['fastboot', '-s', 'cd0ee037', 'oem', 'debug', 'readq', '0x800958f0']
(bootloader) 0x0000000000000000

OKAY [  0.003s]
Finished. Total time: 0.003s
['fastboot', '-s', 'cd0ee037', 'oem', 'debug', 'readq', '0x800958f8']
(bootloader) 0x0000000000000000

OKAY [  0.003s]
Finished. Total time: 0.003s
['fastboot', '-s', 'cd0ee037', 'oem', 'debug', 'readq', '0x80095900']
(bootloader) 0x0000000000000000

OKAY [  0.003s]
Finished. Total time: 0.003s
['fastboot', '-s', 'cd0ee037', 'oem', 'debug', 'readq', '0x80095908']
(bootloader) 0x0000000000000000

OKAY [  0.004s]
Finished. Total time: 0.004s
['fastboot', '-s', 'cd0ee037', 'oem', 'debug', 'readq', '0x80095910']
(bootloader) 0x0000000000000000

OKAY [  0.003s]
Finished. Total time: 0.003s
['fastboot', '-s', 'cd0ee037', 'oem', 'debug', 'readq', '0x80095918']
(bootloader) 0x0000000000000000

OKAY [  0.003s]
Finished. Total time: 0.003s
['fastboot', '-s', 'cd0ee037', 'oem', 'debug', 'readq', '0x80095920']
(bootloader) 0x0000000000000000

OKAY [  0.003s]
Finished. Total time: 0.003s
['fastboot', '-s', 'cd0ee037', 'oem', 'debug', 'readq', '0x80095928']
(bootloader) 0x0000000000000000

OKAY [  0.003s]
Finished. Total time: 0.003s
['fastboot', '-s', 'cd0ee037', 'oem', 'debug', 'readq', '0x80095930']
(bootloader) 0x0000000000000000

OKAY [  0.003s]
Finished. Total time: 0.003s
['fastboot', '-s', 'cd0ee037', 'oem', 'debug', 'readq', '0x80095938']
(bootloader) 0x0000000000000000

OKAY [  0.003s]
Finished. Total time: 0.003s
['fastboot', '-s', 'cd0ee037', 'oem', 'debug', 'readq', '0x80095940']
(bootloader) 0x0000000000000000

OKAY [  0.003s]
Finished. Total time: 0.003s
['fastboot', '-s', 'cd0ee037', 'oem', 'debug', 'readq', '0x80095948']
(bootloader) 0x0000000000000000

OKAY [  0.003s]
Finished. Total time: 0.003s
['fastboot', '-s', 'cd0ee037', 'oem', 'debug', 'readq', '0x80095950']
(bootloader) 0x0000000000000000

OKAY [  0.003s]
Finished. Total time: 0.003s
['fastboot', '-s', 'cd0ee037', 'oem', 'debug', 'readq', '0x80095958']
(bootloader) 0x0000000000000000

OKAY [  0.003s]
Finished. Total time: 0.003s
['fastboot', '-s', 'cd0ee037', 'oem', 'debug', 'readq', '0x80095960']
(bootloader) 0x0000000000000000

OKAY [  0.003s]
Finished. Total time: 0.003s
['fastboot', '-s', 'cd0ee037', 'oem', 'debug', 'readq', '0x80095968']
(bootloader) 0x0000000000000000

OKAY [  0.003s]
Finished. Total time: 0.003s
['fastboot', '-s', 'cd0ee037', 'oem', 'debug', 'readq', '0x80095970']
(bootloader) 0x0000000000000000

OKAY [  0.003s]
Finished. Total time: 0.003s
['fastboot', '-s', 'cd0ee037', 'oem', 'debug', 'readq', '0x80095978']
(bootloader) 0x0000000000000000

OKAY [  0.003s]
Finished. Total time: 0.003s
['fastboot', '-s', 'cd0ee037', 'oem', 'debug', 'readq', '0x80095980']
(bootloader) 0x0000000000000000

OKAY [  0.003s]
Finished. Total time: 0.003s
['fastboot', '-s', 'cd0ee037', 'oem', 'debug', 'readq', '0x80095988']
(bootloader) 0x0000000000000000

OKAY [  0.003s]
Finished. Total time: 0.003s
['fastboot', '-s', 'cd0ee037', 'oem', 'debug', 'readq', '0x80095990']
(bootloader) 0x0000000000000000

OKAY [  0.003s]
Finished. Total time: 0.003s
['fastboot', '-s', 'cd0ee037', 'oem', 'debug', 'readq', '0x80095998']
(bootloader) 0x0000000000000000

OKAY [  0.003s]
Finished. Total time: 0.003s
['fastboot', '-s', 'cd0ee037', 'oem', 'debug', 'readq', '0x800959a0']
(bootloader) 0x0000000000000000

OKAY [  0.003s]
Finished. Total time: 0.003s
['fastboot', '-s', 'cd0ee037', 'oem', 'debug', 'readq', '0x800959a8']
(bootloader) 0x0000000000000000

OKAY [  0.003s]
Finished. Total time: 0.003s
['fastboot', '-s', 'cd0ee037', 'oem', 'debug', 'readq', '0x800959b0']
(bootloader) 0x0000000000000000

OKAY [  0.003s]
Finished. Total time: 0.003s
['fastboot', '-s', 'cd0ee037', 'oem', 'debug', 'readq', '0x800959b8']
(bootloader) 0x0000000000000000

OKAY [  0.003s]
Finished. Total time: 0.003s
['fastboot', '-s', 'cd0ee037', 'oem', 'debug', 'readq', '0x800959c0']
(bootloader) 0x0000000000000000

OKAY [  0.003s]
Finished. Total time: 0.003s
['fastboot', '-s', 'cd0ee037', 'oem', 'debug', 'readq', '0x800959c8']
(bootloader) 0x0000000000000000

OKAY [  0.003s]
Finished. Total time: 0.003s
['fastboot', '-s', 'cd0ee037', 'oem', 'debug', 'readq', '0x800959d0']
(bootloader) 0x0000000000000000

OKAY [  0.003s]
Finished. Total time: 0.003s
['fastboot', '-s', 'cd0ee037', 'oem', 'debug', 'readq', '0x800959d8']
(bootloader) 0x0000000000000000

OKAY [  0.003s]
Finished. Total time: 0.003s
['fastboot', '-s', 'cd0ee037', 'oem', 'debug', 'readq', '0x800959e0']
(bootloader) 0x0000000000000000

OKAY [  0.003s]
Finished. Total time: 0.003s
['fastboot', '-s', 'cd0ee037', 'oem', 'debug', 'readq', '0x800959e8']
(bootloader) 0x0000000000000000

OKAY [  0.003s]
Finished. Total time: 0.003s
['fastboot', '-s', 'cd0ee037', 'oem', 'debug', 'readq', '0x800959f0']
(bootloader) 0x0000000000000000

OKAY [  0.003s]
Finished. Total time: 0.003s
['fastboot', '-s', 'cd0ee037', 'oem', 'debug', 'readq', '0x800959f8']
(bootloader) 0x0000000000000000

OKAY [  0.003s]
Finished. Total time: 0.003s
['fastboot', '-s', 'cd0ee037', 'oem', 'debug', 'readq', '0x80095a00']
(bootloader) 0x0000000000000000

OKAY [  0.003s]
Finished. Total time: 0.003s
['fastboot', '-s', 'cd0ee037', 'oem', 'debug', 'readq', '0x80095a08']
(bootloader) 0x0000000000000000

OKAY [  0.003s]
Finished. Total time: 0.003s
['fastboot', '-s', 'cd0ee037', 'oem', 'debug', 'readq', '0x80095a10']
(bootloader) 0x0000000000000000

OKAY [  0.003s]
Finished. Total time: 0.003s
['fastboot', '-s', 'cd0ee037', 'oem', 'debug', 'readq', '0x80095a18']
(bootloader) 0x0000000000000000

OKAY [  0.003s]
Finished. Total time: 0.003s
['fastboot', '-s', 'cd0ee037', 'oem', 'debug', 'readq', '0x80095a20']
(bootloader) 0x0000000000000000

OKAY [  0.003s]
Finished. Total time: 0.003s
['fastboot', '-s', 'cd0ee037', 'oem', 'debug', 'readq', '0x80095a28']
(bootloader) 0x0000000000000000

OKAY [  0.003s]
Finished. Total time: 0.003s
['fastboot', '-s', 'cd0ee037', 'oem', 'debug', 'readq', '0x80095a30']
(bootloader) 0x0000000000000000

OKAY [  0.003s]
Finished. Total time: 0.003s
['fastboot', '-s', 'cd0ee037', 'oem', 'debug', 'readq', '0x80095a38']
(bootloader) 0x0000000000000000

OKAY [  0.003s]
Finished. Total time: 0.003s
['fastboot', '-s', 'cd0ee037', 'oem', 'debug', 'readq', '0x80095a40']
(bootloader) 0x0000000000000000

OKAY [  0.003s]
Finished. Total time: 0.003s
['fastboot', '-s', 'cd0ee037', 'oem', 'debug', 'readq', '0x80095a48']
(bootloader) 0x0000000000000000

OKAY [  0.003s]
Finished. Total time: 0.003s
['fastboot', '-s', 'cd0ee037', 'oem', 'debug', 'readq', '0x80095a50']
(bootloader) 0x0000000000000000

OKAY [  0.003s]
Finished. Total time: 0.003s
['fastboot', '-s', 'cd0ee037', 'oem', 'debug', 'readq', '0x80095a58']
(bootloader) 0x0000000000000000

OKAY [  0.003s]
Finished. Total time: 0.003s
['fastboot', '-s', 'cd0ee037', 'oem', 'debug', 'readq', '0x80095a60']
(bootloader) 0x0000000000000000

OKAY [  0.003s]
Finished. Total time: 0.003s
['fastboot', '-s', 'cd0ee037', 'oem', 'debug', 'readq', '0x80095a68']
(bootloader) 0x0000000000000000

OKAY [  0.003s]
Finished. Total time: 0.003s
['fastboot', '-s', 'cd0ee037', 'oem', 'debug', 'readq', '0x80095a70']
(bootloader) 0x0000000000000000

OKAY [  0.003s]
Finished. Total time: 0.003s
['fastboot', '-s', 'cd0ee037', 'oem', 'debug', 'readq', '0x80095a78']
(bootloader) 0x0000000000000000

OKAY [  0.003s]
Finished. Total time: 0.003s
['fastboot', '-s', 'cd0ee037', 'oem', 'debug', 'readq', '0x80095a80']
(bootloader) 0x0000000000000000

OKAY [  0.003s]
Finished. Total time: 0.004s
['fastboot', '-s', 'cd0ee037', 'oem', 'debug', 'readq', '0x80095a88']
(bootloader) 0x0000000000000000

OKAY [  0.003s]
Finished. Total time: 0.003s
['fastboot', '-s', 'cd0ee037', 'oem', 'debug', 'readq', '0x80095a90']
(bootloader) 0x0000000000000000

OKAY [  0.003s]
Finished. Total time: 0.003s
['fastboot', '-s', 'cd0ee037', 'oem', 'debug', 'readq', '0x80095a98']
(bootloader) 0x0000000000000000

OKAY [  0.003s]
Finished. Total time: 0.003s
['fastboot', '-s', 'cd0ee037', 'oem', 'debug', 'readq', '0x80095aa0']
(bootloader) 0x0000000000000000

OKAY [  0.003s]
Finished. Total time: 0.003s
['fastboot', '-s', 'cd0ee037', 'oem', 'debug', 'readq', '0x80095aa8']
(bootloader) 0x0000000000000000

OKAY [  0.003s]
Finished. Total time: 0.003s
['fastboot', '-s', 'cd0ee037', 'oem', 'debug', 'readq', '0x80095ab0']
(bootloader) 0x0000000000000000

OKAY [  0.003s]
Finished. Total time: 0.003s
['fastboot', '-s', 'cd0ee037', 'oem', 'debug', 'readq', '0x80095ab8']
(bootloader) 0x0000000000000000

OKAY [  0.003s]
Finished. Total time: 0.003s
['fastboot', '-s', 'cd0ee037', 'oem', 'debug', 'readq', '0x80095ac0']
(bootloader) 0x0000000000000000

OKAY [  0.003s]
Finished. Total time: 0.003s
['fastboot', '-s', 'cd0ee037', 'oem', 'debug', 'readq', '0x80095ac8']
(bootloader) 0x0000000000000000

OKAY [  0.003s]
Finished. Total time: 0.003s
['fastboot', '-s', 'cd0ee037', 'oem', 'debug', 'readq', '0x80095ad0']
(bootloader) 0x0000000000000000

OKAY [  0.003s]
Finished. Total time: 0.003s
['fastboot', '-s', 'cd0ee037', 'oem', 'debug', 'readq', '0x80095ad8']
(bootloader) 0x0000000000000000

OKAY [  0.003s]
Finished. Total time: 0.003s
['fastboot', '-s', 'cd0ee037', 'oem', 'debug', 'readq', '0x80095ae0']
(bootloader) 0x0000000000000000

OKAY [  0.003s]
Finished. Total time: 0.003s
['fastboot', '-s', 'cd0ee037', 'oem', 'debug', 'readq', '0x80095ae8']
(bootloader) 0x0000000000000000

OKAY [  0.003s]
Finished. Total time: 0.003s
['fastboot', '-s', 'cd0ee037', 'oem', 'debug', 'readq', '0x80095af0']
(bootloader) 0x0000000000000000

OKAY [  0.003s]
Finished. Total time: 0.003s
['fastboot', '-s', 'cd0ee037', 'oem', 'debug', 'readq', '0x80095af8']
(bootloader) 0x0000000000000000

OKAY [  0.003s]
Finished. Total time: 0.003s
['fastboot', '-s', 'cd0ee037', 'oem', 'debug', 'readq', '0x80095b00']
(bootloader) 0x0000000000000000

OKAY [  0.003s]
Finished. Total time: 0.003s
['fastboot', '-s', 'cd0ee037', 'oem', 'debug', 'readq', '0x80095b08']
(bootloader) 0x0000000000000000

OKAY [  0.003s]
Finished. Total time: 0.003s
['fastboot', '-s', 'cd0ee037', 'oem', 'debug', 'readq', '0x80095b10']
(bootloader) 0x0000000000000000

OKAY [  0.003s]
Finished. Total time: 0.003s
['fastboot', '-s', 'cd0ee037', 'oem', 'debug', 'readq', '0x80095b18']
(bootloader) 0x0000000000000000

OKAY [  0.003s]
Finished. Total time: 0.003s
['fastboot', '-s', 'cd0ee037', 'oem', 'debug', 'readq', '0x80095b20']
(bootloader) 0x0000000000000000

OKAY [  0.003s]
Finished. Total time: 0.003s
['fastboot', '-s', 'cd0ee037', 'oem', 'debug', 'readq', '0x80095b28']
(bootloader) 0x0000000000000000

OKAY [  0.003s]
Finished. Total time: 0.003s
['fastboot', '-s', 'cd0ee037', 'oem', 'debug', 'readq', '0x80095b30']
(bootloader) 0x0000000000000000

OKAY [  0.003s]
Finished. Total time: 0.003s
['fastboot', '-s', 'cd0ee037', 'oem', 'debug', 'readq', '0x80095b38']
(bootloader) 0x0000000000000000

OKAY [  0.003s]
Finished. Total time: 0.003s
['fastboot', '-s', 'cd0ee037', 'oem', 'debug', 'readq', '0x80095b40']
(bootloader) 0x0000000000000000

OKAY [  0.003s]
Finished. Total time: 0.003s
['fastboot', '-s', 'cd0ee037', 'oem', 'debug', 'readq', '0x80095b48']
(bootloader) 0x0000000000000000

OKAY [  0.003s]
Finished. Total time: 0.003s
['fastboot', '-s', 'cd0ee037', 'oem', 'debug', 'readq', '0x80095b50']
(bootloader) 0x0000000000000000

OKAY [  0.003s]
Finished. Total time: 0.003s
['fastboot', '-s', 'cd0ee037', 'oem', 'debug', 'readq', '0x80095b58']
(bootloader) 0x0000000000000000

OKAY [  0.003s]
Finished. Total time: 0.003s
['fastboot', '-s', 'cd0ee037', 'oem', 'debug', 'readq', '0x80095b60']
(bootloader) 0x0000000000000000

OKAY [  0.003s]
Finished. Total time: 0.003s
['fastboot', '-s', 'cd0ee037', 'oem', 'debug', 'readq', '0x80095b68']
(bootloader) 0x0000000000000000

OKAY [  0.003s]
Finished. Total time: 0.003s
['fastboot', '-s', 'cd0ee037', 'oem', 'debug', 'readq', '0x80095b70']
(bootloader) 0x0000000000000000

OKAY [  0.003s]
Finished. Total time: 0.003s
['fastboot', '-s', 'cd0ee037', 'oem', 'debug', 'readq', '0x80095b78']
(bootloader) 0x0000000000000000

OKAY [  0.003s]
Finished. Total time: 0.003s
['fastboot', '-s', 'cd0ee037', 'oem', 'debug', 'readq', '0x80095b80']
(bootloader) 0x0000000000000000

OKAY [  0.003s]
Finished. Total time: 0.003s
['fastboot', '-s', 'cd0ee037', 'oem', 'debug', 'readq', '0x80095b88']
(bootloader) 0x0000000000000000

OKAY [  0.003s]
Finished. Total time: 0.003s
['fastboot', '-s', 'cd0ee037', 'oem', 'debug', 'readq', '0x80095b90']
(bootloader) 0x0000000000000000

OKAY [  0.003s]
Finished. Total time: 0.003s
['fastboot', '-s', 'cd0ee037', 'oem', 'debug', 'readq', '0x80095b98']
(bootloader) 0x0000000000000000

OKAY [  0.003s]
Finished. Total time: 0.003s
['fastboot', '-s', 'cd0ee037', 'oem', 'debug', 'readq', '0x80095ba0']
(bootloader) 0x0000000000000000

OKAY [  0.003s]
Finished. Total time: 0.003s
['fastboot', '-s', 'cd0ee037', 'oem', 'debug', 'readq', '0x80095ba8']
(bootloader) 0x0000000000000000

OKAY [  0.003s]
Finished. Total time: 0.003s
['fastboot', '-s', 'cd0ee037', 'oem', 'debug', 'readq', '0x80095bb0']
(bootloader) 0x0000000000000000

OKAY [  0.003s]
Finished. Total time: 0.003s
['fastboot', '-s', 'cd0ee037', 'oem', 'debug', 'readq', '0x80095bb8']
(bootloader) 0x0000000000000000

OKAY [  0.003s]
Finished. Total time: 0.003s
['fastboot', '-s', 'cd0ee037', 'oem', 'debug', 'readq', '0x80095bc0']
(bootloader) 0x0000000000000000

OKAY [  0.003s]
Finished. Total time: 0.003s
['fastboot', '-s', 'cd0ee037', 'oem', 'debug', 'readq', '0x80095bc8']
(bootloader) 0x0000000000000000

OKAY [  0.003s]
Finished. Total time: 0.003s
['fastboot', '-s', 'cd0ee037', 'oem', 'debug', 'readq', '0x80095bd0']
(bootloader) 0x0000000000000000

OKAY [  0.003s]
Finished. Total time: 0.003s
['fastboot', '-s', 'cd0ee037', 'oem', 'debug', 'readq', '0x80095bd8']
(bootloader) 0x0000000000000000

OKAY [  0.003s]
Finished. Total time: 0.003s
['fastboot', '-s', 'cd0ee037', 'oem', 'debug', 'readq', '0x80095be0']
(bootloader) 0x0000000000000000

OKAY [  0.003s]
Finished. Total time: 0.003s
['fastboot', '-s', 'cd0ee037', 'oem', 'debug', 'readq', '0x80095be8']
(bootloader) 0x0000000000000000

OKAY [  0.003s]
Finished. Total time: 0.003s
['fastboot', '-s', 'cd0ee037', 'oem', 'debug', 'readq', '0x80095bf0']
(bootloader) 0x0000000000000000

OKAY [  0.003s]
Finished. Total time: 0.003s
['fastboot', '-s', 'cd0ee037', 'oem', 'debug', 'readq', '0x80095bf8']
(bootloader) 0x0000000000000000

OKAY [  0.003s]
Finished. Total time: 0.003s
['fastboot', '-s', 'cd0ee037', 'oem', 'debug', 'readq', '0x80095c00']
(bootloader) 0x0000000000000000

OKAY [  0.003s]
Finished. Total time: 0.003s
['fastboot', '-s', 'cd0ee037', 'oem', 'debug', 'readq', '0x80095c08']
(bootloader) 0x0000000000000000

OKAY [  0.003s]
Finished. Total time: 0.003s
['fastboot', '-s', 'cd0ee037', 'oem', 'debug', 'readq', '0x80095c10']
(bootloader) 0x0000000000000000

OKAY [  0.003s]
Finished. Total time: 0.003s
['fastboot', '-s', 'cd0ee037', 'oem', 'debug', 'readq', '0x80095c18']
(bootloader) 0x0000000000000000

OKAY [  0.003s]
Finished. Total time: 0.003s
['fastboot', '-s', 'cd0ee037', 'oem', 'debug', 'readq', '0x80095c20']
(bootloader) 0x0000000000000000

OKAY [  0.003s]
Finished. Total time: 0.003s
['fastboot', '-s', 'cd0ee037', 'oem', 'debug', 'readq', '0x80095c28']
(bootloader) 0x0000000000000000

OKAY [  0.003s]
Finished. Total time: 0.003s
['fastboot', '-s', 'cd0ee037', 'oem', 'debug', 'readq', '0x80095c30']
(bootloader) 0x0000000000000000

OKAY [  0.003s]
Finished. Total time: 0.003s
['fastboot', '-s', 'cd0ee037', 'oem', 'debug', 'readq', '0x80095c38']
(bootloader) 0x0000000000000000

OKAY [  0.003s]
Finished. Total time: 0.003s
['fastboot', '-s', 'cd0ee037', 'oem', 'debug', 'readq', '0x80095c40']
(bootloader) 0x0000000000000000

OKAY [  0.003s]
Finished. Total time: 0.003s
['fastboot', '-s', 'cd0ee037', 'oem', 'debug', 'readq', '0x80095c48']
(bootloader) 0x0000000000000000

OKAY [  0.003s]
Finished. Total time: 0.003s
['fastboot', '-s', 'cd0ee037', 'oem', 'debug', 'readq', '0x80095c50']
(bootloader) 0x0000000000000000

OKAY [  0.003s]
Finished. Total time: 0.003s
['fastboot', '-s', 'cd0ee037', 'oem', 'debug', 'readq', '0x80095c58']
(bootloader) 0x0000000000000000

OKAY [  0.003s]
Finished. Total time: 0.003s
['fastboot', '-s', 'cd0ee037', 'oem', 'debug', 'readq', '0x80095c60']
(bootloader) 0x0000000000000000

OKAY [  0.003s]
Finished. Total time: 0.003s
['fastboot', '-s', 'cd0ee037', 'oem', 'debug', 'readq', '0x80095c68']
(bootloader) 0x0000000000000000

OKAY [  0.003s]
Finished. Total time: 0.003s
['fastboot', '-s', 'cd0ee037', 'oem', 'debug', 'readq', '0x80095c70']
(bootloader) 0x0000000000000000

OKAY [  0.003s]
Finished. Total time: 0.003s
['fastboot', '-s', 'cd0ee037', 'oem', 'debug', 'readq', '0x80095c78']
(bootloader) 0x0000000000000000

OKAY [  0.003s]
Finished. Total time: 0.003s
['fastboot', '-s', 'cd0ee037', 'oem', 'debug', 'readq', '0x80095c80']
(bootloader) 0x0000000000000000

OKAY [  0.003s]
Finished. Total time: 0.003s
['fastboot', '-s', 'cd0ee037', 'oem', 'debug', 'readq', '0x80095c88']
(bootloader) 0x0000000000000000

OKAY [  0.003s]
Finished. Total time: 0.003s
['fastboot', '-s', 'cd0ee037', 'oem', 'debug', 'readq', '0x80095c90']
(bootloader) 0x0000000000000000

OKAY [  0.003s]
Finished. Total time: 0.003s
['fastboot', '-s', 'cd0ee037', 'oem', 'debug', 'readq', '0x80095c98']
(bootloader) 0x0000000000000000

OKAY [  0.003s]
Finished. Total time: 0.003s
['fastboot', '-s', 'cd0ee037', 'oem', 'debug', 'readq', '0x80095ca0']
(bootloader) 0x0000000000000000

OKAY [  0.003s]
Finished. Total time: 0.003s
['fastboot', '-s', 'cd0ee037', 'oem', 'debug', 'readq', '0x80095ca8']
(bootloader) 0x0000000000000000

OKAY [  0.003s]
Finished. Total time: 0.003s
['fastboot', '-s', 'cd0ee037', 'oem', 'debug', 'readq', '0x80095cb0']
(bootloader) 0x0000000000000000

OKAY [  0.003s]
Finished. Total time: 0.003s
['fastboot', '-s', 'cd0ee037', 'oem', 'debug', 'readq', '0x80095cb8']
(bootloader) 0x0000000000000000

OKAY [  0.003s]
Finished. Total time: 0.003s
['fastboot', '-s', 'cd0ee037', 'oem', 'debug', 'readq', '0x80095cc0']
(bootloader) 0x0000000000000000

OKAY [  0.003s]
Finished. Total time: 0.003s
['fastboot', '-s', 'cd0ee037', 'oem', 'debug', 'readq', '0x80095cc8']
(bootloader) 0x0000000000000000

OKAY [  0.003s]
Finished. Total time: 0.003s
['fastboot', '-s', 'cd0ee037', 'oem', 'debug', 'readq', '0x80095cd0']
(bootloader) 0x0000000000000000

OKAY [  0.003s]
Finished. Total time: 0.003s
['fastboot', '-s', 'cd0ee037', 'oem', 'debug', 'readq', '0x80095cd8']
(bootloader) 0x0000000000000000

OKAY [  0.003s]
Finished. Total time: 0.003s
['fastboot', '-s', 'cd0ee037', 'oem', 'debug', 'readq', '0x80095ce0']
(bootloader) 0x0000000000000000

OKAY [  0.003s]
Finished. Total time: 0.003s
['fastboot', '-s', 'cd0ee037', 'oem', 'debug', 'readq', '0x80095ce8']
(bootloader) 0x0000000000000000

OKAY [  0.003s]
Finished. Total time: 0.003s
['fastboot', '-s', 'cd0ee037', 'oem', 'debug', 'readq', '0x80095cf0']
(bootloader) 0x0000000000000000

OKAY [  0.003s]
Finished. Total time: 0.003s
['fastboot', '-s', 'cd0ee037', 'oem', 'debug', 'readq', '0x80095cf8']
(bootloader) 0x0000000000000000

OKAY [  0.003s]
Finished. Total time: 0.003s
['fastboot', '-s', 'cd0ee037', 'oem', 'debug', 'readq', '0x80095d00']
(bootloader) 0x0000000000000000

OKAY [  0.003s]
Finished. Total time: 0.003s
['fastboot', '-s', 'cd0ee037', 'oem', 'debug', 'readq', '0x80095d08']
(bootloader) 0x0000000000000000

OKAY [  0.003s]
Finished. Total time: 0.003s
['fastboot', '-s', 'cd0ee037', 'oem', 'debug', 'readq', '0x80095d10']
(bootloader) 0x0000000000000000

OKAY [  0.003s]
Finished. Total time: 0.003s
['fastboot', '-s', 'cd0ee037', 'oem', 'debug', 'readq', '0x80095d18']
(bootloader) 0x0000000000000000

OKAY [  0.003s]
Finished. Total time: 0.003s
['fastboot', '-s', 'cd0ee037', 'oem', 'debug', 'readq', '0x80095d20']
(bootloader) 0x0000000000000000

OKAY [  0.003s]
Finished. Total time: 0.003s
['fastboot', '-s', 'cd0ee037', 'oem', 'debug', 'readq', '0x80095d28']
(bootloader) 0x0000000000000000

OKAY [  0.003s]
Finished. Total time: 0.003s
['fastboot', '-s', 'cd0ee037', 'oem', 'debug', 'readq', '0x80095d30']
(bootloader) 0x0000000000000000

OKAY [  0.003s]
Finished. Total time: 0.003s
['fastboot', '-s', 'cd0ee037', 'oem', 'debug', 'readq', '0x80095d38']
(bootloader) 0x0000000000000000

OKAY [  0.003s]
Finished. Total time: 0.004s
['fastboot', '-s', 'cd0ee037', 'oem', 'debug', 'readq', '0x80095d40']
(bootloader) 0x0000000000000000

OKAY [  0.003s]
Finished. Total time: 0.003s
['fastboot', '-s', 'cd0ee037', 'oem', 'debug', 'readq', '0x80095d48']
(bootloader) 0x0000000000000000

OKAY [  0.003s]
Finished. Total time: 0.003s
['fastboot', '-s', 'cd0ee037', 'oem', 'debug', 'readq', '0x80095d50']
(bootloader) 0x0000000000000000

OKAY [  0.003s]
Finished. Total time: 0.003s
['fastboot', '-s', 'cd0ee037', 'oem', 'debug', 'readq', '0x80095d58']
(bootloader) 0x0000000000000000

OKAY [  0.003s]
Finished. Total time: 0.003s
['fastboot', '-s', 'cd0ee037', 'oem', 'debug', 'readq', '0x80095d60']
(bootloader) 0x0000000000000000

OKAY [  0.003s]
Finished. Total time: 0.003s
['fastboot', '-s', 'cd0ee037', 'oem', 'debug', 'readq', '0x80095d68']
(bootloader) 0x0000000000000000

OKAY [  0.003s]
Finished. Total time: 0.003s
['fastboot', '-s', 'cd0ee037', 'oem', 'debug', 'readq', '0x80095d70']
(bootloader) 0x0000000000000000

OKAY [  0.003s]
Finished. Total time: 0.003s
['fastboot', '-s', 'cd0ee037', 'oem', 'debug', 'readq', '0x80095d78']
(bootloader) 0x0000000000000000

OKAY [  0.003s]
Finished. Total time: 0.003s
['fastboot', '-s', 'cd0ee037', 'oem', 'debug', 'readq', '0x80095d80']
(bootloader) 0x0000000000000000

OKAY [  0.003s]
Finished. Total time: 0.003s
['fastboot', '-s', 'cd0ee037', 'oem', 'debug', 'readq', '0x80095d88']
(bootloader) 0x0000000000000000

OKAY [  0.003s]
Finished. Total time: 0.003s
['fastboot', '-s', 'cd0ee037', 'oem', 'debug', 'readq', '0x80095d90']
(bootloader) 0x0000000000000000

OKAY [  0.003s]
Finished. Total time: 0.003s
['fastboot', '-s', 'cd0ee037', 'oem', 'debug', 'readq', '0x80095d98']
(bootloader) 0x0000000000000000

OKAY [  0.003s]
Finished. Total time: 0.003s
['fastboot', '-s', 'cd0ee037', 'oem', 'debug', 'readq', '0x80095da0']
(bootloader) 0x0000000000000000

OKAY [  0.003s]
Finished. Total time: 0.003s
['fastboot', '-s', 'cd0ee037', 'oem', 'debug', 'readq', '0x80095da8']
(bootloader) 0x0000000000000000

OKAY [  0.003s]
Finished. Total time: 0.003s
['fastboot', '-s', 'cd0ee037', 'oem', 'debug', 'readq', '0x80095db0']
(bootloader) 0x0000000000000000

OKAY [  0.003s]
Finished. Total time: 0.003s
['fastboot', '-s', 'cd0ee037', 'oem', 'debug', 'readq', '0x80095db8']
(bootloader) 0x0000000000000000

OKAY [  0.003s]
Finished. Total time: 0.003s
['fastboot', '-s', 'cd0ee037', 'oem', 'debug', 'readq', '0x80095dc0']
(bootloader) 0x0000000000000000

OKAY [  0.003s]
Finished. Total time: 0.003s
['fastboot', '-s', 'cd0ee037', 'oem', 'debug', 'readq', '0x80095dc8']
(bootloader) 0x0000000000000000

OKAY [  0.004s]
Finished. Total time: 0.004s
['fastboot', '-s', 'cd0ee037', 'oem', 'debug', 'readq', '0x80095dd0']
(bootloader) 0x0000000000000000

OKAY [  0.003s]
Finished. Total time: 0.003s
['fastboot', '-s', 'cd0ee037', 'oem', 'debug', 'readq', '0x80095dd8']
(bootloader) 0x0000000000000000

OKAY [  0.003s]
Finished. Total time: 0.003s
['fastboot', '-s', 'cd0ee037', 'oem', 'debug', 'readq', '0x80095de0']
(bootloader) 0x0000000000000000

OKAY [  0.003s]
Finished. Total time: 0.003s
['fastboot', '-s', 'cd0ee037', 'oem', 'debug', 'readq', '0x80095de8']
(bootloader) 0x0000000000000000

OKAY [  0.003s]
Finished. Total time: 0.003s
['fastboot', '-s', 'cd0ee037', 'oem', 'debug', 'readq', '0x80095df0']
(bootloader) 0x0000000000000000

OKAY [  0.003s]
Finished. Total time: 0.003s
['fastboot', '-s', 'cd0ee037', 'oem', 'debug', 'readq', '0x80095df8']
(bootloader) 0x0000000000000000

OKAY [  0.003s]
Finished. Total time: 0.003s
['fastboot', '-s', 'cd0ee037', 'oem', 'debug', 'readq', '0x80095e00']
(bootloader) 0x0000000000000000

OKAY [  0.003s]
Finished. Total time: 0.003s
['fastboot', '-s', 'cd0ee037', 'oem', 'debug', 'readq', '0x80095e08']
(bootloader) 0x0000000000000000

OKAY [  0.003s]
Finished. Total time: 0.003s
['fastboot', '-s', 'cd0ee037', 'oem', 'debug', 'readq', '0x80095e10']
(bootloader) 0x0000000000000000

OKAY [  0.003s]
Finished. Total time: 0.003s
['fastboot', '-s', 'cd0ee037', 'oem', 'debug', 'readq', '0x80095e18']
(bootloader) 0x0000000000000000

OKAY [  0.003s]
Finished. Total time: 0.003s
['fastboot', '-s', 'cd0ee037', 'oem', 'debug', 'readq', '0x80095e20']
(bootloader) 0x0000000000000000

OKAY [  0.003s]
Finished. Total time: 0.003s
['fastboot', '-s', 'cd0ee037', 'oem', 'debug', 'readq', '0x80095e28']
(bootloader) 0x0000000000000000

OKAY [  0.003s]
Finished. Total time: 0.003s
['fastboot', '-s', 'cd0ee037', 'oem', 'debug', 'readq', '0x80095e30']
(bootloader) 0x0000000000000000

OKAY [  0.003s]
Finished. Total time: 0.003s
['fastboot', '-s', 'cd0ee037', 'oem', 'debug', 'readq', '0x80095e38']
(bootloader) 0x0000000000000000

OKAY [  0.003s]
Finished. Total time: 0.003s
['fastboot', '-s', 'cd0ee037', 'oem', 'debug', 'readq', '0x80095e40']
(bootloader) 0x0000000000000000

OKAY [  0.004s]
Finished. Total time: 0.004s
['fastboot', '-s', 'cd0ee037', 'oem', 'debug', 'readq', '0x80095e48']
(bootloader) 0x0000000000000000

OKAY [  0.003s]
Finished. Total time: 0.003s
['fastboot', '-s', 'cd0ee037', 'oem', 'debug', 'readq', '0x80095e50']
(bootloader) 0x0000000000000000

OKAY [  0.003s]
Finished. Total time: 0.003s
['fastboot', '-s', 'cd0ee037', 'oem', 'debug', 'readq', '0x80095e58']
(bootloader) 0x0000000000000000

OKAY [  0.003s]
Finished. Total time: 0.003s
['fastboot', '-s', 'cd0ee037', 'oem', 'debug', 'readq', '0x80095e60']
(bootloader) 0x0000000000000000

OKAY [  0.003s]
Finished. Total time: 0.003s
['fastboot', '-s', 'cd0ee037', 'oem', 'debug', 'readq', '0x80095e68']
(bootloader) 0x0000000000000000

OKAY [  0.003s]
Finished. Total time: 0.003s
['fastboot', '-s', 'cd0ee037', 'oem', 'debug', 'readq', '0x80095e70']
(bootloader) 0x0000000000000000

OKAY [  0.003s]
Finished. Total time: 0.003s
['fastboot', '-s', 'cd0ee037', 'oem', 'debug', 'readq', '0x80095e78']
(bootloader) 0x0000000000000000

OKAY [  0.003s]
Finished. Total time: 0.003s
['fastboot', '-s', 'cd0ee037', 'oem', 'debug', 'readq', '0x80095e80']
(bootloader) 0x0000000000000000

OKAY [  0.003s]
Finished. Total time: 0.003s
['fastboot', '-s', 'cd0ee037', 'oem', 'debug', 'readq', '0x80095e88']
(bootloader) 0x0000000000000000

OKAY [  0.003s]
Finished. Total time: 0.003s
['fastboot', '-s', 'cd0ee037', 'oem', 'debug', 'readq', '0x80095e90']
(bootloader) 0x0000000000000000

OKAY [  0.003s]
Finished. Total time: 0.003s
['fastboot', '-s', 'cd0ee037', 'oem', 'debug', 'readq', '0x80095e98']
(bootloader) 0x0000000000000000

OKAY [  0.003s]
Finished. Total time: 0.003s
['fastboot', '-s', 'cd0ee037', 'oem', 'debug', 'readq', '0x80095ea0']
(bootloader) 0x0000000000000000

OKAY [  0.003s]
Finished. Total time: 0.003s
['fastboot', '-s', 'cd0ee037', 'oem', 'debug', 'readq', '0x80095ea8']
(bootloader) 0x0000000000000000

OKAY [  0.003s]
Finished. Total time: 0.003s
['fastboot', '-s', 'cd0ee037', 'oem', 'debug', 'readq', '0x80095eb0']
(bootloader) 0x0000000000000000

OKAY [  0.003s]
Finished. Total time: 0.003s
['fastboot', '-s', 'cd0ee037', 'oem', 'debug', 'readq', '0x80095eb8']
(bootloader) 0x0000000000000000

OKAY [  0.003s]
Finished. Total time: 0.003s
['fastboot', '-s', 'cd0ee037', 'oem', 'debug', 'readq', '0x80095ec0']
(bootloader) 0x0000000000000000

OKAY [  0.003s]
Finished. Total time: 0.003s
['fastboot', '-s', 'cd0ee037', 'oem', 'debug', 'readq', '0x80095ec8']
(bootloader) 0x0000000000000000

OKAY [  0.003s]
Finished. Total time: 0.003s
['fastboot', '-s', 'cd0ee037', 'oem', 'debug', 'readq', '0x80095ed0']
(bootloader) 0x0000000000000000

OKAY [  0.003s]
Finished. Total time: 0.003s
['fastboot', '-s', 'cd0ee037', 'oem', 'debug', 'readq', '0x80095ed8']
(bootloader) 0x0000000000000000

OKAY [  0.003s]
Finished. Total time: 0.003s
['fastboot', '-s', 'cd0ee037', 'oem', 'debug', 'readq', '0x80095ee0']
(bootloader) 0x0000000000000000

OKAY [  0.003s]
Finished. Total time: 0.003s
['fastboot', '-s', 'cd0ee037', 'oem', 'debug', 'readq', '0x80095ee8']
(bootloader) 0x0000000000000000

OKAY [  0.003s]
Finished. Total time: 0.003s
['fastboot', '-s', 'cd0ee037', 'oem', 'debug', 'readq', '0x80095ef0']
(bootloader) 0x0000000000000000

OKAY [  0.003s]
Finished. Total time: 0.003s
['fastboot', '-s', 'cd0ee037', 'oem', 'debug', 'readq', '0x80095ef8']
(bootloader) 0x0000000000000000

OKAY [  0.003s]
Finished. Total time: 0.003s
['fastboot', '-s', 'cd0ee037', 'oem', 'debug', 'readq', '0x80095f00']
(bootloader) 0x0000000000000000

OKAY [  0.004s]
Finished. Total time: 0.004s
['fastboot', '-s', 'cd0ee037', 'oem', 'debug', 'readq', '0x80095f08']
(bootloader) 0x0000000000000000

OKAY [  0.003s]
Finished. Total time: 0.003s
['fastboot', '-s', 'cd0ee037', 'oem', 'debug', 'readq', '0x80095f10']
(bootloader) 0x0000000000000000

OKAY [  0.003s]
Finished. Total time: 0.003s
['fastboot', '-s', 'cd0ee037', 'oem', 'debug', 'readq', '0x80095f18']
(bootloader) 0x0000000000000000

OKAY [  0.003s]
Finished. Total time: 0.003s
['fastboot', '-s', 'cd0ee037', 'oem', 'debug', 'readq', '0x80095f20']
(bootloader) 0x0000000000000000

OKAY [  0.003s]
Finished. Total time: 0.003s
['fastboot', '-s', 'cd0ee037', 'oem', 'debug', 'readq', '0x80095f28']
(bootloader) 0x0000000000000000

OKAY [  0.003s]
Finished. Total time: 0.003s
['fastboot', '-s', 'cd0ee037', 'oem', 'debug', 'readq', '0x80095f30']
(bootloader) 0x0000000000000000

OKAY [  0.003s]
Finished. Total time: 0.003s
['fastboot', '-s', 'cd0ee037', 'oem', 'debug', 'readq', '0x80095f38']
(bootloader) 0x0000000000000000

OKAY [  0.003s]
Finished. Total time: 0.003s
['fastboot', '-s', 'cd0ee037', 'oem', 'debug', 'readq', '0x80095f40']
(bootloader) 0x0000000000000000

OKAY [  0.004s]
Finished. Total time: 0.004s
['fastboot', '-s', 'cd0ee037', 'oem', 'debug', 'readq', '0x80095f48']
(bootloader) 0x0000000000000000

OKAY [  0.003s]
Finished. Total time: 0.003s
['fastboot', '-s', 'cd0ee037', 'oem', 'debug', 'readq', '0x80095f50']
(bootloader) 0x0000000000000000

OKAY [  0.003s]
Finished. Total time: 0.003s
['fastboot', '-s', 'cd0ee037', 'oem', 'debug', 'readq', '0x80095f58']
(bootloader) 0x0000000000000000

OKAY [  0.004s]
Finished. Total time: 0.004s
['fastboot', '-s', 'cd0ee037', 'oem', 'debug', 'readq', '0x80095f60']
(bootloader) 0x0000000000000000

OKAY [  0.003s]
Finished. Total time: 0.003s
['fastboot', '-s', 'cd0ee037', 'oem', 'debug', 'readq', '0x80095f68']
(bootloader) 0x0000000000000000

OKAY [  0.003s]
Finished. Total time: 0.003s
['fastboot', '-s', 'cd0ee037', 'oem', 'debug', 'readq', '0x80095f70']
(bootloader) 0x0000000000000000

OKAY [  0.003s]
Finished. Total time: 0.003s
['fastboot', '-s', 'cd0ee037', 'oem', 'debug', 'readq', '0x80095f78']
(bootloader) 0x0000000000000000

OKAY [  0.003s]
Finished. Total time: 0.003s
['fastboot', '-s', 'cd0ee037', 'oem', 'debug', 'readq', '0x80095f80']
(bootloader) 0x0000000000000000

OKAY [  0.003s]
Finished. Total time: 0.003s
['fastboot', '-s', 'cd0ee037', 'oem', 'debug', 'readq', '0x80095f88']
(bootloader) 0x0000000000000000

OKAY [  0.003s]
Finished. Total time: 0.003s
['fastboot', '-s', 'cd0ee037', 'oem', 'debug', 'readq', '0x80095f90']
(bootloader) 0x0000000000000000

OKAY [  0.003s]
Finished. Total time: 0.003s
['fastboot', '-s', 'cd0ee037', 'oem', 'debug', 'readq', '0x80095f98']
(bootloader) 0x0000000000000000

OKAY [  0.004s]
Finished. Total time: 0.004s
['fastboot', '-s', 'cd0ee037', 'oem', 'debug', 'readq', '0x80095fa0']
(bootloader) 0x0000000000000000

OKAY [  0.003s]
Finished. Total time: 0.003s
['fastboot', '-s', 'cd0ee037', 'oem', 'debug', 'readq', '0x80095fa8']
(bootloader) 0x0000000000000000

OKAY [  0.003s]
Finished. Total time: 0.003s
['fastboot', '-s', 'cd0ee037', 'oem', 'debug', 'readq', '0x80095fb0']
(bootloader) 0x0000000000000000

OKAY [  0.003s]
Finished. Total time: 0.003s
['fastboot', '-s', 'cd0ee037', 'oem', 'debug', 'readq', '0x80095fb8']
(bootloader) 0x0000000000000000

OKAY [  0.003s]
Finished. Total time: 0.003s
['fastboot', '-s', 'cd0ee037', 'oem', 'debug', 'readq', '0x80095fc0']
(bootloader) 0x0000000000000000

OKAY [  0.003s]
Finished. Total time: 0.003s
['fastboot', '-s', 'cd0ee037', 'oem', 'debug', 'readq', '0x80095fc8']
(bootloader) 0x0000000000000000

OKAY [  0.003s]
Finished. Total time: 0.003s
['fastboot', '-s', 'cd0ee037', 'oem', 'debug', 'readq', '0x80095fd0']
(bootloader) 0x0000000000000000

OKAY [  0.003s]
Finished. Total time: 0.003s
['fastboot', '-s', 'cd0ee037', 'oem', 'debug', 'readq', '0x80095fd8']
(bootloader) 0x0000000000000000

OKAY [  0.003s]
Finished. Total time: 0.003s
['fastboot', '-s', 'cd0ee037', 'oem', 'debug', 'readq', '0x80095fe0']
(bootloader) 0x0000000000000000

OKAY [  0.003s]
Finished. Total time: 0.003s
['fastboot', '-s', 'cd0ee037', 'oem', 'debug', 'readq', '0x80095fe8']
(bootloader) 0x0000000000000000

OKAY [  0.004s]
Finished. Total time: 0.004s
['fastboot', '-s', 'cd0ee037', 'oem', 'debug', 'readq', '0x80095ff0']
(bootloader) 0x0000000000000000

OKAY [  0.003s]
Finished. Total time: 0.003s
['fastboot', '-s', 'cd0ee037', 'oem', 'debug', 'readq', '0x80095ff8']
(bootloader) 0x0000000000000000

OKAY [  0.003s]
Finished. Total time: 0.003s
['fastboot', '-s', 'cd0ee037', 'oem', 'debug', 'readq', '0x80096000']
(bootloader) 0x0000000000000000

OKAY [  0.003s]
Finished. Total time: 0.003s
['fastboot', '-s', 'cd0ee037', 'oem', 'debug', 'readq', '0x80096008']
(bootloader) 0x0000000000000000

OKAY [  0.003s]
Finished. Total time: 0.003s
['fastboot', '-s', 'cd0ee037', 'oem', 'debug', 'readq', '0x80096010']
(bootloader) 0x0000000000000000

OKAY [  0.003s]
Finished. Total time: 0.003s
['fastboot', '-s', 'cd0ee037', 'oem', 'debug', 'readq', '0x80096018']
(bootloader) 0x0000000000000000

OKAY [  0.003s]
Finished. Total time: 0.003s
['fastboot', '-s', 'cd0ee037', 'oem', 'debug', 'readq', '0x80096020']
(bootloader) 0x0000000000000000

OKAY [  0.003s]
Finished. Total time: 0.003s
['fastboot', '-s', 'cd0ee037', 'oem', 'debug', 'readq', '0x80096028']
(bootloader) 0x0000000000000000

OKAY [  0.003s]
Finished. Total time: 0.003s
['fastboot', '-s', 'cd0ee037', 'oem', 'debug', 'readq', '0x80096030']
(bootloader) 0x0000000000000000

OKAY [  0.003s]
Finished. Total time: 0.003s
['fastboot', '-s', 'cd0ee037', 'oem', 'debug', 'readq', '0x80096038']
(bootloader) 0x0000000000000000

OKAY [  0.003s]
Finished. Total time: 0.003s
['fastboot', '-s', 'cd0ee037', 'oem', 'debug', 'readq', '0x80096040']
(bootloader) 0x0000000000000000

OKAY [  0.003s]
Finished. Total time: 0.003s
['fastboot', '-s', 'cd0ee037', 'oem', 'debug', 'readq', '0x80096048']
(bootloader) 0x0000000000000000

OKAY [  0.003s]
Finished. Total time: 0.003s
['fastboot', '-s', 'cd0ee037', 'oem', 'debug', 'readq', '0x80096050']
(bootloader) 0x0000000000000000

OKAY [  0.003s]
Finished. Total time: 0.003s
['fastboot', '-s', 'cd0ee037', 'oem', 'debug', 'readq', '0x80096058']
(bootloader) 0x0000000000000000

OKAY [  0.003s]
Finished. Total time: 0.003s
['fastboot', '-s', 'cd0ee037', 'oem', 'debug', 'readq', '0x80096060']
(bootloader) 0x0000000000000000

OKAY [  0.003s]
Finished. Total time: 0.003s
['fastboot', '-s', 'cd0ee037', 'oem', 'debug', 'readq', '0x80096068']
(bootloader) 0x0000000000000000

OKAY [  0.003s]
Finished. Total time: 0.003s
['fastboot', '-s', 'cd0ee037', 'oem', 'debug', 'readq', '0x80096070']
(bootloader) 0x0000000000000000

OKAY [  0.003s]
Finished. Total time: 0.003s
['fastboot', '-s', 'cd0ee037', 'oem', 'debug', 'readq', '0x80096078']
(bootloader) 0x0000000000000000

OKAY [  0.003s]
Finished. Total time: 0.003s
['fastboot', '-s', 'cd0ee037', 'oem', 'debug', 'readq', '0x80096080']
(bootloader) 0x0000000000000000

OKAY [  0.003s]
Finished. Total time: 0.003s
['fastboot', '-s', 'cd0ee037', 'oem', 'debug', 'readq', '0x80096088']
(bootloader) 0x0000000000000000

OKAY [  0.003s]
Finished. Total time: 0.003s
['fastboot', '-s', 'cd0ee037', 'oem', 'debug', 'readq', '0x80096090']
(bootloader) 0x0000000000000000

OKAY [  0.003s]
Finished. Total time: 0.003s
['fastboot', '-s', 'cd0ee037', 'oem', 'debug', 'readq', '0x80096098']
(bootloader) 0x0000000000000000

OKAY [  0.003s]
Finished. Total time: 0.003s
['fastboot', '-s', 'cd0ee037', 'oem', 'debug', 'readq', '0x800960a0']
(bootloader) 0x0000000000000000

OKAY [  0.003s]
Finished. Total time: 0.003s
['fastboot', '-s', 'cd0ee037', 'oem', 'debug', 'readq', '0x800960a8']
(bootloader) 0x0000000000000000

OKAY [  0.003s]
Finished. Total time: 0.003s
['fastboot', '-s', 'cd0ee037', 'oem', 'debug', 'readq', '0x800960b0']
(bootloader) 0x0000000000000000

OKAY [  0.003s]
Finished. Total time: 0.003s
['fastboot', '-s', 'cd0ee037', 'oem', 'debug', 'readq', '0x800960b8']
(bootloader) 0x0000000000000000

OKAY [  0.003s]
Finished. Total time: 0.003s
['fastboot', '-s', 'cd0ee037', 'oem', 'debug', 'readq', '0x800960c0']
(bootloader) 0x0000000000000000

OKAY [  0.003s]
Finished. Total time: 0.003s
['fastboot', '-s', 'cd0ee037', 'oem', 'debug', 'readq', '0x800960c8']
(bootloader) 0x0000000000000000

OKAY [  0.003s]
Finished. Total time: 0.003s
['fastboot', '-s', 'cd0ee037', 'oem', 'debug', 'readq', '0x800960d0']
(bootloader) 0x0000000000000000

OKAY [  0.003s]
Finished. Total time: 0.003s
['fastboot', '-s', 'cd0ee037', 'oem', 'debug', 'readq', '0x800960d8']
(bootloader) 0x0000000000000000

OKAY [  0.003s]
Finished. Total time: 0.003s
['fastboot', '-s', 'cd0ee037', 'oem', 'debug', 'readq', '0x800960e0']
(bootloader) 0x0000000000000000

OKAY [  0.004s]
Finished. Total time: 0.004s
['fastboot', '-s', 'cd0ee037', 'oem', 'debug', 'readq', '0x800960e8']
(bootloader) 0x0000000000000000

OKAY [  0.003s]
Finished. Total time: 0.003s
['fastboot', '-s', 'cd0ee037', 'oem', 'debug', 'readq', '0x800960f0']
(bootloader) 0x0000000000000000

OKAY [  0.003s]
Finished. Total time: 0.003s
['fastboot', '-s', 'cd0ee037', 'oem', 'debug', 'readq', '0x800960f8']
(bootloader) 0x0000000000000000

OKAY [  0.003s]
Finished. Total time: 0.003s
['fastboot', '-s', 'cd0ee037', 'oem', 'debug', 'readq', '0x80096100']
(bootloader) 0x0000000000000000

OKAY [  0.003s]
Finished. Total time: 0.003s
['fastboot', '-s', 'cd0ee037', 'oem', 'debug', 'readq', '0x80096108']
(bootloader) 0x0000000000000000

OKAY [  0.003s]
Finished. Total time: 0.003s
['fastboot', '-s', 'cd0ee037', 'oem', 'debug', 'readq', '0x80096110']
(bootloader) 0x0000000000000000

OKAY [  0.003s]
Finished. Total time: 0.003s
['fastboot', '-s', 'cd0ee037', 'oem', 'debug', 'readq', '0x80096118']
(bootloader) 0x0000000000000000

OKAY [  0.003s]
Finished. Total time: 0.003s
['fastboot', '-s', 'cd0ee037', 'oem', 'debug', 'readq', '0x80096120']
(bootloader) 0x0000000000000000

OKAY [  0.003s]
Finished. Total time: 0.003s
['fastboot', '-s', 'cd0ee037', 'oem', 'debug', 'readq', '0x80096128']
(bootloader) 0x0000000000000000

OKAY [  0.003s]
Finished. Total time: 0.003s
['fastboot', '-s', 'cd0ee037', 'oem', 'debug', 'readq', '0x80096130']
(bootloader) 0x0000000000000000

OKAY [  0.003s]
Finished. Total time: 0.003s
['fastboot', '-s', 'cd0ee037', 'oem', 'debug', 'readq', '0x80096138']
(bootloader) 0x0000000000000000

OKAY [  0.003s]
Finished. Total time: 0.003s
['fastboot', '-s', 'cd0ee037', 'oem', 'debug', 'readq', '0x80096140']
(bootloader) 0x0000000000000000

OKAY [  0.003s]
Finished. Total time: 0.003s
['fastboot', '-s', 'cd0ee037', 'oem', 'debug', 'readq', '0x80096148']
(bootloader) 0x0000000000000000

OKAY [  0.003s]
Finished. Total time: 0.003s
['fastboot', '-s', 'cd0ee037', 'oem', 'debug', 'readq', '0x80096150']
(bootloader) 0x0000000000000000

OKAY [  0.003s]
Finished. Total time: 0.003s
['fastboot', '-s', 'cd0ee037', 'oem', 'debug', 'readq', '0x80096158']
(bootloader) 0x0000000000000000

OKAY [  0.003s]
Finished. Total time: 0.003s
['fastboot', '-s', 'cd0ee037', 'oem', 'debug', 'readq', '0x80096160']
(bootloader) 0x0000000000000000

OKAY [  0.003s]
Finished. Total time: 0.003s
['fastboot', '-s', 'cd0ee037', 'oem', 'debug', 'readq', '0x80096168']
(bootloader) 0x0000000000000000

OKAY [  0.003s]
Finished. Total time: 0.003s
['fastboot', '-s', 'cd0ee037', 'oem', 'debug', 'readq', '0x80096170']
(bootloader) 0x0000000000000000

OKAY [  0.003s]
Finished. Total time: 0.003s
['fastboot', '-s', 'cd0ee037', 'oem', 'debug', 'readq', '0x80096178']
(bootloader) 0x0000000000000000

OKAY [  0.003s]
Finished. Total time: 0.003s
['fastboot', '-s', 'cd0ee037', 'oem', 'debug', 'readq', '0x80096180']
(bootloader) 0x0000000000000000

OKAY [  0.003s]
Finished. Total time: 0.003s
['fastboot', '-s', 'cd0ee037', 'oem', 'debug', 'readq', '0x80096188']
(bootloader) 0x0000000000000000

OKAY [  0.003s]
Finished. Total time: 0.003s
['fastboot', '-s', 'cd0ee037', 'oem', 'debug', 'readq', '0x80096190']
(bootloader) 0x0000000000000000

OKAY [  0.003s]
Finished. Total time: 0.003s
['fastboot', '-s', 'cd0ee037', 'oem', 'debug', 'readq', '0x80096198']
(bootloader) 0x0000000000000000

OKAY [  0.003s]
Finished. Total time: 0.003s
['fastboot', '-s', 'cd0ee037', 'oem', 'debug', 'readq', '0x800961a0']
(bootloader) 0x0000000000000000

OKAY [  0.003s]
Finished. Total time: 0.003s
['fastboot', '-s', 'cd0ee037', 'oem', 'debug', 'readq', '0x800961a8']
(bootloader) 0x0000000000000000

OKAY [  0.004s]
Finished. Total time: 0.004s
['fastboot', '-s', 'cd0ee037', 'oem', 'debug', 'readq', '0x800961b0']
(bootloader) 0x0000000000000000

OKAY [  0.003s]
Finished. Total time: 0.003s
['fastboot', '-s', 'cd0ee037', 'oem', 'debug', 'readq', '0x800961b8']
(bootloader) 0x0000000000000000

OKAY [  0.003s]
Finished. Total time: 0.003s
['fastboot', '-s', 'cd0ee037', 'oem', 'debug', 'readq', '0x800961c0']
(bootloader) 0x0000000000000000

OKAY [  0.003s]
Finished. Total time: 0.003s
['fastboot', '-s', 'cd0ee037', 'oem', 'debug', 'readq', '0x800961c8']
(bootloader) 0x0000000000000000

OKAY [  0.003s]
Finished. Total time: 0.003s
['fastboot', '-s', 'cd0ee037', 'oem', 'debug', 'readq', '0x800961d0']
(bootloader) 0x0000000000000000

OKAY [  0.003s]
Finished. Total time: 0.003s
['fastboot', '-s', 'cd0ee037', 'oem', 'debug', 'readq', '0x800961d8']
(bootloader) 0x0000000000000000

OKAY [  0.003s]
Finished. Total time: 0.003s
['fastboot', '-s', 'cd0ee037', 'oem', 'debug', 'readq', '0x800961e0']
(bootloader) 0x0000000000000000

OKAY [  0.003s]
Finished. Total time: 0.003s
['fastboot', '-s', 'cd0ee037', 'oem', 'debug', 'readq', '0x800961e8']
(bootloader) 0x0000000000000000

OKAY [  0.003s]
Finished. Total time: 0.003s
['fastboot', '-s', 'cd0ee037', 'oem', 'debug', 'readq', '0x800961f0']
(bootloader) 0x0000000000000000

OKAY [  0.003s]
Finished. Total time: 0.003s
['fastboot', '-s', 'cd0ee037', 'oem', 'debug', 'readq', '0x800961f8']
(bootloader) 0x0000000000000000

OKAY [  0.003s]
Finished. Total time: 0.003s
['fastboot', '-s', 'cd0ee037', 'oem', 'debug', 'readq', '0x80096200']
(bootloader) 0x0000000000000000

OKAY [  0.003s]
Finished. Total time: 0.003s
['fastboot', '-s', 'cd0ee037', 'oem', 'debug', 'readq', '0x80096208']
(bootloader) 0x0000000000000000

OKAY [  0.003s]
Finished. Total time: 0.003s
['fastboot', '-s', 'cd0ee037', 'oem', 'debug', 'readq', '0x80096210']
(bootloader) 0x0000000000000000

OKAY [  0.003s]
Finished. Total time: 0.003s
['fastboot', '-s', 'cd0ee037', 'oem', 'debug', 'readq', '0x80096218']
(bootloader) 0x0000000000000000

OKAY [  0.003s]
Finished. Total time: 0.003s
['fastboot', '-s', 'cd0ee037', 'oem', 'debug', 'readq', '0x80096220']
(bootloader) 0x0000000000000000

OKAY [  0.003s]
Finished. Total time: 0.003s
['fastboot', '-s', 'cd0ee037', 'oem', 'debug', 'readq', '0x80096228']
(bootloader) 0x0000000000000000

OKAY [  0.003s]
Finished. Total time: 0.003s
['fastboot', '-s', 'cd0ee037', 'oem', 'debug', 'readq', '0x80096230']
(bootloader) 0x0000000000000000

OKAY [  0.003s]
Finished. Total time: 0.003s
['fastboot', '-s', 'cd0ee037', 'oem', 'debug', 'readq', '0x80096238']
(bootloader) 0x0000000000000000

OKAY [  0.003s]
Finished. Total time: 0.003s
['fastboot', '-s', 'cd0ee037', 'oem', 'debug', 'readq', '0x80096240']
(bootloader) 0x0000000000000000

OKAY [  0.003s]
Finished. Total time: 0.003s
['fastboot', '-s', 'cd0ee037', 'oem', 'debug', 'readq', '0x80096248']
(bootloader) 0x0000000000000000

OKAY [  0.003s]
Finished. Total time: 0.003s
['fastboot', '-s', 'cd0ee037', 'oem', 'debug', 'readq', '0x80096250']
(bootloader) 0x0000000000000000

OKAY [  0.003s]
Finished. Total time: 0.003s
['fastboot', '-s', 'cd0ee037', 'oem', 'debug', 'readq', '0x80096258']
(bootloader) 0x0000000000000000

OKAY [  0.003s]
Finished. Total time: 0.003s
['fastboot', '-s', 'cd0ee037', 'oem', 'debug', 'readq', '0x80096260']
(bootloader) 0x0000000000000000

OKAY [  0.003s]
Finished. Total time: 0.003s
['fastboot', '-s', 'cd0ee037', 'oem', 'debug', 'readq', '0x80096268']
(bootloader) 0x0000000000000000

OKAY [  0.003s]
Finished. Total time: 0.003s
['fastboot', '-s', 'cd0ee037', 'oem', 'debug', 'readq', '0x80096270']
(bootloader) 0x0000000000000000

OKAY [  0.003s]
Finished. Total time: 0.003s
['fastboot', '-s', 'cd0ee037', 'oem', 'debug', 'readq', '0x80096278']
(bootloader) 0x0000000000000000

OKAY [  0.003s]
Finished. Total time: 0.003s
['fastboot', '-s', 'cd0ee037', 'oem', 'debug', 'readq', '0x80096280']
(bootloader) 0x0000000000000000

OKAY [  0.003s]
Finished. Total time: 0.003s
['fastboot', '-s', 'cd0ee037', 'oem', 'debug', 'readq', '0x80096288']
(bootloader) 0x0000000000000000

OKAY [  0.003s]
Finished. Total time: 0.003s
['fastboot', '-s', 'cd0ee037', 'oem', 'debug', 'readq', '0x80096290']
(bootloader) 0x0000000000000000

OKAY [  0.003s]
Finished. Total time: 0.003s
['fastboot', '-s', 'cd0ee037', 'oem', 'debug', 'readq', '0x80096298']
(bootloader) 0x0000000000000000

OKAY [  0.003s]
Finished. Total time: 0.003s
['fastboot', '-s', 'cd0ee037', 'oem', 'debug', 'readq', '0x800962a0']
(bootloader) 0x0000000000000000

OKAY [  0.003s]
Finished. Total time: 0.003s
['fastboot', '-s', 'cd0ee037', 'oem', 'debug', 'readq', '0x800962a8']
(bootloader) 0x0000000000000000

OKAY [  0.003s]
Finished. Total time: 0.003s
['fastboot', '-s', 'cd0ee037', 'oem', 'debug', 'readq', '0x800962b0']
(bootloader) 0x0000000000000000

OKAY [  0.003s]
Finished. Total time: 0.003s
['fastboot', '-s', 'cd0ee037', 'oem', 'debug', 'readq', '0x800962b8']
(bootloader) 0x0000000000000000

OKAY [  0.003s]
Finished. Total time: 0.003s
['fastboot', '-s', 'cd0ee037', 'oem', 'debug', 'readq', '0x800962c0']
(bootloader) 0x0000000000000000

OKAY [  0.003s]
Finished. Total time: 0.003s
['fastboot', '-s', 'cd0ee037', 'oem', 'debug', 'readq', '0x800962c8']
(bootloader) 0x0000000000000000

OKAY [  0.003s]
Finished. Total time: 0.003s
['fastboot', '-s', 'cd0ee037', 'oem', 'debug', 'readq', '0x800962d0']
(bootloader) 0x0000000000000000

OKAY [  0.003s]
Finished. Total time: 0.003s
['fastboot', '-s', 'cd0ee037', 'oem', 'debug', 'readq', '0x800962d8']
(bootloader) 0x0000000000000000

OKAY [  0.003s]
Finished. Total time: 0.003s
['fastboot', '-s', 'cd0ee037', 'oem', 'debug', 'readq', '0x800962e0']
(bootloader) 0x0000000000000000

OKAY [  0.003s]
Finished. Total time: 0.003s
['fastboot', '-s', 'cd0ee037', 'oem', 'debug', 'readq', '0x800962e8']
(bootloader) 0x0000000000000000

OKAY [  0.003s]
Finished. Total time: 0.003s
['fastboot', '-s', 'cd0ee037', 'oem', 'debug', 'readq', '0x800962f0']
(bootloader) 0x0000000000000000

OKAY [  0.003s]
Finished. Total time: 0.003s
['fastboot', '-s', 'cd0ee037', 'oem', 'debug', 'readq', '0x800962f8']
(bootloader) 0x0000000000000000

OKAY [  0.003s]
Finished. Total time: 0.003s
['fastboot', '-s', 'cd0ee037', 'oem', 'debug', 'readq', '0x80096300']
(bootloader) 0x0000000000000000

OKAY [  0.003s]
Finished. Total time: 0.003s
['fastboot', '-s', 'cd0ee037', 'oem', 'debug', 'readq', '0x80096308']
(bootloader) 0x0000000000000000

OKAY [  0.003s]
Finished. Total time: 0.003s
['fastboot', '-s', 'cd0ee037', 'oem', 'debug', 'readq', '0x80096310']
(bootloader) 0x0000000000000000

OKAY [  0.003s]
Finished. Total time: 0.003s
['fastboot', '-s', 'cd0ee037', 'oem', 'debug', 'readq', '0x80096318']
(bootloader) 0x0000000000000000

OKAY [  0.003s]
Finished. Total time: 0.003s
['fastboot', '-s', 'cd0ee037', 'oem', 'debug', 'readq', '0x80096320']
(bootloader) 0x0000000000000000

OKAY [  0.003s]
Finished. Total time: 0.003s
['fastboot', '-s', 'cd0ee037', 'oem', 'debug', 'readq', '0x80096328']
(bootloader) 0x0000000000000000

OKAY [  0.003s]
Finished. Total time: 0.003s
['fastboot', '-s', 'cd0ee037', 'oem', 'debug', 'readq', '0x80096330']
(bootloader) 0x0000000000000000

OKAY [  0.003s]
Finished. Total time: 0.003s
['fastboot', '-s', 'cd0ee037', 'oem', 'debug', 'readq', '0x80096338']
(bootloader) 0x0000000000000000

OKAY [  0.003s]
Finished. Total time: 0.003s
['fastboot', '-s', 'cd0ee037', 'oem', 'debug', 'readq', '0x80096340']
(bootloader) 0x0000000000000000

OKAY [  0.003s]
Finished. Total time: 0.003s
['fastboot', '-s', 'cd0ee037', 'oem', 'debug', 'readq', '0x80096348']
(bootloader) 0x0000000000000000

OKAY [  0.003s]
Finished. Total time: 0.003s
['fastboot', '-s', 'cd0ee037', 'oem', 'debug', 'readq', '0x80096350']
(bootloader) 0x0000000000000000

OKAY [  0.003s]
Finished. Total time: 0.003s
['fastboot', '-s', 'cd0ee037', 'oem', 'debug', 'readq', '0x80096358']
(bootloader) 0x0000000000000000

OKAY [  0.003s]
Finished. Total time: 0.003s
['fastboot', '-s', 'cd0ee037', 'oem', 'debug', 'readq', '0x80096360']
(bootloader) 0x0000000000000000

OKAY [  0.003s]
Finished. Total time: 0.003s
['fastboot', '-s', 'cd0ee037', 'oem', 'debug', 'readq', '0x80096368']
(bootloader) 0x0000000000000000

OKAY [  0.003s]
Finished. Total time: 0.003s
['fastboot', '-s', 'cd0ee037', 'oem', 'debug', 'readq', '0x80096370']
(bootloader) 0x0000000000000000

OKAY [  0.003s]
Finished. Total time: 0.003s
['fastboot', '-s', 'cd0ee037', 'oem', 'debug', 'readq', '0x80096378']
(bootloader) 0x0000000000000000

OKAY [  0.003s]
Finished. Total time: 0.003s
['fastboot', '-s', 'cd0ee037', 'oem', 'debug', 'readq', '0x80096380']
(bootloader) 0x0000000000000000

OKAY [  0.003s]
Finished. Total time: 0.003s
['fastboot', '-s', 'cd0ee037', 'oem', 'debug', 'readq', '0x80096388']
(bootloader) 0x0000000000000000

OKAY [  0.003s]
Finished. Total time: 0.003s
['fastboot', '-s', 'cd0ee037', 'oem', 'debug', 'readq', '0x80096390']
(bootloader) 0x0000000000000000

OKAY [  0.003s]
Finished. Total time: 0.003s
['fastboot', '-s', 'cd0ee037', 'oem', 'debug', 'readq', '0x80096398']
(bootloader) 0x0000000000000000

OKAY [  0.003s]
Finished. Total time: 0.003s
['fastboot', '-s', 'cd0ee037', 'oem', 'debug', 'readq', '0x800963a0']
(bootloader) 0x0000000000000000

OKAY [  0.003s]
Finished. Total time: 0.003s
['fastboot', '-s', 'cd0ee037', 'oem', 'debug', 'readq', '0x800963a8']
(bootloader) 0x0000000000000000

OKAY [  0.003s]
Finished. Total time: 0.003s
['fastboot', '-s', 'cd0ee037', 'oem', 'debug', 'readq', '0x800963b0']
(bootloader) 0x0000000000000000

OKAY [  0.003s]
Finished. Total time: 0.003s
['fastboot', '-s', 'cd0ee037', 'oem', 'debug', 'readq', '0x800963b8']
(bootloader) 0x0000000000000000

OKAY [  0.003s]
Finished. Total time: 0.003s
['fastboot', '-s', 'cd0ee037', 'oem', 'debug', 'readq', '0x800963c0']
(bootloader) 0x0000000000000000

OKAY [  0.003s]
Finished. Total time: 0.003s
['fastboot', '-s', 'cd0ee037', 'oem', 'debug', 'readq', '0x800963c8']
(bootloader) 0x0000000000000000

OKAY [  0.003s]
Finished. Total time: 0.003s
['fastboot', '-s', 'cd0ee037', 'oem', 'debug', 'readq', '0x800963d0']
(bootloader) 0x0000000000000000

OKAY [  0.003s]
Finished. Total time: 0.003s
['fastboot', '-s', 'cd0ee037', 'oem', 'debug', 'readq', '0x800963d8']
(bootloader) 0x0000000000000000

OKAY [  0.003s]
Finished. Total time: 0.003s
['fastboot', '-s', 'cd0ee037', 'oem', 'debug', 'readq', '0x800963e0']
(bootloader) 0x0000000000000000

OKAY [  0.003s]
Finished. Total time: 0.003s
['fastboot', '-s', 'cd0ee037', 'oem', 'debug', 'readq', '0x800963e8']
(bootloader) 0x0000000000000000

OKAY [  0.003s]
Finished. Total time: 0.003s
['fastboot', '-s', 'cd0ee037', 'oem', 'debug', 'readq', '0x800963f0']
(bootloader) 0x0000000000000000

OKAY [  0.003s]
Finished. Total time: 0.003s
['fastboot', '-s', 'cd0ee037', 'oem', 'debug', 'readq', '0x800963f8']
(bootloader) 0x0000000000000000

OKAY [  0.003s]
Finished. Total time: 0.003s
['fastboot', '-s', 'cd0ee037', 'oem', 'debug', 'readq', '0x80096400']
(bootloader) 0x0000000000000000

OKAY [  0.003s]
Finished. Total time: 0.003s
['fastboot', '-s', 'cd0ee037', 'oem', 'debug', 'readq', '0x80096408']
(bootloader) 0x0000000000000000

OKAY [  0.003s]
Finished. Total time: 0.003s
['fastboot', '-s', 'cd0ee037', 'oem', 'debug', 'readq', '0x80096410']
(bootloader) 0x0000000000000000

OKAY [  0.003s]
Finished. Total time: 0.003s
['fastboot', '-s', 'cd0ee037', 'oem', 'debug', 'readq', '0x80096418']
(bootloader) 0x0000000000000000

OKAY [  0.003s]
Finished. Total time: 0.003s
['fastboot', '-s', 'cd0ee037', 'oem', 'debug', 'readq', '0x80096420']
(bootloader) 0x0000000000000000

OKAY [  0.003s]
Finished. Total time: 0.003s
['fastboot', '-s', 'cd0ee037', 'oem', 'debug', 'readq', '0x80096428']
(bootloader) 0x0000000000000000

OKAY [  0.003s]
Finished. Total time: 0.003s
['fastboot', '-s', 'cd0ee037', 'oem', 'debug', 'readq', '0x80096430']
(bootloader) 0x0000000000000000

OKAY [  0.003s]
Finished. Total time: 0.003s
['fastboot', '-s', 'cd0ee037', 'oem', 'debug', 'readq', '0x80096438']
(bootloader) 0x0000000000000000

OKAY [  0.003s]
Finished. Total time: 0.003s
['fastboot', '-s', 'cd0ee037', 'oem', 'debug', 'readq', '0x80096440']
(bootloader) 0x0000000000000000

OKAY [  0.003s]
Finished. Total time: 0.003s
['fastboot', '-s', 'cd0ee037', 'oem', 'debug', 'readq', '0x80096448']
(bootloader) 0x0000000000000000

OKAY [  0.003s]
Finished. Total time: 0.003s
['fastboot', '-s', 'cd0ee037', 'oem', 'debug', 'readq', '0x80096450']
(bootloader) 0x0000000000000000

OKAY [  0.003s]
Finished. Total time: 0.003s
['fastboot', '-s', 'cd0ee037', 'oem', 'debug', 'readq', '0x80096458']
(bootloader) 0x0000000000000000

OKAY [  0.003s]
Finished. Total time: 0.003s
['fastboot', '-s', 'cd0ee037', 'oem', 'debug', 'readq', '0x80096460']
(bootloader) 0x0000000000000000

OKAY [  0.003s]
Finished. Total time: 0.003s
['fastboot', '-s', 'cd0ee037', 'oem', 'debug', 'readq', '0x80096468']
(bootloader) 0x0000000000000000

OKAY [  0.003s]
Finished. Total time: 0.003s
['fastboot', '-s', 'cd0ee037', 'oem', 'debug', 'readq', '0x80096470']
(bootloader) 0x0000000000000000

OKAY [  0.003s]
Finished. Total time: 0.003s
['fastboot', '-s', 'cd0ee037', 'oem', 'debug', 'readq', '0x80096478']
(bootloader) 0x0000000000000000

OKAY [  0.003s]
Finished. Total time: 0.003s
['fastboot', '-s', 'cd0ee037', 'oem', 'debug', 'readq', '0x80096480']
(bootloader) 0x0000000000000000

OKAY [  0.003s]
Finished. Total time: 0.003s
['fastboot', '-s', 'cd0ee037', 'oem', 'debug', 'readq', '0x80096488']
(bootloader) 0x0000000000000000

OKAY [  0.003s]
Finished. Total time: 0.003s
['fastboot', '-s', 'cd0ee037', 'oem', 'debug', 'readq', '0x80096490']
(bootloader) 0x0000000000000000

OKAY [  0.003s]
Finished. Total time: 0.003s
['fastboot', '-s', 'cd0ee037', 'oem', 'debug', 'readq', '0x80096498']
(bootloader) 0x0000000000000000

OKAY [  0.003s]
Finished. Total time: 0.003s
['fastboot', '-s', 'cd0ee037', 'oem', 'debug', 'readq', '0x800964a0']
(bootloader) 0x0000000000000000

OKAY [  0.003s]
Finished. Total time: 0.003s
['fastboot', '-s', 'cd0ee037', 'oem', 'debug', 'readq', '0x800964a8']
(bootloader) 0x0000000000000000

OKAY [  0.003s]
Finished. Total time: 0.003s
['fastboot', '-s', 'cd0ee037', 'oem', 'debug', 'readq', '0x800964b0']
(bootloader) 0x0000000000000000

OKAY [  0.003s]
Finished. Total time: 0.003s
['fastboot', '-s', 'cd0ee037', 'oem', 'debug', 'readq', '0x800964b8']
(bootloader) 0x0000000000000000

OKAY [  0.003s]
Finished. Total time: 0.003s
['fastboot', '-s', 'cd0ee037', 'oem', 'debug', 'readq', '0x800964c0']
(bootloader) 0x0000000000000000

OKAY [  0.003s]
Finished. Total time: 0.003s
['fastboot', '-s', 'cd0ee037', 'oem', 'debug', 'readq', '0x800964c8']
(bootloader) 0x0000000000000000

OKAY [  0.003s]
Finished. Total time: 0.003s
['fastboot', '-s', 'cd0ee037', 'oem', 'debug', 'readq', '0x800964d0']
(bootloader) 0x0000000000000000

OKAY [  0.003s]
Finished. Total time: 0.003s
['fastboot', '-s', 'cd0ee037', 'oem', 'debug', 'readq', '0x800964d8']
(bootloader) 0x0000000000000000

OKAY [  0.003s]
Finished. Total time: 0.003s
['fastboot', '-s', 'cd0ee037', 'oem', 'debug', 'readq', '0x800964e0']
(bootloader) 0x0000000000000000

OKAY [  0.003s]
Finished. Total time: 0.003s
['fastboot', '-s', 'cd0ee037', 'oem', 'debug', 'readq', '0x800964e8']
(bootloader) 0x0000000000000000

OKAY [  0.003s]
Finished. Total time: 0.003s
['fastboot', '-s', 'cd0ee037', 'oem', 'debug', 'readq', '0x800964f0']
(bootloader) 0x0000000000000000

OKAY [  0.003s]
Finished. Total time: 0.003s
['fastboot', '-s', 'cd0ee037', 'oem', 'debug', 'readq', '0x800964f8']
(bootloader) 0x0000000000000000

OKAY [  0.003s]
Finished. Total time: 0.003s
['fastboot', '-s', 'cd0ee037', 'oem', 'debug', 'readq', '0x80096500']
(bootloader) 0x0000000000000000

OKAY [  0.003s]
Finished. Total time: 0.003s
['fastboot', '-s', 'cd0ee037', 'oem', 'debug', 'readq', '0x80096508']
(bootloader) 0x0000000000000000

OKAY [  0.003s]
Finished. Total time: 0.003s
['fastboot', '-s', 'cd0ee037', 'oem', 'debug', 'readq', '0x80096510']
(bootloader) 0x0000000000000000

OKAY [  0.003s]
Finished. Total time: 0.003s
['fastboot', '-s', 'cd0ee037', 'oem', 'debug', 'readq', '0x80096518']
(bootloader) 0x0000000000000000

OKAY [  0.003s]
Finished. Total time: 0.003s
['fastboot', '-s', 'cd0ee037', 'oem', 'debug', 'readq', '0x80096520']
(bootloader) 0x0000000000000000

OKAY [  0.003s]
Finished. Total time: 0.003s
['fastboot', '-s', 'cd0ee037', 'oem', 'debug', 'readq', '0x80096528']
(bootloader) 0x0000000000000000

OKAY [  0.003s]
Finished. Total time: 0.003s
['fastboot', '-s', 'cd0ee037', 'oem', 'debug', 'readq', '0x80096530']
(bootloader) 0x0000000000000000

OKAY [  0.003s]
Finished. Total time: 0.003s
['fastboot', '-s', 'cd0ee037', 'oem', 'debug', 'readq', '0x80096538']
(bootloader) 0x0000000000000000

OKAY [  0.004s]
Finished. Total time: 0.004s
['fastboot', '-s', 'cd0ee037', 'oem', 'debug', 'readq', '0x80096540']
(bootloader) 0x0000000000000000

OKAY [  0.003s]
Finished. Total time: 0.003s
['fastboot', '-s', 'cd0ee037', 'oem', 'debug', 'readq', '0x80096548']
(bootloader) 0x0000000000000000

OKAY [  0.003s]
Finished. Total time: 0.003s
['fastboot', '-s', 'cd0ee037', 'oem', 'debug', 'readq', '0x80096550']
(bootloader) 0x0000000000000000

OKAY [  0.003s]
Finished. Total time: 0.003s
['fastboot', '-s', 'cd0ee037', 'oem', 'debug', 'readq', '0x80096558']
(bootloader) 0x0000000000000000

OKAY [  0.003s]
Finished. Total time: 0.003s
['fastboot', '-s', 'cd0ee037', 'oem', 'debug', 'readq', '0x80096560']
(bootloader) 0x0000000000000000

OKAY [  0.003s]
Finished. Total time: 0.003s
['fastboot', '-s', 'cd0ee037', 'oem', 'debug', 'readq', '0x80096568']
(bootloader) 0x0000000000000000

OKAY [  0.003s]
Finished. Total time: 0.003s
['fastboot', '-s', 'cd0ee037', 'oem', 'debug', 'readq', '0x80096570']
(bootloader) 0x0000000000000000

OKAY [  0.003s]
Finished. Total time: 0.003s
['fastboot', '-s', 'cd0ee037', 'oem', 'debug', 'readq', '0x80096578']
(bootloader) 0x0000000000000000

OKAY [  0.003s]
Finished. Total time: 0.003s
['fastboot', '-s', 'cd0ee037', 'oem', 'debug', 'readq', '0x80096580']
(bootloader) 0x0000000000000000

OKAY [  0.003s]
Finished. Total time: 0.003s
['fastboot', '-s', 'cd0ee037', 'oem', 'debug', 'readq', '0x80096588']
(bootloader) 0x0000000000000000

OKAY [  0.003s]
Finished. Total time: 0.003s
['fastboot', '-s', 'cd0ee037', 'oem', 'debug', 'readq', '0x80096590']
(bootloader) 0x0000000000000000

OKAY [  0.003s]
Finished. Total time: 0.003s
['fastboot', '-s', 'cd0ee037', 'oem', 'debug', 'readq', '0x80096598']
(bootloader) 0x0000000000000000

OKAY [  0.003s]
Finished. Total time: 0.003s
['fastboot', '-s', 'cd0ee037', 'oem', 'debug', 'readq', '0x800965a0']
(bootloader) 0x0000000000000000

OKAY [  0.003s]
Finished. Total time: 0.003s
['fastboot', '-s', 'cd0ee037', 'oem', 'debug', 'readq', '0x800965a8']
(bootloader) 0x0000000000000000

OKAY [  0.003s]
Finished. Total time: 0.003s
['fastboot', '-s', 'cd0ee037', 'oem', 'debug', 'readq', '0x800965b0']
(bootloader) 0x0000000000000000

OKAY [  0.003s]
Finished. Total time: 0.003s
['fastboot', '-s', 'cd0ee037', 'oem', 'debug', 'readq', '0x800965b8']
(bootloader) 0x0000000000000000

OKAY [  0.003s]
Finished. Total time: 0.003s
['fastboot', '-s', 'cd0ee037', 'oem', 'debug', 'readq', '0x800965c0']
(bootloader) 0x0000000000000000

OKAY [  0.003s]
Finished. Total time: 0.003s
['fastboot', '-s', 'cd0ee037', 'oem', 'debug', 'readq', '0x800965c8']
(bootloader) 0x0000000000000000

OKAY [  0.003s]
Finished. Total time: 0.003s
['fastboot', '-s', 'cd0ee037', 'oem', 'debug', 'readq', '0x800965d0']
(bootloader) 0x0000000000000000

OKAY [  0.003s]
Finished. Total time: 0.003s
['fastboot', '-s', 'cd0ee037', 'oem', 'debug', 'readq', '0x800965d8']
(bootloader) 0x0000000000000000

OKAY [  0.003s]
Finished. Total time: 0.003s
['fastboot', '-s', 'cd0ee037', 'oem', 'debug', 'readq', '0x800965e0']
(bootloader) 0x0000000000000000

OKAY [  0.003s]
Finished. Total time: 0.003s
['fastboot', '-s', 'cd0ee037', 'oem', 'debug', 'readq', '0x800965e8']
(bootloader) 0x0000000000000000

OKAY [  0.003s]
Finished. Total time: 0.003s
['fastboot', '-s', 'cd0ee037', 'oem', 'debug', 'readq', '0x800965f0']
(bootloader) 0x0000000000000000

OKAY [  0.003s]
Finished. Total time: 0.003s
['fastboot', '-s', 'cd0ee037', 'oem', 'debug', 'readq', '0x800965f8']
(bootloader) 0x0000000000000000

OKAY [  0.003s]
Finished. Total time: 0.003s
['fastboot', '-s', 'cd0ee037', 'oem', 'debug', 'readq', '0x80096600']
(bootloader) 0x0000000000000000

OKAY [  0.003s]
Finished. Total time: 0.003s
['fastboot', '-s', 'cd0ee037', 'oem', 'debug', 'readq', '0x80096608']
(bootloader) 0x0000000000000000

OKAY [  0.003s]
Finished. Total time: 0.003s
['fastboot', '-s', 'cd0ee037', 'oem', 'debug', 'readq', '0x80096610']
(bootloader) 0x0000000000000000

OKAY [  0.003s]
Finished. Total time: 0.003s
['fastboot', '-s', 'cd0ee037', 'oem', 'debug', 'readq', '0x80096618']
(bootloader) 0x0000000000000000

OKAY [  0.003s]
Finished. Total time: 0.003s
['fastboot', '-s', 'cd0ee037', 'oem', 'debug', 'readq', '0x80096620']
(bootloader) 0x0000000000000000

OKAY [  0.003s]
Finished. Total time: 0.003s
['fastboot', '-s', 'cd0ee037', 'oem', 'debug', 'readq', '0x80096628']
(bootloader) 0x0000000000000000

OKAY [  0.003s]
Finished. Total time: 0.003s
['fastboot', '-s', 'cd0ee037', 'oem', 'debug', 'readq', '0x80096630']
(bootloader) 0x0000000000000000

OKAY [  0.003s]
Finished. Total time: 0.003s
['fastboot', '-s', 'cd0ee037', 'oem', 'debug', 'readq', '0x80096638']
(bootloader) 0x0000000000000000

OKAY [  0.003s]
Finished. Total time: 0.003s
['fastboot', '-s', 'cd0ee037', 'oem', 'debug', 'readq', '0x80096640']
(bootloader) 0x0000000000000000

OKAY [  0.003s]
Finished. Total time: 0.003s
['fastboot', '-s', 'cd0ee037', 'oem', 'debug', 'readq', '0x80096648']
(bootloader) 0x0000000000000000

OKAY [  0.003s]
Finished. Total time: 0.003s
['fastboot', '-s', 'cd0ee037', 'oem', 'debug', 'readq', '0x80096650']
(bootloader) 0x0000000000000000

OKAY [  0.003s]
Finished. Total time: 0.003s
['fastboot', '-s', 'cd0ee037', 'oem', 'debug', 'readq', '0x80096658']
(bootloader) 0x0000000000000000

OKAY [  0.003s]
Finished. Total time: 0.003s
['fastboot', '-s', 'cd0ee037', 'oem', 'debug', 'readq', '0x80096660']
(bootloader) 0x0000000000000000

OKAY [  0.003s]
Finished. Total time: 0.003s
['fastboot', '-s', 'cd0ee037', 'oem', 'debug', 'readq', '0x80096668']
(bootloader) 0x0000000000000000

OKAY [  0.003s]
Finished. Total time: 0.003s
['fastboot', '-s', 'cd0ee037', 'oem', 'debug', 'readq', '0x80096670']
(bootloader) 0x0000000000000000

OKAY [  0.003s]
Finished. Total time: 0.003s
['fastboot', '-s', 'cd0ee037', 'oem', 'debug', 'readq', '0x80096678']
(bootloader) 0x0000000000000000

OKAY [  0.003s]
Finished. Total time: 0.003s
['fastboot', '-s', 'cd0ee037', 'oem', 'debug', 'readq', '0x80096680']
(bootloader) 0x0000000000000000

OKAY [  0.003s]
Finished. Total time: 0.003s
['fastboot', '-s', 'cd0ee037', 'oem', 'debug', 'readq', '0x80096688']
(bootloader) 0x0000000000000000

OKAY [  0.003s]
Finished. Total time: 0.003s
['fastboot', '-s', 'cd0ee037', 'oem', 'debug', 'readq', '0x80096690']
(bootloader) 0x0000000000000000

OKAY [  0.003s]
Finished. Total time: 0.003s
['fastboot', '-s', 'cd0ee037', 'oem', 'debug', 'readq', '0x80096698']
(bootloader) 0x0000000000000000

OKAY [  0.003s]
Finished. Total time: 0.003s
['fastboot', '-s', 'cd0ee037', 'oem', 'debug', 'readq', '0x800966a0']
(bootloader) 0x0000000000000000

OKAY [  0.003s]
Finished. Total time: 0.003s
['fastboot', '-s', 'cd0ee037', 'oem', 'debug', 'readq', '0x800966a8']
(bootloader) 0x0000000000000000

OKAY [  0.003s]
Finished. Total time: 0.003s
['fastboot', '-s', 'cd0ee037', 'oem', 'debug', 'readq', '0x800966b0']
(bootloader) 0x0000000000000000

OKAY [  0.003s]
Finished. Total time: 0.003s
['fastboot', '-s', 'cd0ee037', 'oem', 'debug', 'readq', '0x800966b8']
(bootloader) 0x0000000000000000

OKAY [  0.003s]
Finished. Total time: 0.003s
['fastboot', '-s', 'cd0ee037', 'oem', 'debug', 'readq', '0x800966c0']
(bootloader) 0x0000000000000000

OKAY [  0.003s]
Finished. Total time: 0.003s
['fastboot', '-s', 'cd0ee037', 'oem', 'debug', 'readq', '0x800966c8']
(bootloader) 0x0000000000000000

OKAY [  0.003s]
Finished. Total time: 0.003s
['fastboot', '-s', 'cd0ee037', 'oem', 'debug', 'readq', '0x800966d0']
(bootloader) 0x0000000000000000

OKAY [  0.003s]
Finished. Total time: 0.003s
['fastboot', '-s', 'cd0ee037', 'oem', 'debug', 'readq', '0x800966d8']
(bootloader) 0x0000000000000000

OKAY [  0.003s]
Finished. Total time: 0.003s
['fastboot', '-s', 'cd0ee037', 'oem', 'debug', 'readq', '0x800966e0']
(bootloader) 0x0000000000000000

OKAY [  0.003s]
Finished. Total time: 0.003s
['fastboot', '-s', 'cd0ee037', 'oem', 'debug', 'readq', '0x800966e8']
(bootloader) 0x0000000000000000

OKAY [  0.003s]
Finished. Total time: 0.003s
['fastboot', '-s', 'cd0ee037', 'oem', 'debug', 'readq', '0x800966f0']
(bootloader) 0x0000000000000000

OKAY [  0.003s]
Finished. Total time: 0.003s
['fastboot', '-s', 'cd0ee037', 'oem', 'debug', 'readq', '0x800966f8']
(bootloader) 0x0000000000000000

OKAY [  0.003s]
Finished. Total time: 0.003s
['fastboot', '-s', 'cd0ee037', 'oem', 'debug', 'readq', '0x80096700']
(bootloader) 0x0000000000000000

OKAY [  0.003s]
Finished. Total time: 0.003s
['fastboot', '-s', 'cd0ee037', 'oem', 'debug', 'readq', '0x80096708']
(bootloader) 0x0000000000000000

OKAY [  0.003s]
Finished. Total time: 0.003s
['fastboot', '-s', 'cd0ee037', 'oem', 'debug', 'readq', '0x80096710']
(bootloader) 0x0000000000000000

OKAY [  0.004s]
Finished. Total time: 0.004s
['fastboot', '-s', 'cd0ee037', 'oem', 'debug', 'readq', '0x80096718']
(bootloader) 0x0000000000000000

OKAY [  0.003s]
Finished. Total time: 0.003s
['fastboot', '-s', 'cd0ee037', 'oem', 'debug', 'readq', '0x80096720']
(bootloader) 0x0000000000000000

OKAY [  0.003s]
Finished. Total time: 0.003s
['fastboot', '-s', 'cd0ee037', 'oem', 'debug', 'readq', '0x80096728']
(bootloader) 0x0000000000000000

OKAY [  0.003s]
Finished. Total time: 0.003s
['fastboot', '-s', 'cd0ee037', 'oem', 'debug', 'readq', '0x80096730']
(bootloader) 0x0000000000000000

OKAY [  0.003s]
Finished. Total time: 0.003s
['fastboot', '-s', 'cd0ee037', 'oem', 'debug', 'readq', '0x80096738']
(bootloader) 0x0000000000000000

OKAY [  0.003s]
Finished. Total time: 0.003s
['fastboot', '-s', 'cd0ee037', 'oem', 'debug', 'readq', '0x80096740']
(bootloader) 0x0000000000000000

OKAY [  0.003s]
Finished. Total time: 0.003s
['fastboot', '-s', 'cd0ee037', 'oem', 'debug', 'readq', '0x80096748']
(bootloader) 0x0000000000000000

OKAY [  0.003s]
Finished. Total time: 0.003s
['fastboot', '-s', 'cd0ee037', 'oem', 'debug', 'readq', '0x80096750']
(bootloader) 0x0000000000000000

OKAY [  0.003s]
Finished. Total time: 0.003s
['fastboot', '-s', 'cd0ee037', 'oem', 'debug', 'readq', '0x80096758']
(bootloader) 0x0000000000000000

OKAY [  0.003s]
Finished. Total time: 0.003s
['fastboot', '-s', 'cd0ee037', 'oem', 'debug', 'readq', '0x80096760']
(bootloader) 0x0000000000000000

OKAY [  0.003s]
Finished. Total time: 0.003s
['fastboot', '-s', 'cd0ee037', 'oem', 'debug', 'readq', '0x80096768']
(bootloader) 0x0000000000000000

OKAY [  0.003s]
Finished. Total time: 0.003s
['fastboot', '-s', 'cd0ee037', 'oem', 'debug', 'readq', '0x80096770']
(bootloader) 0x0000000000000000

OKAY [  0.003s]
Finished. Total time: 0.003s
['fastboot', '-s', 'cd0ee037', 'oem', 'debug', 'readq', '0x80096778']
(bootloader) 0x0000000000000000

OKAY [  0.003s]
Finished. Total time: 0.003s
['fastboot', '-s', 'cd0ee037', 'oem', 'debug', 'readq', '0x80096780']
(bootloader) 0x0000000000000000

OKAY [  0.003s]
Finished. Total time: 0.003s
['fastboot', '-s', 'cd0ee037', 'oem', 'debug', 'readq', '0x80096788']
(bootloader) 0x0000000000000000

OKAY [  0.003s]
Finished. Total time: 0.003s
['fastboot', '-s', 'cd0ee037', 'oem', 'debug', 'readq', '0x80096790']
(bootloader) 0x0000000000000000

OKAY [  0.003s]
Finished. Total time: 0.003s
['fastboot', '-s', 'cd0ee037', 'oem', 'debug', 'readq', '0x80096798']
(bootloader) 0x0000000000000000

OKAY [  0.003s]
Finished. Total time: 0.003s
['fastboot', '-s', 'cd0ee037', 'oem', 'debug', 'readq', '0x800967a0']
(bootloader) 0x0000000000000000

OKAY [  0.003s]
Finished. Total time: 0.003s
['fastboot', '-s', 'cd0ee037', 'oem', 'debug', 'readq', '0x800967a8']
(bootloader) 0x0000000000000000

OKAY [  0.003s]
Finished. Total time: 0.003s
['fastboot', '-s', 'cd0ee037', 'oem', 'debug', 'readq', '0x800967b0']
(bootloader) 0x0000000000000000

OKAY [  0.003s]
Finished. Total time: 0.003s
['fastboot', '-s', 'cd0ee037', 'oem', 'debug', 'readq', '0x800967b8']
(bootloader) 0x0000000000000000

OKAY [  0.003s]
Finished. Total time: 0.003s
['fastboot', '-s', 'cd0ee037', 'oem', 'debug', 'readq', '0x800967c0']
(bootloader) 0x0000000000000000

OKAY [  0.003s]
Finished. Total time: 0.003s
['fastboot', '-s', 'cd0ee037', 'oem', 'debug', 'readq', '0x800967c8']
(bootloader) 0x0000000000000000

OKAY [  0.003s]
Finished. Total time: 0.003s
['fastboot', '-s', 'cd0ee037', 'oem', 'debug', 'readq', '0x800967d0']
(bootloader) 0x0000000000000000

OKAY [  0.003s]
Finished. Total time: 0.003s
['fastboot', '-s', 'cd0ee037', 'oem', 'debug', 'readq', '0x800967d8']
(bootloader) 0x0000000000000000

OKAY [  0.003s]
Finished. Total time: 0.003s
['fastboot', '-s', 'cd0ee037', 'oem', 'debug', 'readq', '0x800967e0']
(bootloader) 0x0000000000000000

OKAY [  0.003s]
Finished. Total time: 0.003s
['fastboot', '-s', 'cd0ee037', 'oem', 'debug', 'readq', '0x800967e8']
(bootloader) 0x0000000000000000

OKAY [  0.003s]
Finished. Total time: 0.003s
['fastboot', '-s', 'cd0ee037', 'oem', 'debug', 'readq', '0x800967f0']
(bootloader) 0x0000000000000000

OKAY [  0.003s]
Finished. Total time: 0.003s
['fastboot', '-s', 'cd0ee037', 'oem', 'debug', 'readq', '0x800967f8']
(bootloader) 0x0000000000000000

OKAY [  0.003s]
Finished. Total time: 0.003s
['fastboot', '-s', 'cd0ee037', 'oem', 'debug', 'readq', '0x80096800']
(bootloader) 0x0000000000000000

OKAY [  0.003s]
Finished. Total time: 0.003s
['fastboot', '-s', 'cd0ee037', 'oem', 'debug', 'readq', '0x80096808']
(bootloader) 0x0000000000000000

OKAY [  0.003s]
Finished. Total time: 0.003s
['fastboot', '-s', 'cd0ee037', 'oem', 'debug', 'readq', '0x80096810']
(bootloader) 0x0000000000000000

OKAY [  0.003s]
Finished. Total time: 0.003s
['fastboot', '-s', 'cd0ee037', 'oem', 'debug', 'readq', '0x80096818']
(bootloader) 0x0000000000000000

OKAY [  0.003s]
Finished. Total time: 0.003s
['fastboot', '-s', 'cd0ee037', 'oem', 'debug', 'readq', '0x80096820']
(bootloader) 0x0000000000000000

OKAY [  0.003s]
Finished. Total time: 0.003s
['fastboot', '-s', 'cd0ee037', 'oem', 'debug', 'readq', '0x80096828']
(bootloader) 0x0000000000000000

OKAY [  0.003s]
Finished. Total time: 0.003s
['fastboot', '-s', 'cd0ee037', 'oem', 'debug', 'readq', '0x80096830']
(bootloader) 0x0000000000000000

OKAY [  0.003s]
Finished. Total time: 0.003s
['fastboot', '-s', 'cd0ee037', 'oem', 'debug', 'readq', '0x80096838']
(bootloader) 0x0000000000000000

OKAY [  0.003s]
Finished. Total time: 0.003s
['fastboot', '-s', 'cd0ee037', 'oem', 'debug', 'readq', '0x80096840']
(bootloader) 0x0000000000000000

OKAY [  0.003s]
Finished. Total time: 0.003s
['fastboot', '-s', 'cd0ee037', 'oem', 'debug', 'readq', '0x80096848']
(bootloader) 0x0000000000000000

OKAY [  0.003s]
Finished. Total time: 0.003s
['fastboot', '-s', 'cd0ee037', 'oem', 'debug', 'readq', '0x80096850']
(bootloader) 0x0000000000000000

OKAY [  0.003s]
Finished. Total time: 0.003s
['fastboot', '-s', 'cd0ee037', 'oem', 'debug', 'readq', '0x80096858']
(bootloader) 0x0000000000000000

OKAY [  0.003s]
Finished. Total time: 0.003s
['fastboot', '-s', 'cd0ee037', 'oem', 'debug', 'readq', '0x80096860']
(bootloader) 0x0000000000000000

OKAY [  0.003s]
Finished. Total time: 0.003s
['fastboot', '-s', 'cd0ee037', 'oem', 'debug', 'readq', '0x80096868']
(bootloader) 0x0000000000000000

OKAY [  0.003s]
Finished. Total time: 0.003s
['fastboot', '-s', 'cd0ee037', 'oem', 'debug', 'readq', '0x80096870']
(bootloader) 0x0000000000000000

OKAY [  0.003s]
Finished. Total time: 0.003s
['fastboot', '-s', 'cd0ee037', 'oem', 'debug', 'readq', '0x80096878']
(bootloader) 0x0000000000000000

OKAY [  0.003s]
Finished. Total time: 0.003s
['fastboot', '-s', 'cd0ee037', 'oem', 'debug', 'readq', '0x80096880']
(bootloader) 0x0000000000000000

OKAY [  0.003s]
Finished. Total time: 0.003s
['fastboot', '-s', 'cd0ee037', 'oem', 'debug', 'readq', '0x80096888']
(bootloader) 0x0000000000000000

OKAY [  0.003s]
Finished. Total time: 0.003s
['fastboot', '-s', 'cd0ee037', 'oem', 'debug', 'readq', '0x80096890']
(bootloader) 0x0000000000000000

OKAY [  0.003s]
Finished. Total time: 0.003s
['fastboot', '-s', 'cd0ee037', 'oem', 'debug', 'readq', '0x80096898']
(bootloader) 0x0000000000000000

OKAY [  0.003s]
Finished. Total time: 0.003s
['fastboot', '-s', 'cd0ee037', 'oem', 'debug', 'readq', '0x800968a0']
(bootloader) 0x0000000000000000

OKAY [  0.003s]
Finished. Total time: 0.003s
['fastboot', '-s', 'cd0ee037', 'oem', 'debug', 'readq', '0x800968a8']
(bootloader) 0x0000000000000000

OKAY [  0.003s]
Finished. Total time: 0.003s
['fastboot', '-s', 'cd0ee037', 'oem', 'debug', 'readq', '0x800968b0']
(bootloader) 0x0000000000000000

OKAY [  0.003s]
Finished. Total time: 0.003s
['fastboot', '-s', 'cd0ee037', 'oem', 'debug', 'readq', '0x800968b8']
(bootloader) 0x0000000000000000

OKAY [  0.003s]
Finished. Total time: 0.003s
['fastboot', '-s', 'cd0ee037', 'oem', 'debug', 'readq', '0x800968c0']
(bootloader) 0x0000000000000000

OKAY [  0.003s]
Finished. Total time: 0.003s
['fastboot', '-s', 'cd0ee037', 'oem', 'debug', 'readq', '0x800968c8']
(bootloader) 0x0000000000000000

OKAY [  0.003s]
Finished. Total time: 0.003s
['fastboot', '-s', 'cd0ee037', 'oem', 'debug', 'readq', '0x800968d0']
(bootloader) 0x0000000000000000

OKAY [  0.003s]
Finished. Total time: 0.003s
['fastboot', '-s', 'cd0ee037', 'oem', 'debug', 'readq', '0x800968d8']
(bootloader) 0x0000000000000000

OKAY [  0.003s]
Finished. Total time: 0.003s
['fastboot', '-s', 'cd0ee037', 'oem', 'debug', 'readq', '0x800968e0']
(bootloader) 0x0000000000000000

OKAY [  0.003s]
Finished. Total time: 0.003s
['fastboot', '-s', 'cd0ee037', 'oem', 'debug', 'readq', '0x800968e8']
(bootloader) 0x0000000000000000

OKAY [  0.003s]
Finished. Total time: 0.003s
['fastboot', '-s', 'cd0ee037', 'oem', 'debug', 'readq', '0x800968f0']
(bootloader) 0x0000000000000000

OKAY [  0.003s]
Finished. Total time: 0.003s
['fastboot', '-s', 'cd0ee037', 'oem', 'debug', 'readq', '0x800968f8']
(bootloader) 0x0000000000000000

OKAY [  0.003s]
Finished. Total time: 0.003s
['fastboot', '-s', 'cd0ee037', 'oem', 'debug', 'readq', '0x80096900']
(bootloader) 0x0000000000000000

OKAY [  0.003s]
Finished. Total time: 0.003s
['fastboot', '-s', 'cd0ee037', 'oem', 'debug', 'readq', '0x80096908']
(bootloader) 0x0000000000000000

OKAY [  0.003s]
Finished. Total time: 0.003s
['fastboot', '-s', 'cd0ee037', 'oem', 'debug', 'readq', '0x80096910']
(bootloader) 0x0000000000000000

OKAY [  0.003s]
Finished. Total time: 0.003s
['fastboot', '-s', 'cd0ee037', 'oem', 'debug', 'readq', '0x80096918']
(bootloader) 0x0000000000000000

OKAY [  0.003s]
Finished. Total time: 0.003s
['fastboot', '-s', 'cd0ee037', 'oem', 'debug', 'readq', '0x80096920']
(bootloader) 0x0000000000000000

OKAY [  0.003s]
Finished. Total time: 0.003s
['fastboot', '-s', 'cd0ee037', 'oem', 'debug', 'readq', '0x80096928']
(bootloader) 0x0000000000000000

OKAY [  0.003s]
Finished. Total time: 0.003s
['fastboot', '-s', 'cd0ee037', 'oem', 'debug', 'readq', '0x80096930']
(bootloader) 0x0000000000000000

OKAY [  0.003s]
Finished. Total time: 0.003s
['fastboot', '-s', 'cd0ee037', 'oem', 'debug', 'readq', '0x80096938']
(bootloader) 0x0000000000000000

OKAY [  0.003s]
Finished. Total time: 0.003s
['fastboot', '-s', 'cd0ee037', 'oem', 'debug', 'readq', '0x80096940']
(bootloader) 0x0000000000000000

OKAY [  0.004s]
Finished. Total time: 0.004s
['fastboot', '-s', 'cd0ee037', 'oem', 'debug', 'readq', '0x80096948']
(bootloader) 0x0000000000000000

OKAY [  0.003s]
Finished. Total time: 0.003s
['fastboot', '-s', 'cd0ee037', 'oem', 'debug', 'readq', '0x80096950']
(bootloader) 0x0000000000000000

OKAY [  0.003s]
Finished. Total time: 0.003s
['fastboot', '-s', 'cd0ee037', 'oem', 'debug', 'readq', '0x80096958']
(bootloader) 0x0000000000000000

OKAY [  0.003s]
Finished. Total time: 0.003s
['fastboot', '-s', 'cd0ee037', 'oem', 'debug', 'readq', '0x80096960']
(bootloader) 0x0000000000000000

OKAY [  0.003s]
Finished. Total time: 0.003s
['fastboot', '-s', 'cd0ee037', 'oem', 'debug', 'readq', '0x80096968']
(bootloader) 0x0000000000000000

OKAY [  0.003s]
Finished. Total time: 0.003s
['fastboot', '-s', 'cd0ee037', 'oem', 'debug', 'readq', '0x80096970']
(bootloader) 0x0000000000000000

OKAY [  0.003s]
Finished. Total time: 0.003s
['fastboot', '-s', 'cd0ee037', 'oem', 'debug', 'readq', '0x80096978']
(bootloader) 0x0000000000000000

OKAY [  0.003s]
Finished. Total time: 0.003s
['fastboot', '-s', 'cd0ee037', 'oem', 'debug', 'readq', '0x80096980']
(bootloader) 0x0000000000000000

OKAY [  0.003s]
Finished. Total time: 0.003s
['fastboot', '-s', 'cd0ee037', 'oem', 'debug', 'readq', '0x80096988']
(bootloader) 0x0000000000000000

OKAY [  0.003s]
Finished. Total time: 0.003s
['fastboot', '-s', 'cd0ee037', 'oem', 'debug', 'readq', '0x80096990']
(bootloader) 0x0000000000000000

OKAY [  0.003s]
Finished. Total time: 0.003s
['fastboot', '-s', 'cd0ee037', 'oem', 'debug', 'readq', '0x80096998']
(bootloader) 0x0000000000000000

OKAY [  0.003s]
Finished. Total time: 0.003s
['fastboot', '-s', 'cd0ee037', 'oem', 'debug', 'readq', '0x800969a0']
(bootloader) 0x0000000000000000

OKAY [  0.003s]
Finished. Total time: 0.003s
['fastboot', '-s', 'cd0ee037', 'oem', 'debug', 'readq', '0x800969a8']
(bootloader) 0x0000000000000000

OKAY [  0.003s]
Finished. Total time: 0.003s
['fastboot', '-s', 'cd0ee037', 'oem', 'debug', 'readq', '0x800969b0']
(bootloader) 0x0000000000000000

OKAY [  0.003s]
Finished. Total time: 0.003s
['fastboot', '-s', 'cd0ee037', 'oem', 'debug', 'readq', '0x800969b8']
(bootloader) 0x0000000000000000

OKAY [  0.003s]
Finished. Total time: 0.003s
['fastboot', '-s', 'cd0ee037', 'oem', 'debug', 'readq', '0x800969c0']
(bootloader) 0x0000000000000000

OKAY [  0.003s]
Finished. Total time: 0.003s
['fastboot', '-s', 'cd0ee037', 'oem', 'debug', 'readq', '0x800969c8']
(bootloader) 0x0000000000000000

OKAY [  0.003s]
Finished. Total time: 0.003s
['fastboot', '-s', 'cd0ee037', 'oem', 'debug', 'readq', '0x800969d0']
(bootloader) 0x0000000000000000

OKAY [  0.003s]
Finished. Total time: 0.003s
['fastboot', '-s', 'cd0ee037', 'oem', 'debug', 'readq', '0x800969d8']
(bootloader) 0x0000000000000000

OKAY [  0.003s]
Finished. Total time: 0.003s
['fastboot', '-s', 'cd0ee037', 'oem', 'debug', 'readq', '0x800969e0']
(bootloader) 0x0000000000000000

OKAY [  0.003s]
Finished. Total time: 0.003s
['fastboot', '-s', 'cd0ee037', 'oem', 'debug', 'readq', '0x800969e8']
(bootloader) 0x0000000000000000

OKAY [  0.003s]
Finished. Total time: 0.004s
['fastboot', '-s', 'cd0ee037', 'oem', 'debug', 'readq', '0x800969f0']
(bootloader) 0x0000000000000000

OKAY [  0.003s]
Finished. Total time: 0.003s
['fastboot', '-s', 'cd0ee037', 'oem', 'debug', 'readq', '0x800969f8']
(bootloader) 0x0000000000000000

OKAY [  0.003s]
Finished. Total time: 0.003s
['fastboot', '-s', 'cd0ee037', 'oem', 'debug', 'readq', '0x80096a00']
(bootloader) 0x0000000000000000

OKAY [  0.003s]
Finished. Total time: 0.003s
['fastboot', '-s', 'cd0ee037', 'oem', 'debug', 'readq', '0x80096a08']
(bootloader) 0x0000000000000000

OKAY [  0.003s]
Finished. Total time: 0.003s
['fastboot', '-s', 'cd0ee037', 'oem', 'debug', 'readq', '0x80096a10']
(bootloader) 0x0000000000000000

OKAY [  0.003s]
Finished. Total time: 0.003s
['fastboot', '-s', 'cd0ee037', 'oem', 'debug', 'readq', '0x80096a18']
(bootloader) 0x0000000000000000

OKAY [  0.003s]
Finished. Total time: 0.003s
['fastboot', '-s', 'cd0ee037', 'oem', 'debug', 'readq', '0x80096a20']
(bootloader) 0x0000000000000000

OKAY [  0.003s]
Finished. Total time: 0.003s
['fastboot', '-s', 'cd0ee037', 'oem', 'debug', 'readq', '0x80096a28']
(bootloader) 0x0000000000000000

OKAY [  0.003s]
Finished. Total time: 0.003s
['fastboot', '-s', 'cd0ee037', 'oem', 'debug', 'readq', '0x80096a30']
(bootloader) 0x0000000000000000

OKAY [  0.003s]
Finished. Total time: 0.003s
['fastboot', '-s', 'cd0ee037', 'oem', 'debug', 'readq', '0x80096a38']
(bootloader) 0x0000000000000000

OKAY [  0.003s]
Finished. Total time: 0.003s
['fastboot', '-s', 'cd0ee037', 'oem', 'debug', 'readq', '0x80096a40']
(bootloader) 0x0000000000000000

OKAY [  0.003s]
Finished. Total time: 0.003s
['fastboot', '-s', 'cd0ee037', 'oem', 'debug', 'readq', '0x80096a48']
(bootloader) 0x0000000000000000

OKAY [  0.003s]
Finished. Total time: 0.003s
['fastboot', '-s', 'cd0ee037', 'oem', 'debug', 'readq', '0x80096a50']
(bootloader) 0x0000000000000000

OKAY [  0.003s]
Finished. Total time: 0.003s
['fastboot', '-s', 'cd0ee037', 'oem', 'debug', 'readq', '0x80096a58']
(bootloader) 0x0000000000000000

OKAY [  0.003s]
Finished. Total time: 0.003s
['fastboot', '-s', 'cd0ee037', 'oem', 'debug', 'readq', '0x80096a60']
(bootloader) 0x0000000000000000

OKAY [  0.003s]
Finished. Total time: 0.003s
['fastboot', '-s', 'cd0ee037', 'oem', 'debug', 'readq', '0x80096a68']
(bootloader) 0x0000000000000000

OKAY [  0.003s]
Finished. Total time: 0.003s
['fastboot', '-s', 'cd0ee037', 'oem', 'debug', 'readq', '0x80096a70']
(bootloader) 0x0000000000000000

OKAY [  0.003s]
Finished. Total time: 0.003s
['fastboot', '-s', 'cd0ee037', 'oem', 'debug', 'readq', '0x80096a78']
(bootloader) 0x0000000000000000

OKAY [  0.003s]
Finished. Total time: 0.003s
['fastboot', '-s', 'cd0ee037', 'oem', 'debug', 'readq', '0x80096a80']
(bootloader) 0x0000000000000000

OKAY [  0.003s]
Finished. Total time: 0.003s
['fastboot', '-s', 'cd0ee037', 'oem', 'debug', 'readq', '0x80096a88']
(bootloader) 0x0000000000000000

OKAY [  0.003s]
Finished. Total time: 0.003s
['fastboot', '-s', 'cd0ee037', 'oem', 'debug', 'readq', '0x80096a90']
(bootloader) 0x0000000000000000

OKAY [  0.003s]
Finished. Total time: 0.003s
['fastboot', '-s', 'cd0ee037', 'oem', 'debug', 'readq', '0x80096a98']
(bootloader) 0x0000000000000000

OKAY [  0.003s]
Finished. Total time: 0.003s
['fastboot', '-s', 'cd0ee037', 'oem', 'debug', 'readq', '0x80096aa0']
(bootloader) 0x0000000000000000

OKAY [  0.003s]
Finished. Total time: 0.003s
['fastboot', '-s', 'cd0ee037', 'oem', 'debug', 'readq', '0x80096aa8']
(bootloader) 0x0000000000000000

OKAY [  0.003s]
Finished. Total time: 0.003s
['fastboot', '-s', 'cd0ee037', 'oem', 'debug', 'readq', '0x80096ab0']
(bootloader) 0x0000000000000000

OKAY [  0.003s]
Finished. Total time: 0.003s
['fastboot', '-s', 'cd0ee037', 'oem', 'debug', 'readq', '0x80096ab8']
(bootloader) 0x0000000000000000

OKAY [  0.003s]
Finished. Total time: 0.003s
['fastboot', '-s', 'cd0ee037', 'oem', 'debug', 'readq', '0x80096ac0']
(bootloader) 0x0000000000000000

OKAY [  0.003s]
Finished. Total time: 0.003s
['fastboot', '-s', 'cd0ee037', 'oem', 'debug', 'readq', '0x80096ac8']
(bootloader) 0x0000000000000000

OKAY [  0.003s]
Finished. Total time: 0.003s
['fastboot', '-s', 'cd0ee037', 'oem', 'debug', 'readq', '0x80096ad0']
(bootloader) 0x0000000000000000

OKAY [  0.003s]
Finished. Total time: 0.003s
['fastboot', '-s', 'cd0ee037', 'oem', 'debug', 'readq', '0x80096ad8']
(bootloader) 0x0000000000000000

OKAY [  0.003s]
Finished. Total time: 0.003s
['fastboot', '-s', 'cd0ee037', 'oem', 'debug', 'readq', '0x80096ae0']
(bootloader) 0x0000000000000000

OKAY [  0.003s]
Finished. Total time: 0.003s
['fastboot', '-s', 'cd0ee037', 'oem', 'debug', 'readq', '0x80096ae8']
(bootloader) 0x0000000000000000

OKAY [  0.003s]
Finished. Total time: 0.003s
['fastboot', '-s', 'cd0ee037', 'oem', 'debug', 'readq', '0x80096af0']
(bootloader) 0x0000000000000000

OKAY [  0.003s]
Finished. Total time: 0.003s
['fastboot', '-s', 'cd0ee037', 'oem', 'debug', 'readq', '0x80096af8']
(bootloader) 0x0000000000000000

OKAY [  0.003s]
Finished. Total time: 0.003s
['fastboot', '-s', 'cd0ee037', 'oem', 'debug', 'readq', '0x80096b00']
(bootloader) 0x0000000000000000

OKAY [  0.003s]
Finished. Total time: 0.003s
['fastboot', '-s', 'cd0ee037', 'oem', 'debug', 'readq', '0x80096b08']
(bootloader) 0x0000000000000000

OKAY [  0.003s]
Finished. Total time: 0.003s
['fastboot', '-s', 'cd0ee037', 'oem', 'debug', 'readq', '0x80096b10']
(bootloader) 0x0000000000000000

OKAY [  0.003s]
Finished. Total time: 0.003s
['fastboot', '-s', 'cd0ee037', 'oem', 'debug', 'readq', '0x80096b18']
(bootloader) 0x0000000000000000

OKAY [  0.003s]
Finished. Total time: 0.003s
['fastboot', '-s', 'cd0ee037', 'oem', 'debug', 'readq', '0x80096b20']
(bootloader) 0x0000000000000000

OKAY [  0.003s]
Finished. Total time: 0.003s
['fastboot', '-s', 'cd0ee037', 'oem', 'debug', 'readq', '0x80096b28']
(bootloader) 0x0000000000000000

OKAY [  0.003s]
Finished. Total time: 0.003s
['fastboot', '-s', 'cd0ee037', 'oem', 'debug', 'readq', '0x80096b30']
(bootloader) 0x0000000000000000

OKAY [  0.003s]
Finished. Total time: 0.003s
['fastboot', '-s', 'cd0ee037', 'oem', 'debug', 'readq', '0x80096b38']
(bootloader) 0x0000000000000000

OKAY [  0.003s]
Finished. Total time: 0.003s
['fastboot', '-s', 'cd0ee037', 'oem', 'debug', 'readq', '0x80096b40']
(bootloader) 0x0000000000000000

OKAY [  0.003s]
Finished. Total time: 0.003s
['fastboot', '-s', 'cd0ee037', 'oem', 'debug', 'readq', '0x80096b48']
(bootloader) 0x0000000000000000

OKAY [  0.003s]
Finished. Total time: 0.003s
['fastboot', '-s', 'cd0ee037', 'oem', 'debug', 'readq', '0x80096b50']
(bootloader) 0x0000000000000000

OKAY [  0.003s]
Finished. Total time: 0.003s
['fastboot', '-s', 'cd0ee037', 'oem', 'debug', 'readq', '0x80096b58']
(bootloader) 0x0000000000000000

OKAY [  0.003s]
Finished. Total time: 0.003s
['fastboot', '-s', 'cd0ee037', 'oem', 'debug', 'readq', '0x80096b60']
(bootloader) 0x0000000000000000

OKAY [  0.003s]
Finished. Total time: 0.003s
['fastboot', '-s', 'cd0ee037', 'oem', 'debug', 'readq', '0x80096b68']
(bootloader) 0x0000000000000000

OKAY [  0.003s]
Finished. Total time: 0.003s
['fastboot', '-s', 'cd0ee037', 'oem', 'debug', 'readq', '0x80096b70']
(bootloader) 0x0000000000000000

OKAY [  0.003s]
Finished. Total time: 0.003s
['fastboot', '-s', 'cd0ee037', 'oem', 'debug', 'readq', '0x80096b78']
(bootloader) 0x0000000000000000

OKAY [  0.003s]
Finished. Total time: 0.003s
['fastboot', '-s', 'cd0ee037', 'oem', 'debug', 'readq', '0x80096b80']
(bootloader) 0x0000000000000000

OKAY [  0.003s]
Finished. Total time: 0.003s
['fastboot', '-s', 'cd0ee037', 'oem', 'debug', 'readq', '0x80096b88']
(bootloader) 0x0000000000000000

OKAY [  0.003s]
Finished. Total time: 0.003s
['fastboot', '-s', 'cd0ee037', 'oem', 'debug', 'readq', '0x80096b90']
(bootloader) 0x0000000000000000

OKAY [  0.003s]
Finished. Total time: 0.003s
['fastboot', '-s', 'cd0ee037', 'oem', 'debug', 'readq', '0x80096b98']
(bootloader) 0x0000000000000000

OKAY [  0.003s]
Finished. Total time: 0.003s
['fastboot', '-s', 'cd0ee037', 'oem', 'debug', 'readq', '0x80096ba0']
(bootloader) 0x0000000000000000

OKAY [  0.003s]
Finished. Total time: 0.003s
['fastboot', '-s', 'cd0ee037', 'oem', 'debug', 'readq', '0x80096ba8']
(bootloader) 0x0000000000000000

OKAY [  0.003s]
Finished. Total time: 0.003s
['fastboot', '-s', 'cd0ee037', 'oem', 'debug', 'readq', '0x80096bb0']
(bootloader) 0x0000000000000000

OKAY [  0.003s]
Finished. Total time: 0.003s
['fastboot', '-s', 'cd0ee037', 'oem', 'debug', 'readq', '0x80096bb8']
(bootloader) 0x0000000000000000

OKAY [  0.003s]
Finished. Total time: 0.003s
['fastboot', '-s', 'cd0ee037', 'oem', 'debug', 'readq', '0x80096bc0']
(bootloader) 0x0000000000000000

OKAY [  0.003s]
Finished. Total time: 0.003s
['fastboot', '-s', 'cd0ee037', 'oem', 'debug', 'readq', '0x80096bc8']
(bootloader) 0x0000000000000000

OKAY [  0.003s]
Finished. Total time: 0.003s
['fastboot', '-s', 'cd0ee037', 'oem', 'debug', 'readq', '0x80096bd0']
(bootloader) 0x0000000000000000

OKAY [  0.003s]
Finished. Total time: 0.003s
['fastboot', '-s', 'cd0ee037', 'oem', 'debug', 'readq', '0x80096bd8']
(bootloader) 0x0000000000000000

OKAY [  0.003s]
Finished. Total time: 0.003s
['fastboot', '-s', 'cd0ee037', 'oem', 'debug', 'readq', '0x80096be0']
(bootloader) 0x0000000000000000

OKAY [  0.003s]
Finished. Total time: 0.003s
['fastboot', '-s', 'cd0ee037', 'oem', 'debug', 'readq', '0x80096be8']
(bootloader) 0x0000000000000000

OKAY [  0.003s]
Finished. Total time: 0.003s
['fastboot', '-s', 'cd0ee037', 'oem', 'debug', 'readq', '0x80096bf0']
(bootloader) 0x0000000000000000

OKAY [  0.003s]
Finished. Total time: 0.003s
['fastboot', '-s', 'cd0ee037', 'oem', 'debug', 'readq', '0x80096bf8']
(bootloader) 0x0000000000000000

OKAY [  0.003s]
Finished. Total time: 0.003s
['fastboot', '-s', 'cd0ee037', 'oem', 'debug', 'readq', '0x80096c00']
(bootloader) 0x0000000000000000

OKAY [  0.003s]
Finished. Total time: 0.003s
['fastboot', '-s', 'cd0ee037', 'oem', 'debug', 'readq', '0x80096c08']
(bootloader) 0x0000000000000000

OKAY [  0.003s]
Finished. Total time: 0.003s
['fastboot', '-s', 'cd0ee037', 'oem', 'debug', 'readq', '0x80096c10']
(bootloader) 0x0000000000000000

OKAY [  0.003s]
Finished. Total time: 0.003s
['fastboot', '-s', 'cd0ee037', 'oem', 'debug', 'readq', '0x80096c18']
(bootloader) 0x0000000000000000

OKAY [  0.003s]
Finished. Total time: 0.003s
['fastboot', '-s', 'cd0ee037', 'oem', 'debug', 'readq', '0x80096c20']
(bootloader) 0x0000000000000000

OKAY [  0.003s]
Finished. Total time: 0.003s
['fastboot', '-s', 'cd0ee037', 'oem', 'debug', 'readq', '0x80096c28']
(bootloader) 0x0000000000000000

OKAY [  0.003s]
Finished. Total time: 0.003s
['fastboot', '-s', 'cd0ee037', 'oem', 'debug', 'readq', '0x80096c30']
(bootloader) 0x0000000000000000

OKAY [  0.003s]
Finished. Total time: 0.003s
['fastboot', '-s', 'cd0ee037', 'oem', 'debug', 'readq', '0x80096c38']
(bootloader) 0x0000000000000000

OKAY [  0.003s]
Finished. Total time: 0.003s
['fastboot', '-s', 'cd0ee037', 'oem', 'debug', 'readq', '0x80096c40']
(bootloader) 0x0000000000000000

OKAY [  0.003s]
Finished. Total time: 0.003s
['fastboot', '-s', 'cd0ee037', 'oem', 'debug', 'readq', '0x80096c48']
(bootloader) 0x0000000000000000

OKAY [  0.003s]
Finished. Total time: 0.003s
['fastboot', '-s', 'cd0ee037', 'oem', 'debug', 'readq', '0x80096c50']
(bootloader) 0x0000000000000000

OKAY [  0.003s]
Finished. Total time: 0.003s
['fastboot', '-s', 'cd0ee037', 'oem', 'debug', 'readq', '0x80096c58']
(bootloader) 0x0000000000000000

OKAY [  0.003s]
Finished. Total time: 0.003s
['fastboot', '-s', 'cd0ee037', 'oem', 'debug', 'readq', '0x80096c60']
(bootloader) 0x0000000000000000

OKAY [  0.003s]
Finished. Total time: 0.003s
['fastboot', '-s', 'cd0ee037', 'oem', 'debug', 'readq', '0x80096c68']
(bootloader) 0x0000000000000000

OKAY [  0.003s]
Finished. Total time: 0.003s
['fastboot', '-s', 'cd0ee037', 'oem', 'debug', 'readq', '0x80096c70']
(bootloader) 0x0000000000000000

OKAY [  0.003s]
Finished. Total time: 0.003s
['fastboot', '-s', 'cd0ee037', 'oem', 'debug', 'readq', '0x80096c78']
(bootloader) 0x0000000000000000

OKAY [  0.003s]
Finished. Total time: 0.003s
['fastboot', '-s', 'cd0ee037', 'oem', 'debug', 'readq', '0x80096c80']
(bootloader) 0x0000000000000000

OKAY [  0.003s]
Finished. Total time: 0.003s
['fastboot', '-s', 'cd0ee037', 'oem', 'debug', 'readq', '0x80096c88']
(bootloader) 0x0000000000000000

OKAY [  0.003s]
Finished. Total time: 0.003s
['fastboot', '-s', 'cd0ee037', 'oem', 'debug', 'readq', '0x80096c90']
(bootloader) 0x0000000000000000

OKAY [  0.003s]
Finished. Total time: 0.003s
['fastboot', '-s', 'cd0ee037', 'oem', 'debug', 'readq', '0x80096c98']
(bootloader) 0x0000000000000000

OKAY [  0.003s]
Finished. Total time: 0.003s
['fastboot', '-s', 'cd0ee037', 'oem', 'debug', 'readq', '0x80096ca0']
(bootloader) 0x0000000000000000

OKAY [  0.003s]
Finished. Total time: 0.003s
['fastboot', '-s', 'cd0ee037', 'oem', 'debug', 'readq', '0x80096ca8']
(bootloader) 0x0000000000000000

OKAY [  0.003s]
Finished. Total time: 0.003s
['fastboot', '-s', 'cd0ee037', 'oem', 'debug', 'readq', '0x80096cb0']
(bootloader) 0x0000000000000000

OKAY [  0.003s]
Finished. Total time: 0.003s
['fastboot', '-s', 'cd0ee037', 'oem', 'debug', 'readq', '0x80096cb8']
(bootloader) 0x0000000000000000

OKAY [  0.003s]
Finished. Total time: 0.003s
['fastboot', '-s', 'cd0ee037', 'oem', 'debug', 'readq', '0x80096cc0']
(bootloader) 0x0000000000000000

OKAY [  0.003s]
Finished. Total time: 0.003s
['fastboot', '-s', 'cd0ee037', 'oem', 'debug', 'readq', '0x80096cc8']
(bootloader) 0x0000000000000000

OKAY [  0.003s]
Finished. Total time: 0.003s
['fastboot', '-s', 'cd0ee037', 'oem', 'debug', 'readq', '0x80096cd0']
(bootloader) 0x0000000000000000

OKAY [  0.003s]
Finished. Total time: 0.003s
['fastboot', '-s', 'cd0ee037', 'oem', 'debug', 'readq', '0x80096cd8']
(bootloader) 0x0000000000000000

OKAY [  0.003s]
Finished. Total time: 0.003s
['fastboot', '-s', 'cd0ee037', 'oem', 'debug', 'readq', '0x80096ce0']
(bootloader) 0x0000000000000000

OKAY [  0.003s]
Finished. Total time: 0.003s
['fastboot', '-s', 'cd0ee037', 'oem', 'debug', 'readq', '0x80096ce8']
(bootloader) 0x0000000000000000

OKAY [  0.003s]
Finished. Total time: 0.003s
['fastboot', '-s', 'cd0ee037', 'oem', 'debug', 'readq', '0x80096cf0']
(bootloader) 0x0000000000000000

OKAY [  0.003s]
Finished. Total time: 0.003s
['fastboot', '-s', 'cd0ee037', 'oem', 'debug', 'readq', '0x80096cf8']
(bootloader) 0x0000000000000000

OKAY [  0.003s]
Finished. Total time: 0.003s
['fastboot', '-s', 'cd0ee037', 'oem', 'debug', 'readq', '0x80096d00']
(bootloader) 0x0000000000000000

OKAY [  0.003s]
Finished. Total time: 0.003s
['fastboot', '-s', 'cd0ee037', 'oem', 'debug', 'readq', '0x80096d08']
(bootloader) 0x0000000000000000

OKAY [  0.003s]
Finished. Total time: 0.003s
['fastboot', '-s', 'cd0ee037', 'oem', 'debug', 'readq', '0x80096d10']
(bootloader) 0x0000000000000000

OKAY [  0.003s]
Finished. Total time: 0.004s
['fastboot', '-s', 'cd0ee037', 'oem', 'debug', 'readq', '0x80096d18']
(bootloader) 0x0000000000000000

OKAY [  0.003s]
Finished. Total time: 0.003s
['fastboot', '-s', 'cd0ee037', 'oem', 'debug', 'readq', '0x80096d20']
(bootloader) 0x0000000000000000

OKAY [  0.003s]
Finished. Total time: 0.003s
['fastboot', '-s', 'cd0ee037', 'oem', 'debug', 'readq', '0x80096d28']
(bootloader) 0x0000000000000000

OKAY [  0.003s]
Finished. Total time: 0.003s
['fastboot', '-s', 'cd0ee037', 'oem', 'debug', 'readq', '0x80096d30']
(bootloader) 0x0000000000000000

OKAY [  0.003s]
Finished. Total time: 0.003s
['fastboot', '-s', 'cd0ee037', 'oem', 'debug', 'readq', '0x80096d38']
(bootloader) 0x0000000000000000

OKAY [  0.003s]
Finished. Total time: 0.003s
['fastboot', '-s', 'cd0ee037', 'oem', 'debug', 'readq', '0x80096d40']
(bootloader) 0x0000000000000000

OKAY [  0.003s]
Finished. Total time: 0.003s
['fastboot', '-s', 'cd0ee037', 'oem', 'debug', 'readq', '0x80096d48']
(bootloader) 0x0000000000000000

OKAY [  0.003s]
Finished. Total time: 0.003s
['fastboot', '-s', 'cd0ee037', 'oem', 'debug', 'readq', '0x80096d50']
(bootloader) 0x0000000000000000

OKAY [  0.003s]
Finished. Total time: 0.003s
['fastboot', '-s', 'cd0ee037', 'oem', 'debug', 'readq', '0x80096d58']
(bootloader) 0x0000000000000000

OKAY [  0.003s]
Finished. Total time: 0.003s
['fastboot', '-s', 'cd0ee037', 'oem', 'debug', 'readq', '0x80096d60']
(bootloader) 0x0000000000000000

OKAY [  0.003s]
Finished. Total time: 0.003s
['fastboot', '-s', 'cd0ee037', 'oem', 'debug', 'readq', '0x80096d68']
(bootloader) 0x0000000000000000

OKAY [  0.004s]
Finished. Total time: 0.004s
['fastboot', '-s', 'cd0ee037', 'oem', 'debug', 'readq', '0x80096d70']
(bootloader) 0x0000000000000000

OKAY [  0.004s]
Finished. Total time: 0.004s
['fastboot', '-s', 'cd0ee037', 'oem', 'debug', 'readq', '0x80096d78']
(bootloader) 0x0000000000000000

OKAY [  0.003s]
Finished. Total time: 0.003s
['fastboot', '-s', 'cd0ee037', 'oem', 'debug', 'readq', '0x80096d80']
(bootloader) 0x0000000000000000

OKAY [  0.003s]
Finished. Total time: 0.003s
['fastboot', '-s', 'cd0ee037', 'oem', 'debug', 'readq', '0x80096d88']
(bootloader) 0x0000000000000000

OKAY [  0.003s]
Finished. Total time: 0.003s
['fastboot', '-s', 'cd0ee037', 'oem', 'debug', 'readq', '0x80096d90']
(bootloader) 0x0000000000000000

OKAY [  0.003s]
Finished. Total time: 0.004s
['fastboot', '-s', 'cd0ee037', 'oem', 'debug', 'readq', '0x80096d98']
(bootloader) 0x0000000000000000

OKAY [  0.003s]
Finished. Total time: 0.003s
['fastboot', '-s', 'cd0ee037', 'oem', 'debug', 'readq', '0x80096da0']
(bootloader) 0x0000000000000000

OKAY [  0.003s]
Finished. Total time: 0.003s
['fastboot', '-s', 'cd0ee037', 'oem', 'debug', 'readq', '0x80096da8']
(bootloader) 0x0000000000000000

OKAY [  0.003s]
Finished. Total time: 0.003s
['fastboot', '-s', 'cd0ee037', 'oem', 'debug', 'readq', '0x80096db0']
(bootloader) 0x0000000000000000

OKAY [  0.003s]
Finished. Total time: 0.003s
['fastboot', '-s', 'cd0ee037', 'oem', 'debug', 'readq', '0x80096db8']
(bootloader) 0x0000000000000000

OKAY [  0.003s]
Finished. Total time: 0.003s
['fastboot', '-s', 'cd0ee037', 'oem', 'debug', 'readq', '0x80096dc0']
(bootloader) 0x0000000000000000

OKAY [  0.003s]
Finished. Total time: 0.003s
['fastboot', '-s', 'cd0ee037', 'oem', 'debug', 'readq', '0x80096dc8']
(bootloader) 0x0000000000000000

OKAY [  0.003s]
Finished. Total time: 0.003s
['fastboot', '-s', 'cd0ee037', 'oem', 'debug', 'readq', '0x80096dd0']
(bootloader) 0x0000000000000000

OKAY [  0.003s]
Finished. Total time: 0.003s
['fastboot', '-s', 'cd0ee037', 'oem', 'debug', 'readq', '0x80096dd8']
(bootloader) 0x0000000000000000

OKAY [  0.003s]
Finished. Total time: 0.003s
['fastboot', '-s', 'cd0ee037', 'oem', 'debug', 'readq', '0x80096de0']
(bootloader) 0x0000000000000000

OKAY [  0.003s]
Finished. Total time: 0.003s
['fastboot', '-s', 'cd0ee037', 'oem', 'debug', 'readq', '0x80096de8']
(bootloader) 0x0000000000000000

OKAY [  0.004s]
Finished. Total time: 0.004s
['fastboot', '-s', 'cd0ee037', 'oem', 'debug', 'readq', '0x80096df0']
(bootloader) 0x0000000000000000

OKAY [  0.003s]
Finished. Total time: 0.003s
['fastboot', '-s', 'cd0ee037', 'oem', 'debug', 'readq', '0x80096df8']
(bootloader) 0x0000000000000000

OKAY [  0.003s]
Finished. Total time: 0.003s
['fastboot', '-s', 'cd0ee037', 'oem', 'debug', 'readq', '0x80096e00']
(bootloader) 0x0000000000000000

OKAY [  0.003s]
Finished. Total time: 0.003s
['fastboot', '-s', 'cd0ee037', 'oem', 'debug', 'readq', '0x80096e08']
(bootloader) 0x0000000000000000

OKAY [  0.003s]
Finished. Total time: 0.003s
['fastboot', '-s', 'cd0ee037', 'oem', 'debug', 'readq', '0x80096e10']
(bootloader) 0x0000000000000000

OKAY [  0.003s]
Finished. Total time: 0.003s
['fastboot', '-s', 'cd0ee037', 'oem', 'debug', 'readq', '0x80096e18']
(bootloader) 0x0000000000000000

OKAY [  0.003s]
Finished. Total time: 0.003s
['fastboot', '-s', 'cd0ee037', 'oem', 'debug', 'readq', '0x80096e20']
(bootloader) 0x0000000000000000

OKAY [  0.004s]
Finished. Total time: 0.004s
['fastboot', '-s', 'cd0ee037', 'oem', 'debug', 'readq', '0x80096e28']
(bootloader) 0x0000000000000000

OKAY [  0.003s]
Finished. Total time: 0.003s
['fastboot', '-s', 'cd0ee037', 'oem', 'debug', 'readq', '0x80096e30']
(bootloader) 0x0000000000000000

OKAY [  0.003s]
Finished. Total time: 0.003s
['fastboot', '-s', 'cd0ee037', 'oem', 'debug', 'readq', '0x80096e38']
(bootloader) 0x0000000000000000

OKAY [  0.003s]
Finished. Total time: 0.003s
['fastboot', '-s', 'cd0ee037', 'oem', 'debug', 'readq', '0x80096e40']
(bootloader) 0x0000000000000000

OKAY [  0.003s]
Finished. Total time: 0.003s
['fastboot', '-s', 'cd0ee037', 'oem', 'debug', 'readq', '0x80096e48']
(bootloader) 0x0000000000000000

OKAY [  0.004s]
Finished. Total time: 0.004s
['fastboot', '-s', 'cd0ee037', 'oem', 'debug', 'readq', '0x80096e50']
(bootloader) 0x0000000000000000

OKAY [  0.003s]
Finished. Total time: 0.003s
['fastboot', '-s', 'cd0ee037', 'oem', 'debug', 'readq', '0x80096e58']
(bootloader) 0x0000000000000000

OKAY [  0.003s]
Finished. Total time: 0.003s
['fastboot', '-s', 'cd0ee037', 'oem', 'debug', 'readq', '0x80096e60']
(bootloader) 0x0000000000000000

OKAY [  0.003s]
Finished. Total time: 0.003s
['fastboot', '-s', 'cd0ee037', 'oem', 'debug', 'readq', '0x80096e68']
(bootloader) 0x0000000000000000

OKAY [  0.003s]
Finished. Total time: 0.003s
['fastboot', '-s', 'cd0ee037', 'oem', 'debug', 'readq', '0x80096e70']
(bootloader) 0x0000000000000000

OKAY [  0.003s]
Finished. Total time: 0.003s
['fastboot', '-s', 'cd0ee037', 'oem', 'debug', 'readq', '0x80096e78']
(bootloader) 0x0000000000000000

OKAY [  0.003s]
Finished. Total time: 0.003s
['fastboot', '-s', 'cd0ee037', 'oem', 'debug', 'readq', '0x80096e80']
(bootloader) 0x0000000000000000

OKAY [  0.003s]
Finished. Total time: 0.003s
['fastboot', '-s', 'cd0ee037', 'oem', 'debug', 'readq', '0x80096e88']
(bootloader) 0x0000000000000000

OKAY [  0.003s]
Finished. Total time: 0.003s
['fastboot', '-s', 'cd0ee037', 'oem', 'debug', 'readq', '0x80096e90']
(bootloader) 0x0000000000000000

OKAY [  0.003s]
Finished. Total time: 0.003s
['fastboot', '-s', 'cd0ee037', 'oem', 'debug', 'readq', '0x80096e98']
(bootloader) 0x0000000000000000

OKAY [  0.003s]
Finished. Total time: 0.003s
['fastboot', '-s', 'cd0ee037', 'oem', 'debug', 'readq', '0x80096ea0']
(bootloader) 0x0000000000000000

OKAY [  0.003s]
Finished. Total time: 0.003s
['fastboot', '-s', 'cd0ee037', 'oem', 'debug', 'readq', '0x80096ea8']
(bootloader) 0x0000000000000000

OKAY [  0.003s]
Finished. Total time: 0.003s
['fastboot', '-s', 'cd0ee037', 'oem', 'debug', 'readq', '0x80096eb0']
(bootloader) 0x0000000000000000

OKAY [  0.003s]
Finished. Total time: 0.003s
['fastboot', '-s', 'cd0ee037', 'oem', 'debug', 'readq', '0x80096eb8']
(bootloader) 0x0000000000000000

OKAY [  0.003s]
Finished. Total time: 0.003s
['fastboot', '-s', 'cd0ee037', 'oem', 'debug', 'readq', '0x80096ec0']
(bootloader) 0x0000000000000000

OKAY [  0.004s]
Finished. Total time: 0.004s
['fastboot', '-s', 'cd0ee037', 'oem', 'debug', 'readq', '0x80096ec8']
(bootloader) 0x0000000000000000

OKAY [  0.003s]
Finished. Total time: 0.003s
['fastboot', '-s', 'cd0ee037', 'oem', 'debug', 'readq', '0x80096ed0']
(bootloader) 0x0000000000000000

OKAY [  0.003s]
Finished. Total time: 0.003s
['fastboot', '-s', 'cd0ee037', 'oem', 'debug', 'readq', '0x80096ed8']
(bootloader) 0x0000000000000000

OKAY [  0.003s]
Finished. Total time: 0.003s
['fastboot', '-s', 'cd0ee037', 'oem', 'debug', 'readq', '0x80096ee0']
(bootloader) 0x0000000000000000

OKAY [  0.004s]
Finished. Total time: 0.004s
['fastboot', '-s', 'cd0ee037', 'oem', 'debug', 'readq', '0x80096ee8']
(bootloader) 0x0000000000000000

OKAY [  0.003s]
Finished. Total time: 0.003s
['fastboot', '-s', 'cd0ee037', 'oem', 'debug', 'readq', '0x80096ef0']
(bootloader) 0x0000000000000000

OKAY [  0.003s]
Finished. Total time: 0.003s
['fastboot', '-s', 'cd0ee037', 'oem', 'debug', 'readq', '0x80096ef8']
(bootloader) 0x0000000000000000

OKAY [  0.003s]
Finished. Total time: 0.003s
['fastboot', '-s', 'cd0ee037', 'oem', 'debug', 'readq', '0x80096f00']
(bootloader) 0x0000000000000000

OKAY [  0.003s]
Finished. Total time: 0.003s
['fastboot', '-s', 'cd0ee037', 'oem', 'debug', 'readq', '0x80096f08']
(bootloader) 0x0000000000000000

OKAY [  0.003s]
Finished. Total time: 0.003s
['fastboot', '-s', 'cd0ee037', 'oem', 'debug', 'readq', '0x80096f10']
(bootloader) 0x0000000000000000

OKAY [  0.003s]
Finished. Total time: 0.003s
['fastboot', '-s', 'cd0ee037', 'oem', 'debug', 'readq', '0x80096f18']
(bootloader) 0x0000000000000000

OKAY [  0.003s]
Finished. Total time: 0.003s
['fastboot', '-s', 'cd0ee037', 'oem', 'debug', 'readq', '0x80096f20']
(bootloader) 0x0000000000000000

OKAY [  0.003s]
Finished. Total time: 0.003s
['fastboot', '-s', 'cd0ee037', 'oem', 'debug', 'readq', '0x80096f28']
(bootloader) 0x0000000000000000

OKAY [  0.003s]
Finished. Total time: 0.003s
['fastboot', '-s', 'cd0ee037', 'oem', 'debug', 'readq', '0x80096f30']
(bootloader) 0x0000000000000000

OKAY [  0.003s]
Finished. Total time: 0.003s
['fastboot', '-s', 'cd0ee037', 'oem', 'debug', 'readq', '0x80096f38']
(bootloader) 0x0000000000000000

OKAY [  0.003s]
Finished. Total time: 0.003s
['fastboot', '-s', 'cd0ee037', 'oem', 'debug', 'readq', '0x80096f40']
(bootloader) 0x0000000000000000

OKAY [  0.003s]
Finished. Total time: 0.003s
['fastboot', '-s', 'cd0ee037', 'oem', 'debug', 'readq', '0x80096f48']
(bootloader) 0x0000000000000000

OKAY [  0.003s]
Finished. Total time: 0.003s
['fastboot', '-s', 'cd0ee037', 'oem', 'debug', 'readq', '0x80096f50']
(bootloader) 0x0000000000000000

OKAY [  0.003s]
Finished. Total time: 0.003s
['fastboot', '-s', 'cd0ee037', 'oem', 'debug', 'readq', '0x80096f58']
(bootloader) 0x0000000000000000

OKAY [  0.003s]
Finished. Total time: 0.003s
['fastboot', '-s', 'cd0ee037', 'oem', 'debug', 'readq', '0x80096f60']
(bootloader) 0x0000000000000000

OKAY [  0.003s]
Finished. Total time: 0.003s
['fastboot', '-s', 'cd0ee037', 'oem', 'debug', 'readq', '0x80096f68']
(bootloader) 0x0000000000000000

OKAY [  0.003s]
Finished. Total time: 0.003s
['fastboot', '-s', 'cd0ee037', 'oem', 'debug', 'readq', '0x80096f70']
(bootloader) 0x0000000000000000

OKAY [  0.003s]
Finished. Total time: 0.003s
['fastboot', '-s', 'cd0ee037', 'oem', 'debug', 'readq', '0x80096f78']
(bootloader) 0x0000000000000000

OKAY [  0.003s]
Finished. Total time: 0.003s
['fastboot', '-s', 'cd0ee037', 'oem', 'debug', 'readq', '0x80096f80']
(bootloader) 0x0000000000000000

OKAY [  0.003s]
Finished. Total time: 0.003s
['fastboot', '-s', 'cd0ee037', 'oem', 'debug', 'readq', '0x80096f88']
(bootloader) 0x0000000000000000

OKAY [  0.003s]
Finished. Total time: 0.003s
['fastboot', '-s', 'cd0ee037', 'oem', 'debug', 'readq', '0x80096f90']
(bootloader) 0x0000000000000000

OKAY [  0.003s]
Finished. Total time: 0.003s
['fastboot', '-s', 'cd0ee037', 'oem', 'debug', 'readq', '0x80096f98']
(bootloader) 0x0000000000000000

OKAY [  0.003s]
Finished. Total time: 0.003s
['fastboot', '-s', 'cd0ee037', 'oem', 'debug', 'readq', '0x80096fa0']
(bootloader) 0x0000000000000000

OKAY [  0.003s]
Finished. Total time: 0.003s
['fastboot', '-s', 'cd0ee037', 'oem', 'debug', 'readq', '0x80096fa8']
(bootloader) 0x0000000000000000

OKAY [  0.003s]
Finished. Total time: 0.003s
['fastboot', '-s', 'cd0ee037', 'oem', 'debug', 'readq', '0x80096fb0']
(bootloader) 0x0000000000000000

OKAY [  0.003s]
Finished. Total time: 0.003s
['fastboot', '-s', 'cd0ee037', 'oem', 'debug', 'readq', '0x80096fb8']
(bootloader) 0x0000000000000000

OKAY [  0.003s]
Finished. Total time: 0.003s
['fastboot', '-s', 'cd0ee037', 'oem', 'debug', 'readq', '0x80096fc0']
(bootloader) 0x0000000000000000

OKAY [  0.003s]
Finished. Total time: 0.003s
['fastboot', '-s', 'cd0ee037', 'oem', 'debug', 'readq', '0x80096fc8']
(bootloader) 0x0000000000000000

OKAY [  0.003s]
Finished. Total time: 0.003s
['fastboot', '-s', 'cd0ee037', 'oem', 'debug', 'readq', '0x80096fd0']
(bootloader) 0x0000000000000000

OKAY [  0.003s]
Finished. Total time: 0.003s
['fastboot', '-s', 'cd0ee037', 'oem', 'debug', 'readq', '0x80096fd8']
(bootloader) 0x0000000000000000

OKAY [  0.003s]
Finished. Total time: 0.003s
['fastboot', '-s', 'cd0ee037', 'oem', 'debug', 'readq', '0x80096fe0']
(bootloader) 0x0000000000000000

OKAY [  0.003s]
Finished. Total time: 0.003s
['fastboot', '-s', 'cd0ee037', 'oem', 'debug', 'readq', '0x80096fe8']
(bootloader) 0x0000000000000000

OKAY [  0.003s]
Finished. Total time: 0.003s
['fastboot', '-s', 'cd0ee037', 'oem', 'debug', 'readq', '0x80096ff0']
(bootloader) 0x0000000000000000

OKAY [  0.003s]
Finished. Total time: 0.003s
['fastboot', '-s', 'cd0ee037', 'oem', 'debug', 'readq', '0x80096ff8']
(bootloader) 0x0000000000000000

OKAY [  0.003s]
Finished. Total time: 0.003s
