['fastboot', '-s', 'cd0ee037', 'getvar', 'product']
product: lk2nd-msm8916
Finished. Total time: 0.002s
['fastboot', '-s', 'cd0ee037', 'getvar', 'serialno']
serialno: cd0ee037
Finished. Total time: 0.002s
['fastboot', '-s', 'cd0ee037', 'getvar', 'lk2nd:compatible']
lk2nd:compatible: samsung,a5u-eur
Finished. Total time: 0.003s
['fastboot', '-s', 'cd0ee037', 'oem', 'debug', 'readq', '0x8008c000']
(bootloader) 0x3145434152504250

OKAY [  0.003s]
Finished. Total time: 0.003s
['fastboot', '-s', 'cd0ee037', 'oem', 'debug', 'readq', '0x8008c008']
(bootloader) 0x0000000000000005

OKAY [  0.003s]
Finished. Total time: 0.003s
['fastboot', '-s', 'cd0ee037', 'oem', 'debug', 'readq', '0x8008c010']
(bootloader) 0x0000000000000042

OKAY [  0.003s]
Finished. Total time: 0.003s
['fastboot', '-s', 'cd0ee037', 'oem', 'debug', 'readq', '0x8008c018']
(bootloader) 0x0000000081e00000

OKAY [  0.003s]
Finished. Total time: 0.003s
['fastboot', '-s', 'cd0ee037', 'oem', 'debug', 'readq', '0x8008c020']
(bootloader) 0x0000000000000004

OKAY [  0.003s]
Finished. Total time: 0.003s
['fastboot', '-s', 'cd0ee037', 'oem', 'debug', 'readq', '0x8008c028']
(bootloader) 0x0000000000400000

OKAY [  0.003s]
Finished. Total time: 0.003s
['fastboot', '-s', 'cd0ee037', 'oem', 'debug', 'readq', '0x8008c030']
(bootloader) 0x0000000000000000

OKAY [  0.003s]
Finished. Total time: 0.003s
['fastboot', '-s', 'cd0ee037', 'oem', 'debug', 'readq', '0x8008c038']
(bootloader) 0x0000000000000000

OKAY [  0.003s]
Finished. Total time: 0.003s
['fastboot', '-s', 'cd0ee037', 'oem', 'debug', 'readq', '0x8008c040']
(bootloader) 0x0000000000000000

OKAY [  0.003s]
Finished. Total time: 0.003s
['fastboot', '-s', 'cd0ee037', 'oem', 'debug', 'readq', '0x8008c048']
(bootloader) 0xb957c4b3a2014a83

OKAY [  0.003s]
Finished. Total time: 0.003s
['fastboot', '-s', 'cd0ee037', 'oem', 'debug', 'readq', '0x8008c050']
(bootloader) 0x0000000000000000

OKAY [  0.003s]
Finished. Total time: 0.003s
['fastboot', '-s', 'cd0ee037', 'oem', 'debug', 'readq', '0x8008c058']
(bootloader) 0x0000000000000000

OKAY [  0.003s]
Finished. Total time: 0.003s
['fastboot', '-s', 'cd0ee037', 'oem', 'debug', 'readq', '0x8008c060']
(bootloader) 0x0000000000000000

OKAY [  0.003s]
Finished. Total time: 0.003s
['fastboot', '-s', 'cd0ee037', 'oem', 'debug', 'readq', '0x8008c068']
(bootloader) 0x0000000000000000

OKAY [  0.003s]
Finished. Total time: 0.003s
['fastboot', '-s', 'cd0ee037', 'oem', 'debug', 'readq', '0x8008c070']
(bootloader) 0x0000000000000000

OKAY [  0.003s]
Finished. Total time: 0.003s
['fastboot', '-s', 'cd0ee037', 'oem', 'debug', 'readq', '0x8008c078']
(bootloader) 0x0000000000000000

OKAY [  0.003s]
Finished. Total time: 0.003s
['fastboot', '-s', 'cd0ee037', 'oem', 'debug', 'readq', '0x8008c080']
(bootloader) 0x20363139386d726d

OKAY [  0.003s]
Finished. Total time: 0.003s
['fastboot', '-s', 'cd0ee037', 'oem', 'debug', 'readq', '0x8008c088']
(bootloader) 0x0d746f6f62657270

OKAY [  0.003s]
Finished. Total time: 0.003s
['fastboot', '-s', 'cd0ee037', 'oem', 'debug', 'readq', '0x8008c090']
(bootloader) 0x7064656b636d700a

OKAY [  0.003s]
Finished. Total time: 0.003s
['fastboot', '-s', 'cd0ee037', 'oem', 'debug', 'readq', '0x8008c098']
(bootloader) 0x0a0d744f6f226112

OKAY [  0.003s]
Finished. Total time: 0.003s
['fastboot', '-s', 'cd0ee037', 'oem', 'debug', 'readq', '0x8008c0a0']
(bootloader) 0x616b626f700a0c0d

OKAY [  0.003s]
Finished. Total time: 0.003s
['fastboot', '-s', 'cd0ee037', 'oem', 'debug', 'readq', '0x8008c0a8']
(bootloader) 0x746f6f6265527074

OKAY [  0.003s]
Finished. Total time: 0.003s
['fastboot', '-s', 'cd0ee037', 'oem', 'debug', 'readq', '0x8008c0b0']
(bootloader) 0x417020640162203a

OKAY [  0.003s]
Finished. Total time: 0.003s
['fastboot', '-s', 'cd0ee037', 'oem', 'debug', 'readq', '0x8008c0b8']
(bootloader) 0x0a090d64612f6c59

OKAY [  0.003s]
Finished. Total time: 0.003s
['fastboot', '-s', 'cd0ee037', 'oem', 'debug', 'readq', '0x8008c0c0']
(bootloader) 0x0000000000000a0d

OKAY [  0.003s]
Finished. Total time: 0.003s
['fastboot', '-s', 'cd0ee037', 'oem', 'debug', 'readq', '0x8008c0c8']
(bootloader) 0x0000000000000000

OKAY [  0.003s]
Finished. Total time: 0.003s
['fastboot', '-s', 'cd0ee037', 'oem', 'debug', 'readq', '0x8008c0d0']
(bootloader) 0x0000000000000000

OKAY [  0.003s]
Finished. Total time: 0.003s
['fastboot', '-s', 'cd0ee037', 'oem', 'debug', 'readq', '0x8008c0d8']
(bootloader) 0x0000000000000000

OKAY [  0.003s]
Finished. Total time: 0.003s
['fastboot', '-s', 'cd0ee037', 'oem', 'debug', 'readq', '0x8008c0e0']
(bootloader) 0x0000000000000000

OKAY [  0.003s]
Finished. Total time: 0.003s
['fastboot', '-s', 'cd0ee037', 'oem', 'debug', 'readq', '0x8008c0e8']
(bootloader) 0x0000000000000000

OKAY [  0.003s]
Finished. Total time: 0.003s
['fastboot', '-s', 'cd0ee037', 'oem', 'debug', 'readq', '0x8008c0f0']
(bootloader) 0x0000000000000000

OKAY [  0.003s]
Finished. Total time: 0.003s
['fastboot', '-s', 'cd0ee037', 'oem', 'debug', 'readq', '0x8008c0f8']
(bootloader) 0x0000000000000000

OKAY [  0.003s]
Finished. Total time: 0.004s
['fastboot', '-s', 'cd0ee037', 'oem', 'debug', 'readq', '0x8008c100']
(bootloader) 0x0000000000000000

OKAY [  0.003s]
Finished. Total time: 0.003s
['fastboot', '-s', 'cd0ee037', 'oem', 'debug', 'readq', '0x8008c108']
(bootloader) 0x0000000000000000

OKAY [  0.003s]
Finished. Total time: 0.003s
['fastboot', '-s', 'cd0ee037', 'oem', 'debug', 'readq', '0x8008c110']
(bootloader) 0x0000000000000000

OKAY [  0.003s]
Finished. Total time: 0.003s
['fastboot', '-s', 'cd0ee037', 'oem', 'debug', 'readq', '0x8008c118']
(bootloader) 0x0000000000000000

OKAY [  0.003s]
Finished. Total time: 0.003s
['fastboot', '-s', 'cd0ee037', 'oem', 'debug', 'readq', '0x8008c120']
(bootloader) 0x0000000000000000

OKAY [  0.003s]
Finished. Total time: 0.003s
['fastboot', '-s', 'cd0ee037', 'oem', 'debug', 'readq', '0x8008c128']
(bootloader) 0x0000000000000000

OKAY [  0.003s]
Finished. Total time: 0.003s
['fastboot', '-s', 'cd0ee037', 'oem', 'debug', 'readq', '0x8008c130']
(bootloader) 0x0000000000000000

OKAY [  0.003s]
Finished. Total time: 0.003s
['fastboot', '-s', 'cd0ee037', 'oem', 'debug', 'readq', '0x8008c138']
(bootloader) 0x0000000000000000

OKAY [  0.003s]
Finished. Total time: 0.003s
['fastboot', '-s', 'cd0ee037', 'oem', 'debug', 'readq', '0x8008c140']
(bootloader) 0x0000000000000000

OKAY [  0.003s]
Finished. Total time: 0.003s
['fastboot', '-s', 'cd0ee037', 'oem', 'debug', 'readq', '0x8008c148']
(bootloader) 0x0000000000000000

OKAY [  0.003s]
Finished. Total time: 0.003s
['fastboot', '-s', 'cd0ee037', 'oem', 'debug', 'readq', '0x8008c150']
(bootloader) 0x0000000000000000

OKAY [  0.003s]
Finished. Total time: 0.003s
['fastboot', '-s', 'cd0ee037', 'oem', 'debug', 'readq', '0x8008c158']
(bootloader) 0x0000000000000000

OKAY [  0.003s]
Finished. Total time: 0.003s
['fastboot', '-s', 'cd0ee037', 'oem', 'debug', 'readq', '0x8008c160']
(bootloader) 0x0000000000000000

OKAY [  0.003s]
Finished. Total time: 0.003s
['fastboot', '-s', 'cd0ee037', 'oem', 'debug', 'readq', '0x8008c168']
(bootloader) 0x0000000000000000

OKAY [  0.003s]
Finished. Total time: 0.003s
['fastboot', '-s', 'cd0ee037', 'oem', 'debug', 'readq', '0x8008c170']
(bootloader) 0x0000000000000000

OKAY [  0.003s]
Finished. Total time: 0.003s
['fastboot', '-s', 'cd0ee037', 'oem', 'debug', 'readq', '0x8008c178']
(bootloader) 0x0000000000000000

OKAY [  0.003s]
Finished. Total time: 0.003s
['fastboot', '-s', 'cd0ee037', 'oem', 'debug', 'readq', '0x8008c180']
(bootloader) 0x0000000000000000

OKAY [  0.003s]
Finished. Total time: 0.003s
['fastboot', '-s', 'cd0ee037', 'oem', 'debug', 'readq', '0x8008c188']
(bootloader) 0x0000000000000000

OKAY [  0.004s]
Finished. Total time: 0.004s
['fastboot', '-s', 'cd0ee037', 'oem', 'debug', 'readq', '0x8008c190']
(bootloader) 0x0000000000000000

OKAY [  0.003s]
Finished. Total time: 0.003s
['fastboot', '-s', 'cd0ee037', 'oem', 'debug', 'readq', '0x8008c198']
(bootloader) 0x0000000000000000

OKAY [  0.003s]
Finished. Total time: 0.003s
['fastboot', '-s', 'cd0ee037', 'oem', 'debug', 'readq', '0x8008c1a0']
(bootloader) 0x0000000000000000

OKAY [  0.003s]
Finished. Total time: 0.003s
['fastboot', '-s', 'cd0ee037', 'oem', 'debug', 'readq', '0x8008c1a8']
(bootloader) 0x0000000000000000

OKAY [  0.003s]
Finished. Total time: 0.003s
['fastboot', '-s', 'cd0ee037', 'oem', 'debug', 'readq', '0x8008c1b0']
(bootloader) 0x0000000000000000

OKAY [  0.003s]
Finished. Total time: 0.003s
['fastboot', '-s', 'cd0ee037', 'oem', 'debug', 'readq', '0x8008c1b8']
(bootloader) 0x0000000000000000

OKAY [  0.004s]
Finished. Total time: 0.004s
['fastboot', '-s', 'cd0ee037', 'oem', 'debug', 'readq', '0x8008c1c0']
(bootloader) 0x0000000000000000

OKAY [  0.003s]
Finished. Total time: 0.003s
['fastboot', '-s', 'cd0ee037', 'oem', 'debug', 'readq', '0x8008c1c8']
(bootloader) 0x0000000000000000

OKAY [  0.003s]
Finished. Total time: 0.003s
['fastboot', '-s', 'cd0ee037', 'oem', 'debug', 'readq', '0x8008c1d0']
(bootloader) 0x0000000000000000

OKAY [  0.003s]
Finished. Total time: 0.003s
['fastboot', '-s', 'cd0ee037', 'oem', 'debug', 'readq', '0x8008c1d8']
(bootloader) 0x0000000000000000

OKAY [  0.003s]
Finished. Total time: 0.003s
['fastboot', '-s', 'cd0ee037', 'oem', 'debug', 'readq', '0x8008c1e0']
(bootloader) 0x0000000000000000

OKAY [  0.003s]
Finished. Total time: 0.003s
['fastboot', '-s', 'cd0ee037', 'oem', 'debug', 'readq', '0x8008c1e8']
(bootloader) 0x0000000000000000

OKAY [  0.003s]
Finished. Total time: 0.003s
['fastboot', '-s', 'cd0ee037', 'oem', 'debug', 'readq', '0x8008c1f0']
(bootloader) 0x0000000000000000

OKAY [  0.003s]
Finished. Total time: 0.003s
['fastboot', '-s', 'cd0ee037', 'oem', 'debug', 'readq', '0x8008c1f8']
(bootloader) 0x0000000000000000

OKAY [  0.003s]
Finished. Total time: 0.003s
['fastboot', '-s', 'cd0ee037', 'oem', 'debug', 'readq', '0x8008c200']
(bootloader) 0x0000000000000000

OKAY [  0.003s]
Finished. Total time: 0.003s
['fastboot', '-s', 'cd0ee037', 'oem', 'debug', 'readq', '0x8008c208']
(bootloader) 0x0000000000000000

OKAY [  0.003s]
Finished. Total time: 0.003s
['fastboot', '-s', 'cd0ee037', 'oem', 'debug', 'readq', '0x8008c210']
(bootloader) 0x0000000000000000

OKAY [  0.003s]
Finished. Total time: 0.003s
['fastboot', '-s', 'cd0ee037', 'oem', 'debug', 'readq', '0x8008c218']
(bootloader) 0x0000000000000000

OKAY [  0.003s]
Finished. Total time: 0.003s
['fastboot', '-s', 'cd0ee037', 'oem', 'debug', 'readq', '0x8008c220']
(bootloader) 0x0000000000000000

OKAY [  0.003s]
Finished. Total time: 0.003s
['fastboot', '-s', 'cd0ee037', 'oem', 'debug', 'readq', '0x8008c228']
(bootloader) 0x0000000000000000

OKAY [  0.003s]
Finished. Total time: 0.003s
['fastboot', '-s', 'cd0ee037', 'oem', 'debug', 'readq', '0x8008c230']
(bootloader) 0x0000000000000000

OKAY [  0.003s]
Finished. Total time: 0.003s
['fastboot', '-s', 'cd0ee037', 'oem', 'debug', 'readq', '0x8008c238']
(bootloader) 0x0000000000000000

OKAY [  0.003s]
Finished. Total time: 0.003s
['fastboot', '-s', 'cd0ee037', 'oem', 'debug', 'readq', '0x8008c240']
(bootloader) 0x0000000000000000

OKAY [  0.003s]
Finished. Total time: 0.003s
['fastboot', '-s', 'cd0ee037', 'oem', 'debug', 'readq', '0x8008c248']
(bootloader) 0x0000000000000000

OKAY [  0.003s]
Finished. Total time: 0.003s
['fastboot', '-s', 'cd0ee037', 'oem', 'debug', 'readq', '0x8008c250']
(bootloader) 0x0000000000000000

OKAY [  0.003s]
Finished. Total time: 0.003s
['fastboot', '-s', 'cd0ee037', 'oem', 'debug', 'readq', '0x8008c258']
(bootloader) 0x0000000000000000

OKAY [  0.003s]
Finished. Total time: 0.003s
['fastboot', '-s', 'cd0ee037', 'oem', 'debug', 'readq', '0x8008c260']
(bootloader) 0x0000000000000000

OKAY [  0.003s]
Finished. Total time: 0.003s
['fastboot', '-s', 'cd0ee037', 'oem', 'debug', 'readq', '0x8008c268']
(bootloader) 0x0000000000000000

OKAY [  0.003s]
Finished. Total time: 0.003s
['fastboot', '-s', 'cd0ee037', 'oem', 'debug', 'readq', '0x8008c270']
(bootloader) 0x0000000000000000

OKAY [  0.003s]
Finished. Total time: 0.003s
['fastboot', '-s', 'cd0ee037', 'oem', 'debug', 'readq', '0x8008c278']
(bootloader) 0x0000000000000000

OKAY [  0.003s]
Finished. Total time: 0.003s
['fastboot', '-s', 'cd0ee037', 'oem', 'debug', 'readq', '0x8008c280']
(bootloader) 0x0000000000000000

OKAY [  0.003s]
Finished. Total time: 0.003s
['fastboot', '-s', 'cd0ee037', 'oem', 'debug', 'readq', '0x8008c288']
(bootloader) 0x0000000000000000

OKAY [  0.004s]
Finished. Total time: 0.004s
['fastboot', '-s', 'cd0ee037', 'oem', 'debug', 'readq', '0x8008c290']
(bootloader) 0x0000000000000000

OKAY [  0.003s]
Finished. Total time: 0.003s
['fastboot', '-s', 'cd0ee037', 'oem', 'debug', 'readq', '0x8008c298']
(bootloader) 0x0000000000000000

OKAY [  0.003s]
Finished. Total time: 0.003s
['fastboot', '-s', 'cd0ee037', 'oem', 'debug', 'readq', '0x8008c2a0']
(bootloader) 0x0000000000000000

OKAY [  0.003s]
Finished. Total time: 0.003s
['fastboot', '-s', 'cd0ee037', 'oem', 'debug', 'readq', '0x8008c2a8']
(bootloader) 0x0000000000000000

OKAY [  0.003s]
Finished. Total time: 0.003s
['fastboot', '-s', 'cd0ee037', 'oem', 'debug', 'readq', '0x8008c2b0']
(bootloader) 0x0000000000000000

OKAY [  0.003s]
Finished. Total time: 0.003s
['fastboot', '-s', 'cd0ee037', 'oem', 'debug', 'readq', '0x8008c2b8']
(bootloader) 0x0000000000000000

OKAY [  0.003s]
Finished. Total time: 0.003s
['fastboot', '-s', 'cd0ee037', 'oem', 'debug', 'readq', '0x8008c2c0']
(bootloader) 0x0000000000000000

OKAY [  0.003s]
Finished. Total time: 0.003s
['fastboot', '-s', 'cd0ee037', 'oem', 'debug', 'readq', '0x8008c2c8']
(bootloader) 0x0000000000000000

OKAY [  0.003s]
Finished. Total time: 0.003s
['fastboot', '-s', 'cd0ee037', 'oem', 'debug', 'readq', '0x8008c2d0']
(bootloader) 0x0000000000000000

OKAY [  0.003s]
Finished. Total time: 0.003s
['fastboot', '-s', 'cd0ee037', 'oem', 'debug', 'readq', '0x8008c2d8']
(bootloader) 0x0000000000000000

OKAY [  0.003s]
Finished. Total time: 0.003s
['fastboot', '-s', 'cd0ee037', 'oem', 'debug', 'readq', '0x8008c2e0']
(bootloader) 0x0000000000000000

OKAY [  0.003s]
Finished. Total time: 0.003s
['fastboot', '-s', 'cd0ee037', 'oem', 'debug', 'readq', '0x8008c2e8']
(bootloader) 0x0000000000000000

OKAY [  0.003s]
Finished. Total time: 0.003s
['fastboot', '-s', 'cd0ee037', 'oem', 'debug', 'readq', '0x8008c2f0']
(bootloader) 0x0000000000000000

OKAY [  0.003s]
Finished. Total time: 0.003s
['fastboot', '-s', 'cd0ee037', 'oem', 'debug', 'readq', '0x8008c2f8']
(bootloader) 0x0000000000000000

OKAY [  0.003s]
Finished. Total time: 0.003s
['fastboot', '-s', 'cd0ee037', 'oem', 'debug', 'readq', '0x8008c300']
(bootloader) 0x0000000000000000

OKAY [  0.003s]
Finished. Total time: 0.003s
['fastboot', '-s', 'cd0ee037', 'oem', 'debug', 'readq', '0x8008c308']
(bootloader) 0x0000000000000000

OKAY [  0.003s]
Finished. Total time: 0.003s
['fastboot', '-s', 'cd0ee037', 'oem', 'debug', 'readq', '0x8008c310']
(bootloader) 0x0000000000000000

OKAY [  0.004s]
Finished. Total time: 0.004s
['fastboot', '-s', 'cd0ee037', 'oem', 'debug', 'readq', '0x8008c318']
(bootloader) 0x0000000000000000

OKAY [  0.003s]
Finished. Total time: 0.003s
['fastboot', '-s', 'cd0ee037', 'oem', 'debug', 'readq', '0x8008c320']
(bootloader) 0x0000000000000000

OKAY [  0.003s]
Finished. Total time: 0.003s
['fastboot', '-s', 'cd0ee037', 'oem', 'debug', 'readq', '0x8008c328']
(bootloader) 0x0000000000000000

OKAY [  0.003s]
Finished. Total time: 0.003s
['fastboot', '-s', 'cd0ee037', 'oem', 'debug', 'readq', '0x8008c330']
(bootloader) 0x0000000000000000

OKAY [  0.004s]
Finished. Total time: 0.004s
['fastboot', '-s', 'cd0ee037', 'oem', 'debug', 'readq', '0x8008c338']
(bootloader) 0x0000000000000000

OKAY [  0.003s]
Finished. Total time: 0.003s
['fastboot', '-s', 'cd0ee037', 'oem', 'debug', 'readq', '0x8008c340']
(bootloader) 0x0000000000000000

OKAY [  0.003s]
Finished. Total time: 0.003s
['fastboot', '-s', 'cd0ee037', 'oem', 'debug', 'readq', '0x8008c348']
(bootloader) 0x0000000000000000

OKAY [  0.003s]
Finished. Total time: 0.003s
['fastboot', '-s', 'cd0ee037', 'oem', 'debug', 'readq', '0x8008c350']
(bootloader) 0x0000000000000000

OKAY [  0.003s]
Finished. Total time: 0.003s
['fastboot', '-s', 'cd0ee037', 'oem', 'debug', 'readq', '0x8008c358']
(bootloader) 0x0000000000000000

OKAY [  0.003s]
Finished. Total time: 0.003s
['fastboot', '-s', 'cd0ee037', 'oem', 'debug', 'readq', '0x8008c360']
(bootloader) 0x0000000000000000

OKAY [  0.004s]
Finished. Total time: 0.004s
['fastboot', '-s', 'cd0ee037', 'oem', 'debug', 'readq', '0x8008c368']
(bootloader) 0x0000000000000000

OKAY [  0.003s]
Finished. Total time: 0.003s
['fastboot', '-s', 'cd0ee037', 'oem', 'debug', 'readq', '0x8008c370']
(bootloader) 0x0000000000000000

OKAY [  0.003s]
Finished. Total time: 0.003s
['fastboot', '-s', 'cd0ee037', 'oem', 'debug', 'readq', '0x8008c378']
(bootloader) 0x0000000000000000

OKAY [  0.003s]
Finished. Total time: 0.003s
['fastboot', '-s', 'cd0ee037', 'oem', 'debug', 'readq', '0x8008c380']
(bootloader) 0x0000000000000000

OKAY [  0.003s]
Finished. Total time: 0.003s
['fastboot', '-s', 'cd0ee037', 'oem', 'debug', 'readq', '0x8008c388']
(bootloader) 0x0000000000000000

OKAY [  0.003s]
Finished. Total time: 0.003s
['fastboot', '-s', 'cd0ee037', 'oem', 'debug', 'readq', '0x8008c390']
(bootloader) 0x0000000000000000

OKAY [  0.003s]
Finished. Total time: 0.003s
['fastboot', '-s', 'cd0ee037', 'oem', 'debug', 'readq', '0x8008c398']
(bootloader) 0x0000000000000000

OKAY [  0.003s]
Finished. Total time: 0.003s
['fastboot', '-s', 'cd0ee037', 'oem', 'debug', 'readq', '0x8008c3a0']
(bootloader) 0x0000000000000000

OKAY [  0.004s]
Finished. Total time: 0.004s
['fastboot', '-s', 'cd0ee037', 'oem', 'debug', 'readq', '0x8008c3a8']
(bootloader) 0x0000000000000000

OKAY [  0.003s]
Finished. Total time: 0.003s
['fastboot', '-s', 'cd0ee037', 'oem', 'debug', 'readq', '0x8008c3b0']
(bootloader) 0x0000000000000000

OKAY [  0.003s]
Finished. Total time: 0.003s
['fastboot', '-s', 'cd0ee037', 'oem', 'debug', 'readq', '0x8008c3b8']
(bootloader) 0x0000000000000000

OKAY [  0.003s]
Finished. Total time: 0.003s
['fastboot', '-s', 'cd0ee037', 'oem', 'debug', 'readq', '0x8008c3c0']
(bootloader) 0x0000000000000000

OKAY [  0.003s]
Finished. Total time: 0.003s
['fastboot', '-s', 'cd0ee037', 'oem', 'debug', 'readq', '0x8008c3c8']
(bootloader) 0x0000000000000000

OKAY [  0.003s]
Finished. Total time: 0.003s
['fastboot', '-s', 'cd0ee037', 'oem', 'debug', 'readq', '0x8008c3d0']
(bootloader) 0x0000000000000000

OKAY [  0.003s]
Finished. Total time: 0.003s
['fastboot', '-s', 'cd0ee037', 'oem', 'debug', 'readq', '0x8008c3d8']
(bootloader) 0x0000000000000000

OKAY [  0.004s]
Finished. Total time: 0.004s
['fastboot', '-s', 'cd0ee037', 'oem', 'debug', 'readq', '0x8008c3e0']
(bootloader) 0x0000000000000000

OKAY [  0.003s]
Finished. Total time: 0.003s
['fastboot', '-s', 'cd0ee037', 'oem', 'debug', 'readq', '0x8008c3e8']
(bootloader) 0x0000000000000000

OKAY [  0.003s]
Finished. Total time: 0.003s
['fastboot', '-s', 'cd0ee037', 'oem', 'debug', 'readq', '0x8008c3f0']
(bootloader) 0x0000000000000000

OKAY [  0.003s]
Finished. Total time: 0.003s
['fastboot', '-s', 'cd0ee037', 'oem', 'debug', 'readq', '0x8008c3f8']
(bootloader) 0x0000000000000000

OKAY [  0.003s]
Finished. Total time: 0.003s
['fastboot', '-s', 'cd0ee037', 'oem', 'debug', 'readq', '0x8008c400']
(bootloader) 0x0000000000000000

OKAY [  0.003s]
Finished. Total time: 0.003s
['fastboot', '-s', 'cd0ee037', 'oem', 'debug', 'readq', '0x8008c408']
(bootloader) 0x0000000000000000

OKAY [  0.003s]
Finished. Total time: 0.003s
['fastboot', '-s', 'cd0ee037', 'oem', 'debug', 'readq', '0x8008c410']
(bootloader) 0x0000000000000000

OKAY [  0.003s]
Finished. Total time: 0.003s
['fastboot', '-s', 'cd0ee037', 'oem', 'debug', 'readq', '0x8008c418']
(bootloader) 0x0000000000000000

OKAY [  0.003s]
Finished. Total time: 0.003s
['fastboot', '-s', 'cd0ee037', 'oem', 'debug', 'readq', '0x8008c420']
(bootloader) 0x0000000000000000

OKAY [  0.003s]
Finished. Total time: 0.003s
['fastboot', '-s', 'cd0ee037', 'oem', 'debug', 'readq', '0x8008c428']
(bootloader) 0x0000000000000000

OKAY [  0.004s]
Finished. Total time: 0.004s
['fastboot', '-s', 'cd0ee037', 'oem', 'debug', 'readq', '0x8008c430']
(bootloader) 0x0000000000000000

OKAY [  0.003s]
Finished. Total time: 0.003s
['fastboot', '-s', 'cd0ee037', 'oem', 'debug', 'readq', '0x8008c438']
(bootloader) 0x0000000000000000

OKAY [  0.003s]
Finished. Total time: 0.003s
['fastboot', '-s', 'cd0ee037', 'oem', 'debug', 'readq', '0x8008c440']
(bootloader) 0x0000000000000000

OKAY [  0.003s]
Finished. Total time: 0.003s
['fastboot', '-s', 'cd0ee037', 'oem', 'debug', 'readq', '0x8008c448']
(bootloader) 0x0000000000000000

OKAY [  0.003s]
Finished. Total time: 0.003s
['fastboot', '-s', 'cd0ee037', 'oem', 'debug', 'readq', '0x8008c450']
(bootloader) 0x0000000000000000

OKAY [  0.003s]
Finished. Total time: 0.003s
['fastboot', '-s', 'cd0ee037', 'oem', 'debug', 'readq', '0x8008c458']
(bootloader) 0x0000000000000000

OKAY [  0.003s]
Finished. Total time: 0.003s
['fastboot', '-s', 'cd0ee037', 'oem', 'debug', 'readq', '0x8008c460']
(bootloader) 0x0000000000000000

OKAY [  0.003s]
Finished. Total time: 0.003s
['fastboot', '-s', 'cd0ee037', 'oem', 'debug', 'readq', '0x8008c468']
(bootloader) 0x0000000000000000

OKAY [  0.003s]
Finished. Total time: 0.003s
['fastboot', '-s', 'cd0ee037', 'oem', 'debug', 'readq', '0x8008c470']
(bootloader) 0x0000000000000000

OKAY [  0.003s]
Finished. Total time: 0.003s
['fastboot', '-s', 'cd0ee037', 'oem', 'debug', 'readq', '0x8008c478']
(bootloader) 0x0000000000000000

OKAY [  0.003s]
Finished. Total time: 0.003s
['fastboot', '-s', 'cd0ee037', 'oem', 'debug', 'readq', '0x8008c480']
(bootloader) 0x0000000000000000

OKAY [  0.003s]
Finished. Total time: 0.003s
['fastboot', '-s', 'cd0ee037', 'oem', 'debug', 'readq', '0x8008c488']
(bootloader) 0x0000000000000000

OKAY [  0.003s]
Finished. Total time: 0.003s
['fastboot', '-s', 'cd0ee037', 'oem', 'debug', 'readq', '0x8008c490']
(bootloader) 0x0000000000000000

OKAY [  0.003s]
Finished. Total time: 0.003s
['fastboot', '-s', 'cd0ee037', 'oem', 'debug', 'readq', '0x8008c498']
(bootloader) 0x0000000000000000

OKAY [  0.003s]
Finished. Total time: 0.003s
['fastboot', '-s', 'cd0ee037', 'oem', 'debug', 'readq', '0x8008c4a0']
(bootloader) 0x0000000000000000

OKAY [  0.003s]
Finished. Total time: 0.003s
['fastboot', '-s', 'cd0ee037', 'oem', 'debug', 'readq', '0x8008c4a8']
(bootloader) 0x0000000000000000

OKAY [  0.003s]
Finished. Total time: 0.003s
['fastboot', '-s', 'cd0ee037', 'oem', 'debug', 'readq', '0x8008c4b0']
(bootloader) 0x0000000000000000

OKAY [  0.003s]
Finished. Total time: 0.003s
['fastboot', '-s', 'cd0ee037', 'oem', 'debug', 'readq', '0x8008c4b8']
(bootloader) 0x0000000000000000

OKAY [  0.003s]
Finished. Total time: 0.003s
['fastboot', '-s', 'cd0ee037', 'oem', 'debug', 'readq', '0x8008c4c0']
(bootloader) 0x0000000000000000

OKAY [  0.003s]
Finished. Total time: 0.003s
['fastboot', '-s', 'cd0ee037', 'oem', 'debug', 'readq', '0x8008c4c8']
(bootloader) 0x0000000000000000

OKAY [  0.003s]
Finished. Total time: 0.003s
['fastboot', '-s', 'cd0ee037', 'oem', 'debug', 'readq', '0x8008c4d0']
(bootloader) 0x0000000000000000

OKAY [  0.003s]
Finished. Total time: 0.003s
['fastboot', '-s', 'cd0ee037', 'oem', 'debug', 'readq', '0x8008c4d8']
(bootloader) 0x0000000000000000

OKAY [  0.003s]
Finished. Total time: 0.003s
['fastboot', '-s', 'cd0ee037', 'oem', 'debug', 'readq', '0x8008c4e0']
(bootloader) 0x0000000000000000

OKAY [  0.003s]
Finished. Total time: 0.003s
['fastboot', '-s', 'cd0ee037', 'oem', 'debug', 'readq', '0x8008c4e8']
(bootloader) 0x0000000000000000

OKAY [  0.003s]
Finished. Total time: 0.003s
['fastboot', '-s', 'cd0ee037', 'oem', 'debug', 'readq', '0x8008c4f0']
(bootloader) 0x0000000000000000

OKAY [  0.004s]
Finished. Total time: 0.004s
['fastboot', '-s', 'cd0ee037', 'oem', 'debug', 'readq', '0x8008c4f8']
(bootloader) 0x0000000000000000

OKAY [  0.003s]
Finished. Total time: 0.003s
['fastboot', '-s', 'cd0ee037', 'oem', 'debug', 'readq', '0x8008c500']
(bootloader) 0x0000000000000000

OKAY [  0.003s]
Finished. Total time: 0.003s
['fastboot', '-s', 'cd0ee037', 'oem', 'debug', 'readq', '0x8008c508']
(bootloader) 0x0000000000000000

OKAY [  0.003s]
Finished. Total time: 0.003s
['fastboot', '-s', 'cd0ee037', 'oem', 'debug', 'readq', '0x8008c510']
(bootloader) 0x0000000000000000

OKAY [  0.003s]
Finished. Total time: 0.003s
['fastboot', '-s', 'cd0ee037', 'oem', 'debug', 'readq', '0x8008c518']
(bootloader) 0x0000000000000000

OKAY [  0.003s]
Finished. Total time: 0.003s
['fastboot', '-s', 'cd0ee037', 'oem', 'debug', 'readq', '0x8008c520']
(bootloader) 0x0000000000000000

OKAY [  0.003s]
Finished. Total time: 0.003s
['fastboot', '-s', 'cd0ee037', 'oem', 'debug', 'readq', '0x8008c528']
(bootloader) 0x0000000000000000

OKAY [  0.003s]
Finished. Total time: 0.003s
['fastboot', '-s', 'cd0ee037', 'oem', 'debug', 'readq', '0x8008c530']
(bootloader) 0x0000000000000000

OKAY [  0.003s]
Finished. Total time: 0.003s
['fastboot', '-s', 'cd0ee037', 'oem', 'debug', 'readq', '0x8008c538']
(bootloader) 0x0000000000000000

OKAY [  0.003s]
Finished. Total time: 0.003s
['fastboot', '-s', 'cd0ee037', 'oem', 'debug', 'readq', '0x8008c540']
(bootloader) 0x0000000000000000

OKAY [  0.003s]
Finished. Total time: 0.003s
['fastboot', '-s', 'cd0ee037', 'oem', 'debug', 'readq', '0x8008c548']
(bootloader) 0x0000000000000000

OKAY [  0.003s]
Finished. Total time: 0.003s
['fastboot', '-s', 'cd0ee037', 'oem', 'debug', 'readq', '0x8008c550']
(bootloader) 0x0000000000000000

OKAY [  0.003s]
Finished. Total time: 0.003s
['fastboot', '-s', 'cd0ee037', 'oem', 'debug', 'readq', '0x8008c558']
(bootloader) 0x0000000000000000

OKAY [  0.003s]
Finished. Total time: 0.003s
['fastboot', '-s', 'cd0ee037', 'oem', 'debug', 'readq', '0x8008c560']
(bootloader) 0x0000000000000000

OKAY [  0.003s]
Finished. Total time: 0.003s
['fastboot', '-s', 'cd0ee037', 'oem', 'debug', 'readq', '0x8008c568']
(bootloader) 0x0000000000000000

OKAY [  0.003s]
Finished. Total time: 0.003s
['fastboot', '-s', 'cd0ee037', 'oem', 'debug', 'readq', '0x8008c570']
(bootloader) 0x0000000000000000

OKAY [  0.003s]
Finished. Total time: 0.003s
['fastboot', '-s', 'cd0ee037', 'oem', 'debug', 'readq', '0x8008c578']
(bootloader) 0x0000000000000000

OKAY [  0.003s]
Finished. Total time: 0.003s
['fastboot', '-s', 'cd0ee037', 'oem', 'debug', 'readq', '0x8008c580']
(bootloader) 0x0000000000000000

OKAY [  0.003s]
Finished. Total time: 0.003s
['fastboot', '-s', 'cd0ee037', 'oem', 'debug', 'readq', '0x8008c588']
(bootloader) 0x0000000000000000

OKAY [  0.003s]
Finished. Total time: 0.003s
['fastboot', '-s', 'cd0ee037', 'oem', 'debug', 'readq', '0x8008c590']
(bootloader) 0x0000000000000000

OKAY [  0.003s]
Finished. Total time: 0.003s
['fastboot', '-s', 'cd0ee037', 'oem', 'debug', 'readq', '0x8008c598']
(bootloader) 0x0000000000000000

OKAY [  0.003s]
Finished. Total time: 0.003s
['fastboot', '-s', 'cd0ee037', 'oem', 'debug', 'readq', '0x8008c5a0']
(bootloader) 0x0000000000000000

OKAY [  0.003s]
Finished. Total time: 0.003s
['fastboot', '-s', 'cd0ee037', 'oem', 'debug', 'readq', '0x8008c5a8']
(bootloader) 0x0000000000000000

OKAY [  0.003s]
Finished. Total time: 0.003s
['fastboot', '-s', 'cd0ee037', 'oem', 'debug', 'readq', '0x8008c5b0']
(bootloader) 0x0000000000000000

OKAY [  0.003s]
Finished. Total time: 0.003s
['fastboot', '-s', 'cd0ee037', 'oem', 'debug', 'readq', '0x8008c5b8']
(bootloader) 0x0000000000000000

OKAY [  0.003s]
Finished. Total time: 0.003s
['fastboot', '-s', 'cd0ee037', 'oem', 'debug', 'readq', '0x8008c5c0']
(bootloader) 0x0000000000000000

OKAY [  0.003s]
Finished. Total time: 0.003s
['fastboot', '-s', 'cd0ee037', 'oem', 'debug', 'readq', '0x8008c5c8']
(bootloader) 0x0000000000000000

OKAY [  0.003s]
Finished. Total time: 0.003s
['fastboot', '-s', 'cd0ee037', 'oem', 'debug', 'readq', '0x8008c5d0']
(bootloader) 0x0000000000000000

OKAY [  0.003s]
Finished. Total time: 0.003s
['fastboot', '-s', 'cd0ee037', 'oem', 'debug', 'readq', '0x8008c5d8']
(bootloader) 0x0000000000000000

OKAY [  0.003s]
Finished. Total time: 0.003s
['fastboot', '-s', 'cd0ee037', 'oem', 'debug', 'readq', '0x8008c5e0']
(bootloader) 0x0000000000000000

OKAY [  0.003s]
Finished. Total time: 0.003s
['fastboot', '-s', 'cd0ee037', 'oem', 'debug', 'readq', '0x8008c5e8']
(bootloader) 0x0000000000000000

OKAY [  0.003s]
Finished. Total time: 0.003s
['fastboot', '-s', 'cd0ee037', 'oem', 'debug', 'readq', '0x8008c5f0']
(bootloader) 0x0000000000000000

OKAY [  0.003s]
Finished. Total time: 0.003s
['fastboot', '-s', 'cd0ee037', 'oem', 'debug', 'readq', '0x8008c5f8']
(bootloader) 0x0000000000000000

OKAY [  0.003s]
Finished. Total time: 0.003s
['fastboot', '-s', 'cd0ee037', 'oem', 'debug', 'readq', '0x8008c600']
(bootloader) 0x0000000000000000

OKAY [  0.003s]
Finished. Total time: 0.003s
['fastboot', '-s', 'cd0ee037', 'oem', 'debug', 'readq', '0x8008c608']
(bootloader) 0x0000000000000000

OKAY [  0.003s]
Finished. Total time: 0.003s
['fastboot', '-s', 'cd0ee037', 'oem', 'debug', 'readq', '0x8008c610']
(bootloader) 0x0000000000000000

OKAY [  0.003s]
Finished. Total time: 0.003s
['fastboot', '-s', 'cd0ee037', 'oem', 'debug', 'readq', '0x8008c618']
(bootloader) 0x0000000000000000

OKAY [  0.003s]
Finished. Total time: 0.003s
['fastboot', '-s', 'cd0ee037', 'oem', 'debug', 'readq', '0x8008c620']
(bootloader) 0x0000000000000000

OKAY [  0.003s]
Finished. Total time: 0.003s
['fastboot', '-s', 'cd0ee037', 'oem', 'debug', 'readq', '0x8008c628']
(bootloader) 0x0000000000000000

OKAY [  0.003s]
Finished. Total time: 0.003s
['fastboot', '-s', 'cd0ee037', 'oem', 'debug', 'readq', '0x8008c630']
(bootloader) 0x0000000000000000

OKAY [  0.003s]
Finished. Total time: 0.003s
['fastboot', '-s', 'cd0ee037', 'oem', 'debug', 'readq', '0x8008c638']
(bootloader) 0x0000000000000000

OKAY [  0.003s]
Finished. Total time: 0.003s
['fastboot', '-s', 'cd0ee037', 'oem', 'debug', 'readq', '0x8008c640']
(bootloader) 0x0000000000000000

OKAY [  0.003s]
Finished. Total time: 0.003s
['fastboot', '-s', 'cd0ee037', 'oem', 'debug', 'readq', '0x8008c648']
(bootloader) 0x0000000000000000

OKAY [  0.003s]
Finished. Total time: 0.003s
['fastboot', '-s', 'cd0ee037', 'oem', 'debug', 'readq', '0x8008c650']
(bootloader) 0x0000000000000000

OKAY [  0.003s]
Finished. Total time: 0.003s
['fastboot', '-s', 'cd0ee037', 'oem', 'debug', 'readq', '0x8008c658']
(bootloader) 0x0000000000000000

OKAY [  0.003s]
Finished. Total time: 0.003s
['fastboot', '-s', 'cd0ee037', 'oem', 'debug', 'readq', '0x8008c660']
(bootloader) 0x0000000000000000

OKAY [  0.004s]
Finished. Total time: 0.004s
['fastboot', '-s', 'cd0ee037', 'oem', 'debug', 'readq', '0x8008c668']
(bootloader) 0x0000000000000000

OKAY [  0.003s]
Finished. Total time: 0.003s
['fastboot', '-s', 'cd0ee037', 'oem', 'debug', 'readq', '0x8008c670']
(bootloader) 0x0000000000000000

OKAY [  0.003s]
Finished. Total time: 0.003s
['fastboot', '-s', 'cd0ee037', 'oem', 'debug', 'readq', '0x8008c678']
(bootloader) 0x0000000000000000

OKAY [  0.003s]
Finished. Total time: 0.003s
['fastboot', '-s', 'cd0ee037', 'oem', 'debug', 'readq', '0x8008c680']
(bootloader) 0x0000000000000000

OKAY [  0.003s]
Finished. Total time: 0.003s
['fastboot', '-s', 'cd0ee037', 'oem', 'debug', 'readq', '0x8008c688']
(bootloader) 0x0000000000000000

OKAY [  0.003s]
Finished. Total time: 0.003s
['fastboot', '-s', 'cd0ee037', 'oem', 'debug', 'readq', '0x8008c690']
(bootloader) 0x0000000000000000

OKAY [  0.003s]
Finished. Total time: 0.003s
['fastboot', '-s', 'cd0ee037', 'oem', 'debug', 'readq', '0x8008c698']
(bootloader) 0x0000000000000000

OKAY [  0.003s]
Finished. Total time: 0.003s
['fastboot', '-s', 'cd0ee037', 'oem', 'debug', 'readq', '0x8008c6a0']
(bootloader) 0x0000000000000000

OKAY [  0.003s]
Finished. Total time: 0.003s
['fastboot', '-s', 'cd0ee037', 'oem', 'debug', 'readq', '0x8008c6a8']
(bootloader) 0x0000000000000000

OKAY [  0.003s]
Finished. Total time: 0.003s
['fastboot', '-s', 'cd0ee037', 'oem', 'debug', 'readq', '0x8008c6b0']
(bootloader) 0x0000000000000000

OKAY [  0.003s]
Finished. Total time: 0.003s
['fastboot', '-s', 'cd0ee037', 'oem', 'debug', 'readq', '0x8008c6b8']
(bootloader) 0x0000000000000000

OKAY [  0.003s]
Finished. Total time: 0.003s
['fastboot', '-s', 'cd0ee037', 'oem', 'debug', 'readq', '0x8008c6c0']
(bootloader) 0x0000000000000000

OKAY [  0.003s]
Finished. Total time: 0.003s
['fastboot', '-s', 'cd0ee037', 'oem', 'debug', 'readq', '0x8008c6c8']
(bootloader) 0x0000000000000000

OKAY [  0.003s]
Finished. Total time: 0.003s
['fastboot', '-s', 'cd0ee037', 'oem', 'debug', 'readq', '0x8008c6d0']
(bootloader) 0x0000000000000000

OKAY [  0.003s]
Finished. Total time: 0.003s
['fastboot', '-s', 'cd0ee037', 'oem', 'debug', 'readq', '0x8008c6d8']
(bootloader) 0x0000000000000000

OKAY [  0.003s]
Finished. Total time: 0.003s
['fastboot', '-s', 'cd0ee037', 'oem', 'debug', 'readq', '0x8008c6e0']
(bootloader) 0x0000000000000000

OKAY [  0.003s]
Finished. Total time: 0.003s
['fastboot', '-s', 'cd0ee037', 'oem', 'debug', 'readq', '0x8008c6e8']
(bootloader) 0x0000000000000000

OKAY [  0.003s]
Finished. Total time: 0.003s
['fastboot', '-s', 'cd0ee037', 'oem', 'debug', 'readq', '0x8008c6f0']
(bootloader) 0x0000000000000000

OKAY [  0.003s]
Finished. Total time: 0.003s
['fastboot', '-s', 'cd0ee037', 'oem', 'debug', 'readq', '0x8008c6f8']
(bootloader) 0x0000000000000000

OKAY [  0.003s]
Finished. Total time: 0.003s
['fastboot', '-s', 'cd0ee037', 'oem', 'debug', 'readq', '0x8008c700']
(bootloader) 0x0000000000000000

OKAY [  0.003s]
Finished. Total time: 0.003s
['fastboot', '-s', 'cd0ee037', 'oem', 'debug', 'readq', '0x8008c708']
(bootloader) 0x0000000000000000

OKAY [  0.003s]
Finished. Total time: 0.003s
['fastboot', '-s', 'cd0ee037', 'oem', 'debug', 'readq', '0x8008c710']
(bootloader) 0x0000000000000000

OKAY [  0.003s]
Finished. Total time: 0.003s
['fastboot', '-s', 'cd0ee037', 'oem', 'debug', 'readq', '0x8008c718']
(bootloader) 0x0000000000000000

OKAY [  0.003s]
Finished. Total time: 0.003s
['fastboot', '-s', 'cd0ee037', 'oem', 'debug', 'readq', '0x8008c720']
(bootloader) 0x0000000000000000

OKAY [  0.004s]
Finished. Total time: 0.004s
['fastboot', '-s', 'cd0ee037', 'oem', 'debug', 'readq', '0x8008c728']
(bootloader) 0x0000000000000000

OKAY [  0.003s]
Finished. Total time: 0.003s
['fastboot', '-s', 'cd0ee037', 'oem', 'debug', 'readq', '0x8008c730']
(bootloader) 0x0000000000000000

OKAY [  0.003s]
Finished. Total time: 0.004s
['fastboot', '-s', 'cd0ee037', 'oem', 'debug', 'readq', '0x8008c738']
(bootloader) 0x0000000000000000

OKAY [  0.003s]
Finished. Total time: 0.003s
['fastboot', '-s', 'cd0ee037', 'oem', 'debug', 'readq', '0x8008c740']
(bootloader) 0x0000000000000000

OKAY [  0.003s]
Finished. Total time: 0.003s
['fastboot', '-s', 'cd0ee037', 'oem', 'debug', 'readq', '0x8008c748']
(bootloader) 0x0000000000000000

OKAY [  0.003s]
Finished. Total time: 0.003s
['fastboot', '-s', 'cd0ee037', 'oem', 'debug', 'readq', '0x8008c750']
(bootloader) 0x0000000000000000

OKAY [  0.003s]
Finished. Total time: 0.003s
['fastboot', '-s', 'cd0ee037', 'oem', 'debug', 'readq', '0x8008c758']
(bootloader) 0x0000000000000000

OKAY [  0.003s]
Finished. Total time: 0.003s
['fastboot', '-s', 'cd0ee037', 'oem', 'debug', 'readq', '0x8008c760']
(bootloader) 0x0000000000000000

OKAY [  0.003s]
Finished. Total time: 0.003s
['fastboot', '-s', 'cd0ee037', 'oem', 'debug', 'readq', '0x8008c768']
(bootloader) 0x0000000000000000

OKAY [  0.003s]
Finished. Total time: 0.003s
['fastboot', '-s', 'cd0ee037', 'oem', 'debug', 'readq', '0x8008c770']
(bootloader) 0x0000000000000000

OKAY [  0.004s]
Finished. Total time: 0.004s
['fastboot', '-s', 'cd0ee037', 'oem', 'debug', 'readq', '0x8008c778']
(bootloader) 0x0000000000000000

OKAY [  0.003s]
Finished. Total time: 0.003s
['fastboot', '-s', 'cd0ee037', 'oem', 'debug', 'readq', '0x8008c780']
(bootloader) 0x0000000000000000

OKAY [  0.003s]
Finished. Total time: 0.003s
['fastboot', '-s', 'cd0ee037', 'oem', 'debug', 'readq', '0x8008c788']
(bootloader) 0x0000000000000000

OKAY [  0.003s]
Finished. Total time: 0.003s
['fastboot', '-s', 'cd0ee037', 'oem', 'debug', 'readq', '0x8008c790']
(bootloader) 0x0000000000000000

OKAY [  0.003s]
Finished. Total time: 0.003s
['fastboot', '-s', 'cd0ee037', 'oem', 'debug', 'readq', '0x8008c798']
(bootloader) 0x0000000000000000

OKAY [  0.003s]
Finished. Total time: 0.003s
['fastboot', '-s', 'cd0ee037', 'oem', 'debug', 'readq', '0x8008c7a0']
(bootloader) 0x0000000000000000

OKAY [  0.003s]
Finished. Total time: 0.003s
['fastboot', '-s', 'cd0ee037', 'oem', 'debug', 'readq', '0x8008c7a8']
(bootloader) 0x0000000000000000

OKAY [  0.003s]
Finished. Total time: 0.003s
['fastboot', '-s', 'cd0ee037', 'oem', 'debug', 'readq', '0x8008c7b0']
(bootloader) 0x0000000000000000

OKAY [  0.003s]
Finished. Total time: 0.003s
['fastboot', '-s', 'cd0ee037', 'oem', 'debug', 'readq', '0x8008c7b8']
(bootloader) 0x0000000000000000

OKAY [  0.003s]
Finished. Total time: 0.003s
['fastboot', '-s', 'cd0ee037', 'oem', 'debug', 'readq', '0x8008c7c0']
(bootloader) 0x0000000000000000

OKAY [  0.003s]
Finished. Total time: 0.003s
['fastboot', '-s', 'cd0ee037', 'oem', 'debug', 'readq', '0x8008c7c8']
(bootloader) 0x0000000000000000

OKAY [  0.003s]
Finished. Total time: 0.003s
['fastboot', '-s', 'cd0ee037', 'oem', 'debug', 'readq', '0x8008c7d0']
(bootloader) 0x0000000000000000

OKAY [  0.003s]
Finished. Total time: 0.003s
['fastboot', '-s', 'cd0ee037', 'oem', 'debug', 'readq', '0x8008c7d8']
(bootloader) 0x0000000000000000

OKAY [  0.003s]
Finished. Total time: 0.003s
['fastboot', '-s', 'cd0ee037', 'oem', 'debug', 'readq', '0x8008c7e0']
(bootloader) 0x0000000000000000

OKAY [  0.003s]
Finished. Total time: 0.003s
['fastboot', '-s', 'cd0ee037', 'oem', 'debug', 'readq', '0x8008c7e8']
(bootloader) 0x0000000000000000

OKAY [  0.003s]
Finished. Total time: 0.003s
['fastboot', '-s', 'cd0ee037', 'oem', 'debug', 'readq', '0x8008c7f0']
(bootloader) 0x0000000000000000

OKAY [  0.003s]
Finished. Total time: 0.003s
['fastboot', '-s', 'cd0ee037', 'oem', 'debug', 'readq', '0x8008c7f8']
(bootloader) 0x0000000000000000

OKAY [  0.003s]
Finished. Total time: 0.003s
['fastboot', '-s', 'cd0ee037', 'oem', 'debug', 'readq', '0x8008c800']
(bootloader) 0x0000000000000000

OKAY [  0.003s]
Finished. Total time: 0.003s
['fastboot', '-s', 'cd0ee037', 'oem', 'debug', 'readq', '0x8008c808']
(bootloader) 0x0000000000000000

OKAY [  0.003s]
Finished. Total time: 0.003s
['fastboot', '-s', 'cd0ee037', 'oem', 'debug', 'readq', '0x8008c810']
(bootloader) 0x0000000000000000

OKAY [  0.003s]
Finished. Total time: 0.003s
['fastboot', '-s', 'cd0ee037', 'oem', 'debug', 'readq', '0x8008c818']
(bootloader) 0x0000000000000000

OKAY [  0.003s]
Finished. Total time: 0.003s
['fastboot', '-s', 'cd0ee037', 'oem', 'debug', 'readq', '0x8008c820']
(bootloader) 0x0000000000000000

OKAY [  0.003s]
Finished. Total time: 0.003s
['fastboot', '-s', 'cd0ee037', 'oem', 'debug', 'readq', '0x8008c828']
(bootloader) 0x0000000000000000

OKAY [  0.003s]
Finished. Total time: 0.003s
['fastboot', '-s', 'cd0ee037', 'oem', 'debug', 'readq', '0x8008c830']
(bootloader) 0x0000000000000000

OKAY [  0.003s]
Finished. Total time: 0.003s
['fastboot', '-s', 'cd0ee037', 'oem', 'debug', 'readq', '0x8008c838']
(bootloader) 0x0000000000000000

OKAY [  0.003s]
Finished. Total time: 0.003s
['fastboot', '-s', 'cd0ee037', 'oem', 'debug', 'readq', '0x8008c840']
(bootloader) 0x0000000000000000

OKAY [  0.003s]
Finished. Total time: 0.003s
['fastboot', '-s', 'cd0ee037', 'oem', 'debug', 'readq', '0x8008c848']
(bootloader) 0x0000000000000000

OKAY [  0.003s]
Finished. Total time: 0.003s
['fastboot', '-s', 'cd0ee037', 'oem', 'debug', 'readq', '0x8008c850']
(bootloader) 0x0000000000000000

OKAY [  0.003s]
Finished. Total time: 0.003s
['fastboot', '-s', 'cd0ee037', 'oem', 'debug', 'readq', '0x8008c858']
(bootloader) 0x0000000000000000

OKAY [  0.003s]
Finished. Total time: 0.003s
['fastboot', '-s', 'cd0ee037', 'oem', 'debug', 'readq', '0x8008c860']
(bootloader) 0x0000000000000000

OKAY [  0.003s]
Finished. Total time: 0.003s
['fastboot', '-s', 'cd0ee037', 'oem', 'debug', 'readq', '0x8008c868']
(bootloader) 0x0000000000000000

OKAY [  0.003s]
Finished. Total time: 0.003s
['fastboot', '-s', 'cd0ee037', 'oem', 'debug', 'readq', '0x8008c870']
(bootloader) 0x0000000000000000

OKAY [  0.003s]
Finished. Total time: 0.003s
['fastboot', '-s', 'cd0ee037', 'oem', 'debug', 'readq', '0x8008c878']
(bootloader) 0x0000000000000000

OKAY [  0.003s]
Finished. Total time: 0.003s
['fastboot', '-s', 'cd0ee037', 'oem', 'debug', 'readq', '0x8008c880']
(bootloader) 0x0000000000000000

OKAY [  0.003s]
Finished. Total time: 0.003s
['fastboot', '-s', 'cd0ee037', 'oem', 'debug', 'readq', '0x8008c888']
(bootloader) 0x0000000000000000

OKAY [  0.003s]
Finished. Total time: 0.003s
['fastboot', '-s', 'cd0ee037', 'oem', 'debug', 'readq', '0x8008c890']
(bootloader) 0x0000000000000000

OKAY [  0.003s]
Finished. Total time: 0.003s
['fastboot', '-s', 'cd0ee037', 'oem', 'debug', 'readq', '0x8008c898']
(bootloader) 0x0000000000000000

OKAY [  0.004s]
Finished. Total time: 0.004s
['fastboot', '-s', 'cd0ee037', 'oem', 'debug', 'readq', '0x8008c8a0']
(bootloader) 0x0000000000000000

OKAY [  0.003s]
Finished. Total time: 0.003s
['fastboot', '-s', 'cd0ee037', 'oem', 'debug', 'readq', '0x8008c8a8']
(bootloader) 0x0000000000000000

OKAY [  0.003s]
Finished. Total time: 0.003s
['fastboot', '-s', 'cd0ee037', 'oem', 'debug', 'readq', '0x8008c8b0']
(bootloader) 0x0000000000000000

OKAY [  0.003s]
Finished. Total time: 0.003s
['fastboot', '-s', 'cd0ee037', 'oem', 'debug', 'readq', '0x8008c8b8']
(bootloader) 0x0000000000000000

OKAY [  0.003s]
Finished. Total time: 0.003s
['fastboot', '-s', 'cd0ee037', 'oem', 'debug', 'readq', '0x8008c8c0']
(bootloader) 0x0000000000000000

OKAY [  0.003s]
Finished. Total time: 0.003s
['fastboot', '-s', 'cd0ee037', 'oem', 'debug', 'readq', '0x8008c8c8']
(bootloader) 0x0000000000000000

OKAY [  0.003s]
Finished. Total time: 0.003s
['fastboot', '-s', 'cd0ee037', 'oem', 'debug', 'readq', '0x8008c8d0']
(bootloader) 0x0000000000000000

OKAY [  0.003s]
Finished. Total time: 0.003s
['fastboot', '-s', 'cd0ee037', 'oem', 'debug', 'readq', '0x8008c8d8']
(bootloader) 0x0000000000000000

OKAY [  0.003s]
Finished. Total time: 0.003s
['fastboot', '-s', 'cd0ee037', 'oem', 'debug', 'readq', '0x8008c8e0']
(bootloader) 0x0000000000000000

OKAY [  0.003s]
Finished. Total time: 0.003s
['fastboot', '-s', 'cd0ee037', 'oem', 'debug', 'readq', '0x8008c8e8']
(bootloader) 0x0000000000000000

OKAY [  0.003s]
Finished. Total time: 0.003s
['fastboot', '-s', 'cd0ee037', 'oem', 'debug', 'readq', '0x8008c8f0']
(bootloader) 0x0000000000000000

OKAY [  0.003s]
Finished. Total time: 0.003s
['fastboot', '-s', 'cd0ee037', 'oem', 'debug', 'readq', '0x8008c8f8']
(bootloader) 0x0000000000000000

OKAY [  0.003s]
Finished. Total time: 0.003s
['fastboot', '-s', 'cd0ee037', 'oem', 'debug', 'readq', '0x8008c900']
(bootloader) 0x0000000000000000

OKAY [  0.003s]
Finished. Total time: 0.003s
['fastboot', '-s', 'cd0ee037', 'oem', 'debug', 'readq', '0x8008c908']
(bootloader) 0x0000000000000000

OKAY [  0.003s]
Finished. Total time: 0.003s
['fastboot', '-s', 'cd0ee037', 'oem', 'debug', 'readq', '0x8008c910']
(bootloader) 0x0000000000000000

OKAY [  0.003s]
Finished. Total time: 0.003s
['fastboot', '-s', 'cd0ee037', 'oem', 'debug', 'readq', '0x8008c918']
(bootloader) 0x0000000000000000

OKAY [  0.003s]
Finished. Total time: 0.003s
['fastboot', '-s', 'cd0ee037', 'oem', 'debug', 'readq', '0x8008c920']
(bootloader) 0x0000000000000000

OKAY [  0.003s]
Finished. Total time: 0.003s
['fastboot', '-s', 'cd0ee037', 'oem', 'debug', 'readq', '0x8008c928']
(bootloader) 0x0000000000000000

OKAY [  0.003s]
Finished. Total time: 0.003s
['fastboot', '-s', 'cd0ee037', 'oem', 'debug', 'readq', '0x8008c930']
(bootloader) 0x0000000000000000

OKAY [  0.003s]
Finished. Total time: 0.003s
['fastboot', '-s', 'cd0ee037', 'oem', 'debug', 'readq', '0x8008c938']
(bootloader) 0x0000000000000000

OKAY [  0.003s]
Finished. Total time: 0.003s
['fastboot', '-s', 'cd0ee037', 'oem', 'debug', 'readq', '0x8008c940']
(bootloader) 0x0000000000000000

OKAY [  0.003s]
Finished. Total time: 0.003s
['fastboot', '-s', 'cd0ee037', 'oem', 'debug', 'readq', '0x8008c948']
(bootloader) 0x0000000000000000

OKAY [  0.003s]
Finished. Total time: 0.003s
['fastboot', '-s', 'cd0ee037', 'oem', 'debug', 'readq', '0x8008c950']
(bootloader) 0x0000000000000000

OKAY [  0.003s]
Finished. Total time: 0.003s
['fastboot', '-s', 'cd0ee037', 'oem', 'debug', 'readq', '0x8008c958']
(bootloader) 0x0000000000000000

OKAY [  0.003s]
Finished. Total time: 0.003s
['fastboot', '-s', 'cd0ee037', 'oem', 'debug', 'readq', '0x8008c960']
(bootloader) 0x0000000000000000

OKAY [  0.003s]
Finished. Total time: 0.003s
['fastboot', '-s', 'cd0ee037', 'oem', 'debug', 'readq', '0x8008c968']
(bootloader) 0x0000000000000000

OKAY [  0.003s]
Finished. Total time: 0.003s
['fastboot', '-s', 'cd0ee037', 'oem', 'debug', 'readq', '0x8008c970']
(bootloader) 0x0000000000000000

OKAY [  0.003s]
Finished. Total time: 0.003s
['fastboot', '-s', 'cd0ee037', 'oem', 'debug', 'readq', '0x8008c978']
(bootloader) 0x0000000000000000

OKAY [  0.003s]
Finished. Total time: 0.003s
['fastboot', '-s', 'cd0ee037', 'oem', 'debug', 'readq', '0x8008c980']
(bootloader) 0x0000000000000000

OKAY [  0.003s]
Finished. Total time: 0.003s
['fastboot', '-s', 'cd0ee037', 'oem', 'debug', 'readq', '0x8008c988']
(bootloader) 0x0000000000000000

OKAY [  0.003s]
Finished. Total time: 0.003s
['fastboot', '-s', 'cd0ee037', 'oem', 'debug', 'readq', '0x8008c990']
(bootloader) 0x0000000000000000

OKAY [  0.003s]
Finished. Total time: 0.003s
['fastboot', '-s', 'cd0ee037', 'oem', 'debug', 'readq', '0x8008c998']
(bootloader) 0x0000000000000000

OKAY [  0.003s]
Finished. Total time: 0.003s
['fastboot', '-s', 'cd0ee037', 'oem', 'debug', 'readq', '0x8008c9a0']
(bootloader) 0x0000000000000000

OKAY [  0.003s]
Finished. Total time: 0.003s
['fastboot', '-s', 'cd0ee037', 'oem', 'debug', 'readq', '0x8008c9a8']
(bootloader) 0x0000000000000000

OKAY [  0.003s]
Finished. Total time: 0.003s
['fastboot', '-s', 'cd0ee037', 'oem', 'debug', 'readq', '0x8008c9b0']
(bootloader) 0x0000000000000000

OKAY [  0.003s]
Finished. Total time: 0.003s
['fastboot', '-s', 'cd0ee037', 'oem', 'debug', 'readq', '0x8008c9b8']
(bootloader) 0x0000000000000000

OKAY [  0.003s]
Finished. Total time: 0.003s
['fastboot', '-s', 'cd0ee037', 'oem', 'debug', 'readq', '0x8008c9c0']
(bootloader) 0x0000000000000000

OKAY [  0.003s]
Finished. Total time: 0.003s
['fastboot', '-s', 'cd0ee037', 'oem', 'debug', 'readq', '0x8008c9c8']
(bootloader) 0x0000000000000000

OKAY [  0.003s]
Finished. Total time: 0.003s
['fastboot', '-s', 'cd0ee037', 'oem', 'debug', 'readq', '0x8008c9d0']
(bootloader) 0x0000000000000000

OKAY [  0.003s]
Finished. Total time: 0.003s
['fastboot', '-s', 'cd0ee037', 'oem', 'debug', 'readq', '0x8008c9d8']
(bootloader) 0x0000000000000000

OKAY [  0.003s]
Finished. Total time: 0.003s
['fastboot', '-s', 'cd0ee037', 'oem', 'debug', 'readq', '0x8008c9e0']
(bootloader) 0x0000000000000000

OKAY [  0.003s]
Finished. Total time: 0.003s
['fastboot', '-s', 'cd0ee037', 'oem', 'debug', 'readq', '0x8008c9e8']
(bootloader) 0x0000000000000000

OKAY [  0.003s]
Finished. Total time: 0.003s
['fastboot', '-s', 'cd0ee037', 'oem', 'debug', 'readq', '0x8008c9f0']
(bootloader) 0x0000000000000000

OKAY [  0.003s]
Finished. Total time: 0.003s
['fastboot', '-s', 'cd0ee037', 'oem', 'debug', 'readq', '0x8008c9f8']
(bootloader) 0x0000000000000000

OKAY [  0.003s]
Finished. Total time: 0.003s
['fastboot', '-s', 'cd0ee037', 'oem', 'debug', 'readq', '0x8008ca00']
(bootloader) 0x0000000000000000

OKAY [  0.003s]
Finished. Total time: 0.003s
['fastboot', '-s', 'cd0ee037', 'oem', 'debug', 'readq', '0x8008ca08']
(bootloader) 0x0000000000000000

OKAY [  0.003s]
Finished. Total time: 0.003s
['fastboot', '-s', 'cd0ee037', 'oem', 'debug', 'readq', '0x8008ca10']
(bootloader) 0x0000000000000000

OKAY [  0.003s]
Finished. Total time: 0.003s
['fastboot', '-s', 'cd0ee037', 'oem', 'debug', 'readq', '0x8008ca18']
(bootloader) 0x0000000000000000

OKAY [  0.003s]
Finished. Total time: 0.003s
['fastboot', '-s', 'cd0ee037', 'oem', 'debug', 'readq', '0x8008ca20']
(bootloader) 0x0000000000000000

OKAY [  0.003s]
Finished. Total time: 0.003s
['fastboot', '-s', 'cd0ee037', 'oem', 'debug', 'readq', '0x8008ca28']
(bootloader) 0x0000000000000000

OKAY [  0.003s]
Finished. Total time: 0.003s
['fastboot', '-s', 'cd0ee037', 'oem', 'debug', 'readq', '0x8008ca30']
(bootloader) 0x0000000000000000

OKAY [  0.003s]
Finished. Total time: 0.003s
['fastboot', '-s', 'cd0ee037', 'oem', 'debug', 'readq', '0x8008ca38']
(bootloader) 0x0000000000000000

OKAY [  0.003s]
Finished. Total time: 0.003s
['fastboot', '-s', 'cd0ee037', 'oem', 'debug', 'readq', '0x8008ca40']
(bootloader) 0x0000000000000000

OKAY [  0.003s]
Finished. Total time: 0.003s
['fastboot', '-s', 'cd0ee037', 'oem', 'debug', 'readq', '0x8008ca48']
(bootloader) 0x0000000000000000

OKAY [  0.003s]
Finished. Total time: 0.003s
['fastboot', '-s', 'cd0ee037', 'oem', 'debug', 'readq', '0x8008ca50']
(bootloader) 0x0000000000000000

OKAY [  0.003s]
Finished. Total time: 0.003s
['fastboot', '-s', 'cd0ee037', 'oem', 'debug', 'readq', '0x8008ca58']
(bootloader) 0x0000000000000000

OKAY [  0.003s]
Finished. Total time: 0.003s
['fastboot', '-s', 'cd0ee037', 'oem', 'debug', 'readq', '0x8008ca60']
(bootloader) 0x0000000000000000

OKAY [  0.003s]
Finished. Total time: 0.003s
['fastboot', '-s', 'cd0ee037', 'oem', 'debug', 'readq', '0x8008ca68']
(bootloader) 0x0000000000000000

OKAY [  0.003s]
Finished. Total time: 0.003s
['fastboot', '-s', 'cd0ee037', 'oem', 'debug', 'readq', '0x8008ca70']
(bootloader) 0x0000000000000000

OKAY [  0.003s]
Finished. Total time: 0.003s
['fastboot', '-s', 'cd0ee037', 'oem', 'debug', 'readq', '0x8008ca78']
(bootloader) 0x0000000000000000

OKAY [  0.003s]
Finished. Total time: 0.003s
['fastboot', '-s', 'cd0ee037', 'oem', 'debug', 'readq', '0x8008ca80']
(bootloader) 0x0000000000000000

OKAY [  0.003s]
Finished. Total time: 0.003s
['fastboot', '-s', 'cd0ee037', 'oem', 'debug', 'readq', '0x8008ca88']
(bootloader) 0x0000000000000000

OKAY [  0.003s]
Finished. Total time: 0.003s
['fastboot', '-s', 'cd0ee037', 'oem', 'debug', 'readq', '0x8008ca90']
(bootloader) 0x0000000000000000

OKAY [  0.003s]
Finished. Total time: 0.003s
['fastboot', '-s', 'cd0ee037', 'oem', 'debug', 'readq', '0x8008ca98']
(bootloader) 0x0000000000000000

OKAY [  0.003s]
Finished. Total time: 0.003s
['fastboot', '-s', 'cd0ee037', 'oem', 'debug', 'readq', '0x8008caa0']
(bootloader) 0x0000000000000000

OKAY [  0.003s]
Finished. Total time: 0.003s
['fastboot', '-s', 'cd0ee037', 'oem', 'debug', 'readq', '0x8008caa8']
(bootloader) 0x0000000000000000

OKAY [  0.003s]
Finished. Total time: 0.003s
['fastboot', '-s', 'cd0ee037', 'oem', 'debug', 'readq', '0x8008cab0']
(bootloader) 0x0000000000000000

OKAY [  0.003s]
Finished. Total time: 0.003s
['fastboot', '-s', 'cd0ee037', 'oem', 'debug', 'readq', '0x8008cab8']
(bootloader) 0x0000000000000000

OKAY [  0.003s]
Finished. Total time: 0.003s
['fastboot', '-s', 'cd0ee037', 'oem', 'debug', 'readq', '0x8008cac0']
(bootloader) 0x0000000000000000

OKAY [  0.003s]
Finished. Total time: 0.003s
['fastboot', '-s', 'cd0ee037', 'oem', 'debug', 'readq', '0x8008cac8']
(bootloader) 0x0000000000000000

OKAY [  0.003s]
Finished. Total time: 0.003s
['fastboot', '-s', 'cd0ee037', 'oem', 'debug', 'readq', '0x8008cad0']
(bootloader) 0x0000000000000000

OKAY [  0.003s]
Finished. Total time: 0.003s
['fastboot', '-s', 'cd0ee037', 'oem', 'debug', 'readq', '0x8008cad8']
(bootloader) 0x0000000000000000

OKAY [  0.003s]
Finished. Total time: 0.003s
['fastboot', '-s', 'cd0ee037', 'oem', 'debug', 'readq', '0x8008cae0']
(bootloader) 0x0000000000000000

OKAY [  0.003s]
Finished. Total time: 0.003s
['fastboot', '-s', 'cd0ee037', 'oem', 'debug', 'readq', '0x8008cae8']
(bootloader) 0x0000000000000000

OKAY [  0.003s]
Finished. Total time: 0.003s
['fastboot', '-s', 'cd0ee037', 'oem', 'debug', 'readq', '0x8008caf0']
(bootloader) 0x0000000000000000

OKAY [  0.003s]
Finished. Total time: 0.003s
['fastboot', '-s', 'cd0ee037', 'oem', 'debug', 'readq', '0x8008caf8']
(bootloader) 0x0000000000000000

OKAY [  0.003s]
Finished. Total time: 0.003s
['fastboot', '-s', 'cd0ee037', 'oem', 'debug', 'readq', '0x8008cb00']
(bootloader) 0x0000000000000000

OKAY [  0.003s]
Finished. Total time: 0.003s
['fastboot', '-s', 'cd0ee037', 'oem', 'debug', 'readq', '0x8008cb08']
(bootloader) 0x0000000000000000

OKAY [  0.004s]
Finished. Total time: 0.004s
['fastboot', '-s', 'cd0ee037', 'oem', 'debug', 'readq', '0x8008cb10']
(bootloader) 0x0000000000000000

OKAY [  0.003s]
Finished. Total time: 0.003s
['fastboot', '-s', 'cd0ee037', 'oem', 'debug', 'readq', '0x8008cb18']
(bootloader) 0x0000000000000000

OKAY [  0.003s]
Finished. Total time: 0.003s
['fastboot', '-s', 'cd0ee037', 'oem', 'debug', 'readq', '0x8008cb20']
(bootloader) 0x0000000000000000

OKAY [  0.003s]
Finished. Total time: 0.003s
['fastboot', '-s', 'cd0ee037', 'oem', 'debug', 'readq', '0x8008cb28']
(bootloader) 0x0000000000000000

OKAY [  0.003s]
Finished. Total time: 0.003s
['fastboot', '-s', 'cd0ee037', 'oem', 'debug', 'readq', '0x8008cb30']
(bootloader) 0x0000000000000000

OKAY [  0.003s]
Finished. Total time: 0.003s
['fastboot', '-s', 'cd0ee037', 'oem', 'debug', 'readq', '0x8008cb38']
(bootloader) 0x0000000000000000

OKAY [  0.003s]
Finished. Total time: 0.003s
['fastboot', '-s', 'cd0ee037', 'oem', 'debug', 'readq', '0x8008cb40']
(bootloader) 0x0000000000000000

OKAY [  0.003s]
Finished. Total time: 0.003s
['fastboot', '-s', 'cd0ee037', 'oem', 'debug', 'readq', '0x8008cb48']
(bootloader) 0x0000000000000000

OKAY [  0.003s]
Finished. Total time: 0.003s
['fastboot', '-s', 'cd0ee037', 'oem', 'debug', 'readq', '0x8008cb50']
(bootloader) 0x0000000000000000

OKAY [  0.003s]
Finished. Total time: 0.003s
['fastboot', '-s', 'cd0ee037', 'oem', 'debug', 'readq', '0x8008cb58']
(bootloader) 0x0000000000000000

OKAY [  0.003s]
Finished. Total time: 0.003s
['fastboot', '-s', 'cd0ee037', 'oem', 'debug', 'readq', '0x8008cb60']
(bootloader) 0x0000000000000000

OKAY [  0.003s]
Finished. Total time: 0.003s
['fastboot', '-s', 'cd0ee037', 'oem', 'debug', 'readq', '0x8008cb68']
(bootloader) 0x0000000000000000

OKAY [  0.003s]
Finished. Total time: 0.003s
['fastboot', '-s', 'cd0ee037', 'oem', 'debug', 'readq', '0x8008cb70']
(bootloader) 0x0000000000000000

OKAY [  0.003s]
Finished. Total time: 0.003s
['fastboot', '-s', 'cd0ee037', 'oem', 'debug', 'readq', '0x8008cb78']
(bootloader) 0x0000000000000000

OKAY [  0.003s]
Finished. Total time: 0.003s
['fastboot', '-s', 'cd0ee037', 'oem', 'debug', 'readq', '0x8008cb80']
(bootloader) 0x0000000000000000

OKAY [  0.003s]
Finished. Total time: 0.003s
['fastboot', '-s', 'cd0ee037', 'oem', 'debug', 'readq', '0x8008cb88']
(bootloader) 0x0000000000000000

OKAY [  0.003s]
Finished. Total time: 0.003s
['fastboot', '-s', 'cd0ee037', 'oem', 'debug', 'readq', '0x8008cb90']
(bootloader) 0x0000000000000000

OKAY [  0.003s]
Finished. Total time: 0.003s
['fastboot', '-s', 'cd0ee037', 'oem', 'debug', 'readq', '0x8008cb98']
(bootloader) 0x0000000000000000

OKAY [  0.003s]
Finished. Total time: 0.003s
['fastboot', '-s', 'cd0ee037', 'oem', 'debug', 'readq', '0x8008cba0']
(bootloader) 0x0000000000000000

OKAY [  0.003s]
Finished. Total time: 0.003s
['fastboot', '-s', 'cd0ee037', 'oem', 'debug', 'readq', '0x8008cba8']
(bootloader) 0x0000000000000000

OKAY [  0.003s]
Finished. Total time: 0.003s
['fastboot', '-s', 'cd0ee037', 'oem', 'debug', 'readq', '0x8008cbb0']
(bootloader) 0x0000000000000000

OKAY [  0.003s]
Finished. Total time: 0.003s
['fastboot', '-s', 'cd0ee037', 'oem', 'debug', 'readq', '0x8008cbb8']
(bootloader) 0x0000000000000000

OKAY [  0.004s]
Finished. Total time: 0.004s
['fastboot', '-s', 'cd0ee037', 'oem', 'debug', 'readq', '0x8008cbc0']
(bootloader) 0x0000000000000000

OKAY [  0.003s]
Finished. Total time: 0.003s
['fastboot', '-s', 'cd0ee037', 'oem', 'debug', 'readq', '0x8008cbc8']
(bootloader) 0x0000000000000000

OKAY [  0.003s]
Finished. Total time: 0.003s
['fastboot', '-s', 'cd0ee037', 'oem', 'debug', 'readq', '0x8008cbd0']
(bootloader) 0x0000000000000000

OKAY [  0.003s]
Finished. Total time: 0.003s
['fastboot', '-s', 'cd0ee037', 'oem', 'debug', 'readq', '0x8008cbd8']
(bootloader) 0x0000000000000000

OKAY [  0.003s]
Finished. Total time: 0.003s
['fastboot', '-s', 'cd0ee037', 'oem', 'debug', 'readq', '0x8008cbe0']
(bootloader) 0x0000000000000000

OKAY [  0.003s]
Finished. Total time: 0.003s
['fastboot', '-s', 'cd0ee037', 'oem', 'debug', 'readq', '0x8008cbe8']
(bootloader) 0x0000000000000000

OKAY [  0.003s]
Finished. Total time: 0.003s
['fastboot', '-s', 'cd0ee037', 'oem', 'debug', 'readq', '0x8008cbf0']
(bootloader) 0x0000000000000000

OKAY [  0.003s]
Finished. Total time: 0.003s
['fastboot', '-s', 'cd0ee037', 'oem', 'debug', 'readq', '0x8008cbf8']
(bootloader) 0x0000000000000000

OKAY [  0.003s]
Finished. Total time: 0.003s
['fastboot', '-s', 'cd0ee037', 'oem', 'debug', 'readq', '0x8008cc00']
(bootloader) 0x0000000000000000

OKAY [  0.003s]
Finished. Total time: 0.003s
['fastboot', '-s', 'cd0ee037', 'oem', 'debug', 'readq', '0x8008cc08']
(bootloader) 0x0000000000000000

OKAY [  0.003s]
Finished. Total time: 0.003s
['fastboot', '-s', 'cd0ee037', 'oem', 'debug', 'readq', '0x8008cc10']
(bootloader) 0x0000000000000000

OKAY [  0.003s]
Finished. Total time: 0.003s
['fastboot', '-s', 'cd0ee037', 'oem', 'debug', 'readq', '0x8008cc18']
(bootloader) 0x0000000000000000

OKAY [  0.003s]
Finished. Total time: 0.003s
['fastboot', '-s', 'cd0ee037', 'oem', 'debug', 'readq', '0x8008cc20']
(bootloader) 0x0000000000000000

OKAY [  0.003s]
Finished. Total time: 0.003s
['fastboot', '-s', 'cd0ee037', 'oem', 'debug', 'readq', '0x8008cc28']
(bootloader) 0x0000000000000000

OKAY [  0.003s]
Finished. Total time: 0.003s
['fastboot', '-s', 'cd0ee037', 'oem', 'debug', 'readq', '0x8008cc30']
(bootloader) 0x0000000000000000

OKAY [  0.003s]
Finished. Total time: 0.003s
['fastboot', '-s', 'cd0ee037', 'oem', 'debug', 'readq', '0x8008cc38']
(bootloader) 0x0000000000000000

OKAY [  0.003s]
Finished. Total time: 0.003s
['fastboot', '-s', 'cd0ee037', 'oem', 'debug', 'readq', '0x8008cc40']
(bootloader) 0x0000000000000000

OKAY [  0.003s]
Finished. Total time: 0.003s
['fastboot', '-s', 'cd0ee037', 'oem', 'debug', 'readq', '0x8008cc48']
(bootloader) 0x0000000000000000

OKAY [  0.003s]
Finished. Total time: 0.003s
['fastboot', '-s', 'cd0ee037', 'oem', 'debug', 'readq', '0x8008cc50']
(bootloader) 0x0000000000000000

OKAY [  0.004s]
Finished. Total time: 0.004s
['fastboot', '-s', 'cd0ee037', 'oem', 'debug', 'readq', '0x8008cc58']
(bootloader) 0x0000000000000000

OKAY [  0.003s]
Finished. Total time: 0.003s
['fastboot', '-s', 'cd0ee037', 'oem', 'debug', 'readq', '0x8008cc60']
(bootloader) 0x0000000000000000

OKAY [  0.003s]
Finished. Total time: 0.003s
['fastboot', '-s', 'cd0ee037', 'oem', 'debug', 'readq', '0x8008cc68']
(bootloader) 0x0000000000000000

OKAY [  0.003s]
Finished. Total time: 0.003s
['fastboot', '-s', 'cd0ee037', 'oem', 'debug', 'readq', '0x8008cc70']
(bootloader) 0x0000000000000000

OKAY [  0.003s]
Finished. Total time: 0.003s
['fastboot', '-s', 'cd0ee037', 'oem', 'debug', 'readq', '0x8008cc78']
(bootloader) 0x0000000000000000

OKAY [  0.003s]
Finished. Total time: 0.003s
['fastboot', '-s', 'cd0ee037', 'oem', 'debug', 'readq', '0x8008cc80']
(bootloader) 0x0000000000000000

OKAY [  0.003s]
Finished. Total time: 0.003s
['fastboot', '-s', 'cd0ee037', 'oem', 'debug', 'readq', '0x8008cc88']
(bootloader) 0x0000000000000000

OKAY [  0.003s]
Finished. Total time: 0.003s
['fastboot', '-s', 'cd0ee037', 'oem', 'debug', 'readq', '0x8008cc90']
(bootloader) 0x0000000000000000

OKAY [  0.003s]
Finished. Total time: 0.003s
['fastboot', '-s', 'cd0ee037', 'oem', 'debug', 'readq', '0x8008cc98']
(bootloader) 0x0000000000000000

OKAY [  0.003s]
Finished. Total time: 0.003s
['fastboot', '-s', 'cd0ee037', 'oem', 'debug', 'readq', '0x8008cca0']
(bootloader) 0x0000000000000000

OKAY [  0.003s]
Finished. Total time: 0.003s
['fastboot', '-s', 'cd0ee037', 'oem', 'debug', 'readq', '0x8008cca8']
(bootloader) 0x0000000000000000

OKAY [  0.003s]
Finished. Total time: 0.003s
['fastboot', '-s', 'cd0ee037', 'oem', 'debug', 'readq', '0x8008ccb0']
(bootloader) 0x0000000000000000

OKAY [  0.003s]
Finished. Total time: 0.003s
['fastboot', '-s', 'cd0ee037', 'oem', 'debug', 'readq', '0x8008ccb8']
(bootloader) 0x0000000000000000

OKAY [  0.003s]
Finished. Total time: 0.003s
['fastboot', '-s', 'cd0ee037', 'oem', 'debug', 'readq', '0x8008ccc0']
(bootloader) 0x0000000000000000

OKAY [  0.003s]
Finished. Total time: 0.003s
['fastboot', '-s', 'cd0ee037', 'oem', 'debug', 'readq', '0x8008ccc8']
(bootloader) 0x0000000000000000

OKAY [  0.003s]
Finished. Total time: 0.003s
['fastboot', '-s', 'cd0ee037', 'oem', 'debug', 'readq', '0x8008ccd0']
(bootloader) 0x0000000000000000

OKAY [  0.003s]
Finished. Total time: 0.003s
['fastboot', '-s', 'cd0ee037', 'oem', 'debug', 'readq', '0x8008ccd8']
(bootloader) 0x0000000000000000

OKAY [  0.003s]
Finished. Total time: 0.003s
['fastboot', '-s', 'cd0ee037', 'oem', 'debug', 'readq', '0x8008cce0']
(bootloader) 0x0000000000000000

OKAY [  0.003s]
Finished. Total time: 0.003s
['fastboot', '-s', 'cd0ee037', 'oem', 'debug', 'readq', '0x8008cce8']
(bootloader) 0x0000000000000000

OKAY [  0.003s]
Finished. Total time: 0.003s
['fastboot', '-s', 'cd0ee037', 'oem', 'debug', 'readq', '0x8008ccf0']
(bootloader) 0x0000000000000000

OKAY [  0.003s]
Finished. Total time: 0.003s
['fastboot', '-s', 'cd0ee037', 'oem', 'debug', 'readq', '0x8008ccf8']
(bootloader) 0x0000000000000000

OKAY [  0.003s]
Finished. Total time: 0.003s
['fastboot', '-s', 'cd0ee037', 'oem', 'debug', 'readq', '0x8008cd00']
(bootloader) 0x0000000000000000

OKAY [  0.003s]
Finished. Total time: 0.003s
['fastboot', '-s', 'cd0ee037', 'oem', 'debug', 'readq', '0x8008cd08']
(bootloader) 0x0000000000000000

OKAY [  0.003s]
Finished. Total time: 0.003s
['fastboot', '-s', 'cd0ee037', 'oem', 'debug', 'readq', '0x8008cd10']
(bootloader) 0x0000000000000000

OKAY [  0.003s]
Finished. Total time: 0.003s
['fastboot', '-s', 'cd0ee037', 'oem', 'debug', 'readq', '0x8008cd18']
(bootloader) 0x0000000000000000

OKAY [  0.003s]
Finished. Total time: 0.003s
['fastboot', '-s', 'cd0ee037', 'oem', 'debug', 'readq', '0x8008cd20']
(bootloader) 0x0000000000000000

OKAY [  0.003s]
Finished. Total time: 0.003s
['fastboot', '-s', 'cd0ee037', 'oem', 'debug', 'readq', '0x8008cd28']
(bootloader) 0x0000000000000000

OKAY [  0.003s]
Finished. Total time: 0.003s
['fastboot', '-s', 'cd0ee037', 'oem', 'debug', 'readq', '0x8008cd30']
(bootloader) 0x0000000000000000

OKAY [  0.003s]
Finished. Total time: 0.003s
['fastboot', '-s', 'cd0ee037', 'oem', 'debug', 'readq', '0x8008cd38']
(bootloader) 0x0000000000000000

OKAY [  0.003s]
Finished. Total time: 0.003s
['fastboot', '-s', 'cd0ee037', 'oem', 'debug', 'readq', '0x8008cd40']
(bootloader) 0x0000000000000000

OKAY [  0.003s]
Finished. Total time: 0.003s
['fastboot', '-s', 'cd0ee037', 'oem', 'debug', 'readq', '0x8008cd48']
(bootloader) 0x0000000000000000

OKAY [  0.003s]
Finished. Total time: 0.003s
['fastboot', '-s', 'cd0ee037', 'oem', 'debug', 'readq', '0x8008cd50']
(bootloader) 0x0000000000000000

OKAY [  0.003s]
Finished. Total time: 0.003s
['fastboot', '-s', 'cd0ee037', 'oem', 'debug', 'readq', '0x8008cd58']
(bootloader) 0x0000000000000000

OKAY [  0.003s]
Finished. Total time: 0.003s
['fastboot', '-s', 'cd0ee037', 'oem', 'debug', 'readq', '0x8008cd60']
(bootloader) 0x0000000000000000

OKAY [  0.003s]
Finished. Total time: 0.003s
['fastboot', '-s', 'cd0ee037', 'oem', 'debug', 'readq', '0x8008cd68']
(bootloader) 0x0000000000000000

OKAY [  0.003s]
Finished. Total time: 0.003s
['fastboot', '-s', 'cd0ee037', 'oem', 'debug', 'readq', '0x8008cd70']
(bootloader) 0x0000000000000000

OKAY [  0.003s]
Finished. Total time: 0.003s
['fastboot', '-s', 'cd0ee037', 'oem', 'debug', 'readq', '0x8008cd78']
(bootloader) 0x0000000000000000

OKAY [  0.003s]
Finished. Total time: 0.003s
['fastboot', '-s', 'cd0ee037', 'oem', 'debug', 'readq', '0x8008cd80']
(bootloader) 0x0000000000000000

OKAY [  0.003s]
Finished. Total time: 0.003s
['fastboot', '-s', 'cd0ee037', 'oem', 'debug', 'readq', '0x8008cd88']
(bootloader) 0x0000000000000000

OKAY [  0.003s]
Finished. Total time: 0.003s
['fastboot', '-s', 'cd0ee037', 'oem', 'debug', 'readq', '0x8008cd90']
(bootloader) 0x0000000000000000

OKAY [  0.003s]
Finished. Total time: 0.003s
['fastboot', '-s', 'cd0ee037', 'oem', 'debug', 'readq', '0x8008cd98']
(bootloader) 0x0000000000000000

OKAY [  0.003s]
Finished. Total time: 0.003s
['fastboot', '-s', 'cd0ee037', 'oem', 'debug', 'readq', '0x8008cda0']
(bootloader) 0x0000000000000000

OKAY [  0.003s]
Finished. Total time: 0.003s
['fastboot', '-s', 'cd0ee037', 'oem', 'debug', 'readq', '0x8008cda8']
(bootloader) 0x0000000000000000

OKAY [  0.003s]
Finished. Total time: 0.003s
['fastboot', '-s', 'cd0ee037', 'oem', 'debug', 'readq', '0x8008cdb0']
(bootloader) 0x0000000000000000

OKAY [  0.003s]
Finished. Total time: 0.003s
['fastboot', '-s', 'cd0ee037', 'oem', 'debug', 'readq', '0x8008cdb8']
(bootloader) 0x0000000000000000

OKAY [  0.003s]
Finished. Total time: 0.003s
['fastboot', '-s', 'cd0ee037', 'oem', 'debug', 'readq', '0x8008cdc0']
(bootloader) 0x0000000000000000

OKAY [  0.003s]
Finished. Total time: 0.003s
['fastboot', '-s', 'cd0ee037', 'oem', 'debug', 'readq', '0x8008cdc8']
(bootloader) 0x0000000000000000

OKAY [  0.003s]
Finished. Total time: 0.003s
['fastboot', '-s', 'cd0ee037', 'oem', 'debug', 'readq', '0x8008cdd0']
(bootloader) 0x0000000000000000

OKAY [  0.003s]
Finished. Total time: 0.003s
['fastboot', '-s', 'cd0ee037', 'oem', 'debug', 'readq', '0x8008cdd8']
(bootloader) 0x0000000000000000

OKAY [  0.003s]
Finished. Total time: 0.003s
['fastboot', '-s', 'cd0ee037', 'oem', 'debug', 'readq', '0x8008cde0']
(bootloader) 0x0000000000000000

OKAY [  0.003s]
Finished. Total time: 0.003s
['fastboot', '-s', 'cd0ee037', 'oem', 'debug', 'readq', '0x8008cde8']
(bootloader) 0x0000000000000000

OKAY [  0.003s]
Finished. Total time: 0.003s
['fastboot', '-s', 'cd0ee037', 'oem', 'debug', 'readq', '0x8008cdf0']
(bootloader) 0x0000000000000000

OKAY [  0.003s]
Finished. Total time: 0.003s
['fastboot', '-s', 'cd0ee037', 'oem', 'debug', 'readq', '0x8008cdf8']
(bootloader) 0x0000000000000000

OKAY [  0.003s]
Finished. Total time: 0.003s
['fastboot', '-s', 'cd0ee037', 'oem', 'debug', 'readq', '0x8008ce00']
(bootloader) 0x0000000000000000

OKAY [  0.003s]
Finished. Total time: 0.003s
['fastboot', '-s', 'cd0ee037', 'oem', 'debug', 'readq', '0x8008ce08']
(bootloader) 0x0000000000000000

OKAY [  0.003s]
Finished. Total time: 0.003s
['fastboot', '-s', 'cd0ee037', 'oem', 'debug', 'readq', '0x8008ce10']
(bootloader) 0x0000000000000000

OKAY [  0.003s]
Finished. Total time: 0.003s
['fastboot', '-s', 'cd0ee037', 'oem', 'debug', 'readq', '0x8008ce18']
(bootloader) 0x0000000000000000

OKAY [  0.003s]
Finished. Total time: 0.003s
['fastboot', '-s', 'cd0ee037', 'oem', 'debug', 'readq', '0x8008ce20']
(bootloader) 0x0000000000000000

OKAY [  0.003s]
Finished. Total time: 0.003s
['fastboot', '-s', 'cd0ee037', 'oem', 'debug', 'readq', '0x8008ce28']
(bootloader) 0x0000000000000000

OKAY [  0.003s]
Finished. Total time: 0.003s
['fastboot', '-s', 'cd0ee037', 'oem', 'debug', 'readq', '0x8008ce30']
(bootloader) 0x0000000000000000

OKAY [  0.003s]
Finished. Total time: 0.003s
['fastboot', '-s', 'cd0ee037', 'oem', 'debug', 'readq', '0x8008ce38']
(bootloader) 0x0000000000000000

OKAY [  0.003s]
Finished. Total time: 0.003s
['fastboot', '-s', 'cd0ee037', 'oem', 'debug', 'readq', '0x8008ce40']
(bootloader) 0x0000000000000000

OKAY [  0.003s]
Finished. Total time: 0.003s
['fastboot', '-s', 'cd0ee037', 'oem', 'debug', 'readq', '0x8008ce48']
(bootloader) 0x0000000000000000

OKAY [  0.003s]
Finished. Total time: 0.003s
['fastboot', '-s', 'cd0ee037', 'oem', 'debug', 'readq', '0x8008ce50']
(bootloader) 0x0000000000000000

OKAY [  0.003s]
Finished. Total time: 0.003s
['fastboot', '-s', 'cd0ee037', 'oem', 'debug', 'readq', '0x8008ce58']
(bootloader) 0x0000000000000000

OKAY [  0.003s]
Finished. Total time: 0.003s
['fastboot', '-s', 'cd0ee037', 'oem', 'debug', 'readq', '0x8008ce60']
(bootloader) 0x0000000000000000

OKAY [  0.003s]
Finished. Total time: 0.003s
['fastboot', '-s', 'cd0ee037', 'oem', 'debug', 'readq', '0x8008ce68']
(bootloader) 0x0000000000000000

OKAY [  0.003s]
Finished. Total time: 0.003s
['fastboot', '-s', 'cd0ee037', 'oem', 'debug', 'readq', '0x8008ce70']
(bootloader) 0x0000000000000000

OKAY [  0.003s]
Finished. Total time: 0.003s
['fastboot', '-s', 'cd0ee037', 'oem', 'debug', 'readq', '0x8008ce78']
(bootloader) 0x0000000000000000

OKAY [  0.003s]
Finished. Total time: 0.003s
['fastboot', '-s', 'cd0ee037', 'oem', 'debug', 'readq', '0x8008ce80']
(bootloader) 0x0000000000000000

OKAY [  0.003s]
Finished. Total time: 0.003s
['fastboot', '-s', 'cd0ee037', 'oem', 'debug', 'readq', '0x8008ce88']
(bootloader) 0x0000000000000000

OKAY [  0.003s]
Finished. Total time: 0.003s
['fastboot', '-s', 'cd0ee037', 'oem', 'debug', 'readq', '0x8008ce90']
(bootloader) 0x0000000000000000

OKAY [  0.003s]
Finished. Total time: 0.003s
['fastboot', '-s', 'cd0ee037', 'oem', 'debug', 'readq', '0x8008ce98']
(bootloader) 0x0000000000000000

OKAY [  0.003s]
Finished. Total time: 0.003s
['fastboot', '-s', 'cd0ee037', 'oem', 'debug', 'readq', '0x8008cea0']
(bootloader) 0x0000000000000000

OKAY [  0.003s]
Finished. Total time: 0.003s
['fastboot', '-s', 'cd0ee037', 'oem', 'debug', 'readq', '0x8008cea8']
(bootloader) 0x0000000000000000

OKAY [  0.003s]
Finished. Total time: 0.003s
['fastboot', '-s', 'cd0ee037', 'oem', 'debug', 'readq', '0x8008ceb0']
(bootloader) 0x0000000000000000

OKAY [  0.003s]
Finished. Total time: 0.003s
['fastboot', '-s', 'cd0ee037', 'oem', 'debug', 'readq', '0x8008ceb8']
(bootloader) 0x0000000000000000

OKAY [  0.003s]
Finished. Total time: 0.003s
['fastboot', '-s', 'cd0ee037', 'oem', 'debug', 'readq', '0x8008cec0']
(bootloader) 0x0000000000000000

OKAY [  0.003s]
Finished. Total time: 0.003s
['fastboot', '-s', 'cd0ee037', 'oem', 'debug', 'readq', '0x8008cec8']
(bootloader) 0x0000000000000000

OKAY [  0.003s]
Finished. Total time: 0.003s
['fastboot', '-s', 'cd0ee037', 'oem', 'debug', 'readq', '0x8008ced0']
(bootloader) 0x0000000000000000

OKAY [  0.003s]
Finished. Total time: 0.003s
['fastboot', '-s', 'cd0ee037', 'oem', 'debug', 'readq', '0x8008ced8']
(bootloader) 0x0000000000000000

OKAY [  0.003s]
Finished. Total time: 0.003s
['fastboot', '-s', 'cd0ee037', 'oem', 'debug', 'readq', '0x8008cee0']
(bootloader) 0x0000000000000000

OKAY [  0.003s]
Finished. Total time: 0.003s
['fastboot', '-s', 'cd0ee037', 'oem', 'debug', 'readq', '0x8008cee8']
(bootloader) 0x0000000000000000

OKAY [  0.003s]
Finished. Total time: 0.003s
['fastboot', '-s', 'cd0ee037', 'oem', 'debug', 'readq', '0x8008cef0']
(bootloader) 0x0000000000000000

OKAY [  0.003s]
Finished. Total time: 0.003s
['fastboot', '-s', 'cd0ee037', 'oem', 'debug', 'readq', '0x8008cef8']
(bootloader) 0x0000000000000000

OKAY [  0.003s]
Finished. Total time: 0.003s
['fastboot', '-s', 'cd0ee037', 'oem', 'debug', 'readq', '0x8008cf00']
(bootloader) 0x0000000000000000

OKAY [  0.003s]
Finished. Total time: 0.003s
['fastboot', '-s', 'cd0ee037', 'oem', 'debug', 'readq', '0x8008cf08']
(bootloader) 0x0000000000000000

OKAY [  0.003s]
Finished. Total time: 0.003s
['fastboot', '-s', 'cd0ee037', 'oem', 'debug', 'readq', '0x8008cf10']
(bootloader) 0x0000000000000000

OKAY [  0.003s]
Finished. Total time: 0.003s
['fastboot', '-s', 'cd0ee037', 'oem', 'debug', 'readq', '0x8008cf18']
(bootloader) 0x0000000000000000

OKAY [  0.003s]
Finished. Total time: 0.003s
['fastboot', '-s', 'cd0ee037', 'oem', 'debug', 'readq', '0x8008cf20']
(bootloader) 0x0000000000000000

OKAY [  0.003s]
Finished. Total time: 0.003s
['fastboot', '-s', 'cd0ee037', 'oem', 'debug', 'readq', '0x8008cf28']
(bootloader) 0x0000000000000000

OKAY [  0.003s]
Finished. Total time: 0.003s
['fastboot', '-s', 'cd0ee037', 'oem', 'debug', 'readq', '0x8008cf30']
(bootloader) 0x0000000000000000

OKAY [  0.003s]
Finished. Total time: 0.003s
['fastboot', '-s', 'cd0ee037', 'oem', 'debug', 'readq', '0x8008cf38']
(bootloader) 0x0000000000000000

OKAY [  0.003s]
Finished. Total time: 0.003s
['fastboot', '-s', 'cd0ee037', 'oem', 'debug', 'readq', '0x8008cf40']
(bootloader) 0x0000000000000000

OKAY [  0.003s]
Finished. Total time: 0.003s
['fastboot', '-s', 'cd0ee037', 'oem', 'debug', 'readq', '0x8008cf48']
(bootloader) 0x0000000000000000

OKAY [  0.003s]
Finished. Total time: 0.003s
['fastboot', '-s', 'cd0ee037', 'oem', 'debug', 'readq', '0x8008cf50']
(bootloader) 0x0000000000000000

OKAY [  0.003s]
Finished. Total time: 0.003s
['fastboot', '-s', 'cd0ee037', 'oem', 'debug', 'readq', '0x8008cf58']
(bootloader) 0x0000000000000000

OKAY [  0.003s]
Finished. Total time: 0.003s
['fastboot', '-s', 'cd0ee037', 'oem', 'debug', 'readq', '0x8008cf60']
(bootloader) 0x0000000000000000

OKAY [  0.003s]
Finished. Total time: 0.003s
['fastboot', '-s', 'cd0ee037', 'oem', 'debug', 'readq', '0x8008cf68']
(bootloader) 0x0000000000000000

OKAY [  0.003s]
Finished. Total time: 0.003s
['fastboot', '-s', 'cd0ee037', 'oem', 'debug', 'readq', '0x8008cf70']
(bootloader) 0x0000000000000000

OKAY [  0.003s]
Finished. Total time: 0.003s
['fastboot', '-s', 'cd0ee037', 'oem', 'debug', 'readq', '0x8008cf78']
(bootloader) 0x0000000000000000

OKAY [  0.003s]
Finished. Total time: 0.003s
['fastboot', '-s', 'cd0ee037', 'oem', 'debug', 'readq', '0x8008cf80']
(bootloader) 0x0000000000000000

OKAY [  0.003s]
Finished. Total time: 0.003s
['fastboot', '-s', 'cd0ee037', 'oem', 'debug', 'readq', '0x8008cf88']
(bootloader) 0x0000000000000000

OKAY [  0.003s]
Finished. Total time: 0.003s
['fastboot', '-s', 'cd0ee037', 'oem', 'debug', 'readq', '0x8008cf90']
(bootloader) 0x0000000000000000

OKAY [  0.003s]
Finished. Total time: 0.003s
['fastboot', '-s', 'cd0ee037', 'oem', 'debug', 'readq', '0x8008cf98']
(bootloader) 0x0000000000000000

OKAY [  0.003s]
Finished. Total time: 0.003s
['fastboot', '-s', 'cd0ee037', 'oem', 'debug', 'readq', '0x8008cfa0']
(bootloader) 0x0000000000000000

OKAY [  0.003s]
Finished. Total time: 0.003s
['fastboot', '-s', 'cd0ee037', 'oem', 'debug', 'readq', '0x8008cfa8']
(bootloader) 0x0000000000000000

OKAY [  0.003s]
Finished. Total time: 0.003s
['fastboot', '-s', 'cd0ee037', 'oem', 'debug', 'readq', '0x8008cfb0']
(bootloader) 0x0000000000000000

OKAY [  0.003s]
Finished. Total time: 0.003s
['fastboot', '-s', 'cd0ee037', 'oem', 'debug', 'readq', '0x8008cfb8']
(bootloader) 0x0000000000000000

OKAY [  0.003s]
Finished. Total time: 0.003s
['fastboot', '-s', 'cd0ee037', 'oem', 'debug', 'readq', '0x8008cfc0']
(bootloader) 0x0000000000000000

OKAY [  0.003s]
Finished. Total time: 0.003s
['fastboot', '-s', 'cd0ee037', 'oem', 'debug', 'readq', '0x8008cfc8']
(bootloader) 0x0000000000000000

OKAY [  0.003s]
Finished. Total time: 0.003s
['fastboot', '-s', 'cd0ee037', 'oem', 'debug', 'readq', '0x8008cfd0']
(bootloader) 0x0000000000000000

OKAY [  0.003s]
Finished. Total time: 0.003s
['fastboot', '-s', 'cd0ee037', 'oem', 'debug', 'readq', '0x8008cfd8']
(bootloader) 0x0000000000000000

OKAY [  0.003s]
Finished. Total time: 0.003s
['fastboot', '-s', 'cd0ee037', 'oem', 'debug', 'readq', '0x8008cfe0']
(bootloader) 0x0000000000000000

OKAY [  0.004s]
Finished. Total time: 0.004s
['fastboot', '-s', 'cd0ee037', 'oem', 'debug', 'readq', '0x8008cfe8']
(bootloader) 0x0000000000000000

OKAY [  0.003s]
Finished. Total time: 0.003s
['fastboot', '-s', 'cd0ee037', 'oem', 'debug', 'readq', '0x8008cff0']
(bootloader) 0x0000000000000000

OKAY [  0.003s]
Finished. Total time: 0.003s
['fastboot', '-s', 'cd0ee037', 'oem', 'debug', 'readq', '0x8008cff8']
(bootloader) 0x0000000000000000

OKAY [  0.003s]
Finished. Total time: 0.003s
['fastboot', '-s', 'cd0ee037', 'oem', 'debug', 'readq', '0x8008d000']
(bootloader) 0x3105434050544010

OKAY [  0.003s]
Finished. Total time: 0.003s
['fastboot', '-s', 'cd0ee037', 'oem', 'debug', 'readq', '0x8008d008']
(bootloader) 0x0000000000000005

OKAY [  0.003s]
Finished. Total time: 0.003s
['fastboot', '-s', 'cd0ee037', 'oem', 'debug', 'readq', '0x8008d010']
(bootloader) 0x0000000000000042

OKAY [  0.003s]
Finished. Total time: 0.003s
['fastboot', '-s', 'cd0ee037', 'oem', 'debug', 'readq', '0x8008d018']
(bootloader) 0x0000000001c00000

OKAY [  0.003s]
Finished. Total time: 0.003s
['fastboot', '-s', 'cd0ee037', 'oem', 'debug', 'readq', '0x8008d020']
(bootloader) 0x0000000000000004

OKAY [  0.003s]
Finished. Total time: 0.003s
['fastboot', '-s', 'cd0ee037', 'oem', 'debug', 'readq', '0x8008d028']
(bootloader) 0x0000000000c00800

OKAY [  0.003s]
Finished. Total time: 0.003s
['fastboot', '-s', 'cd0ee037', 'oem', 'debug', 'readq', '0x8008d030']
(bootloader) 0x0000000000000000

OKAY [  0.003s]
Finished. Total time: 0.003s
['fastboot', '-s', 'cd0ee037', 'oem', 'debug', 'readq', '0x8008d038']
(bootloader) 0x0000000000000000

OKAY [  0.003s]
Finished. Total time: 0.003s
['fastboot', '-s', 'cd0ee037', 'oem', 'debug', 'readq', '0x8008d040']
(bootloader) 0x0000000000000000

OKAY [  0.003s]
Finished. Total time: 0.003s
['fastboot', '-s', 'cd0ee037', 'oem', 'debug', 'readq', '0x8008d048']
(bootloader) 0xb95500b3a2014ac2

OKAY [  0.003s]
Finished. Total time: 0.003s
['fastboot', '-s', 'cd0ee037', 'oem', 'debug', 'readq', '0x8008d050']
(bootloader) 0x0000000000000000

OKAY [  0.003s]
Finished. Total time: 0.003s
['fastboot', '-s', 'cd0ee037', 'oem', 'debug', 'readq', '0x8008d058']
(bootloader) 0x0000000000000000

OKAY [  0.003s]
Finished. Total time: 0.003s
['fastboot', '-s', 'cd0ee037', 'oem', 'debug', 'readq', '0x8008d060']
(bootloader) 0x0000000000000000

OKAY [  0.003s]
Finished. Total time: 0.003s
['fastboot', '-s', 'cd0ee037', 'oem', 'debug', 'readq', '0x8008d068']
(bootloader) 0x0000000000000000

OKAY [  0.003s]
Finished. Total time: 0.003s
['fastboot', '-s', 'cd0ee037', 'oem', 'debug', 'readq', '0x8008d070']
(bootloader) 0x0000000000000000

OKAY [  0.003s]
Finished. Total time: 0.003s
['fastboot', '-s', 'cd0ee037', 'oem', 'debug', 'readq', '0x8008d078']
(bootloader) 0x0000000000000000

OKAY [  0.003s]
Finished. Total time: 0.003s
['fastboot', '-s', 'cd0ee037', 'oem', 'debug', 'readq', '0x8008d080']
(bootloader) 0x20323129306c736c

OKAY [  0.003s]
Finished. Total time: 0.003s
['fastboot', '-s', 'cd0ee037', 'oem', 'debug', 'readq', '0x8008d088']
(bootloader) 0x0d546f6762657240

OKAY [  0.003s]
Finished. Total time: 0.003s
['fastboot', '-s', 'cd0ee037', 'oem', 'debug', 'readq', '0x8008d090']
(bootloader) 0x70746169616f6002

OKAY [  0.003s]
Finished. Total time: 0.003s
['fastboot', '-s', 'cd0ee037', 'oem', 'debug', 'readq', '0x8008d098']
(bootloader) 0x020d744f6e626572

OKAY [  0.003s]
Finished. Total time: 0.003s
['fastboot', '-s', 'cd0ee037', 'oem', 'debug', 'readq', '0x8008d0a0']
(bootloader) 0x052b620f700a0d05

OKAY [  0.004s]
Finished. Total time: 0.004s
['fastboot', '-s', 'cd0ee037', 'oem', 'debug', 'readq', '0x8008d0a8']
(bootloader) 0x706f656264727064

OKAY [  0.003s]
Finished. Total time: 0.003s
['fastboot', '-s', 'cd0ee037', 'oem', 'debug', 'readq', '0x8008d0b0']
(bootloader) 0x416020606162001a

OKAY [  0.003s]
Finished. Total time: 0.003s
['fastboot', '-s', 'cd0ee037', 'oem', 'debug', 'readq', '0x8008d0b8']
(bootloader) 0x0a050c64216e6c79

OKAY [  0.003s]
Finished. Total time: 0.003s
['fastboot', '-s', 'cd0ee037', 'oem', 'debug', 'readq', '0x8008d0c0']
(bootloader) 0x0000000000000a0d

OKAY [  0.003s]
Finished. Total time: 0.003s
['fastboot', '-s', 'cd0ee037', 'oem', 'debug', 'readq', '0x8008d0c8']
(bootloader) 0x0000000000000000

OKAY [  0.003s]
Finished. Total time: 0.003s
['fastboot', '-s', 'cd0ee037', 'oem', 'debug', 'readq', '0x8008d0d0']
(bootloader) 0x0000000000000000

OKAY [  0.003s]
Finished. Total time: 0.003s
['fastboot', '-s', 'cd0ee037', 'oem', 'debug', 'readq', '0x8008d0d8']
(bootloader) 0x0000000000000000

OKAY [  0.003s]
Finished. Total time: 0.003s
['fastboot', '-s', 'cd0ee037', 'oem', 'debug', 'readq', '0x8008d0e0']
(bootloader) 0x0000000000000000

OKAY [  0.003s]
Finished. Total time: 0.003s
['fastboot', '-s', 'cd0ee037', 'oem', 'debug', 'readq', '0x8008d0e8']
(bootloader) 0x0000000000000000

OKAY [  0.003s]
Finished. Total time: 0.003s
['fastboot', '-s', 'cd0ee037', 'oem', 'debug', 'readq', '0x8008d0f0']
(bootloader) 0x0000000000000000

OKAY [  0.003s]
Finished. Total time: 0.003s
['fastboot', '-s', 'cd0ee037', 'oem', 'debug', 'readq', '0x8008d0f8']
(bootloader) 0x0000000000000000

OKAY [  0.003s]
Finished. Total time: 0.003s
['fastboot', '-s', 'cd0ee037', 'oem', 'debug', 'readq', '0x8008d100']
(bootloader) 0x0000000000000000

OKAY [  0.003s]
Finished. Total time: 0.003s
['fastboot', '-s', 'cd0ee037', 'oem', 'debug', 'readq', '0x8008d108']
(bootloader) 0x0000000000000000

OKAY [  0.003s]
Finished. Total time: 0.003s
['fastboot', '-s', 'cd0ee037', 'oem', 'debug', 'readq', '0x8008d110']
(bootloader) 0x0000000000000000

OKAY [  0.003s]
Finished. Total time: 0.003s
['fastboot', '-s', 'cd0ee037', 'oem', 'debug', 'readq', '0x8008d118']
(bootloader) 0x0000000000000000

OKAY [  0.003s]
Finished. Total time: 0.003s
['fastboot', '-s', 'cd0ee037', 'oem', 'debug', 'readq', '0x8008d120']
(bootloader) 0x0000000000000000

OKAY [  0.003s]
Finished. Total time: 0.003s
['fastboot', '-s', 'cd0ee037', 'oem', 'debug', 'readq', '0x8008d128']
(bootloader) 0x0000000000000000

OKAY [  0.003s]
Finished. Total time: 0.003s
['fastboot', '-s', 'cd0ee037', 'oem', 'debug', 'readq', '0x8008d130']
(bootloader) 0x0000000000000000

OKAY [  0.003s]
Finished. Total time: 0.003s
['fastboot', '-s', 'cd0ee037', 'oem', 'debug', 'readq', '0x8008d138']
(bootloader) 0x0000000000000000

OKAY [  0.003s]
Finished. Total time: 0.003s
['fastboot', '-s', 'cd0ee037', 'oem', 'debug', 'readq', '0x8008d140']
(bootloader) 0x0000000000000000

OKAY [  0.003s]
Finished. Total time: 0.003s
['fastboot', '-s', 'cd0ee037', 'oem', 'debug', 'readq', '0x8008d148']
(bootloader) 0x0000000000000000

OKAY [  0.003s]
Finished. Total time: 0.003s
['fastboot', '-s', 'cd0ee037', 'oem', 'debug', 'readq', '0x8008d150']
(bootloader) 0x0000000000000000

OKAY [  0.003s]
Finished. Total time: 0.003s
['fastboot', '-s', 'cd0ee037', 'oem', 'debug', 'readq', '0x8008d158']
(bootloader) 0x0000000000000000

OKAY [  0.003s]
Finished. Total time: 0.003s
['fastboot', '-s', 'cd0ee037', 'oem', 'debug', 'readq', '0x8008d160']
(bootloader) 0x0000000000000000

OKAY [  0.003s]
Finished. Total time: 0.003s
['fastboot', '-s', 'cd0ee037', 'oem', 'debug', 'readq', '0x8008d168']
(bootloader) 0x0000000000000000

OKAY [  0.003s]
Finished. Total time: 0.003s
['fastboot', '-s', 'cd0ee037', 'oem', 'debug', 'readq', '0x8008d170']
(bootloader) 0x0000000000000000

OKAY [  0.003s]
Finished. Total time: 0.003s
['fastboot', '-s', 'cd0ee037', 'oem', 'debug', 'readq', '0x8008d178']
(bootloader) 0x0000000000000000

OKAY [  0.003s]
Finished. Total time: 0.003s
['fastboot', '-s', 'cd0ee037', 'oem', 'debug', 'readq', '0x8008d180']
(bootloader) 0x0000000000000000

OKAY [  0.003s]
Finished. Total time: 0.003s
['fastboot', '-s', 'cd0ee037', 'oem', 'debug', 'readq', '0x8008d188']
(bootloader) 0x0000000000000000

OKAY [  0.003s]
Finished. Total time: 0.003s
['fastboot', '-s', 'cd0ee037', 'oem', 'debug', 'readq', '0x8008d190']
(bootloader) 0x0000000000000000

OKAY [  0.003s]
Finished. Total time: 0.003s
['fastboot', '-s', 'cd0ee037', 'oem', 'debug', 'readq', '0x8008d198']
(bootloader) 0x0000000000000000

OKAY [  0.003s]
Finished. Total time: 0.003s
['fastboot', '-s', 'cd0ee037', 'oem', 'debug', 'readq', '0x8008d1a0']
(bootloader) 0x0000000000000000

OKAY [  0.003s]
Finished. Total time: 0.004s
['fastboot', '-s', 'cd0ee037', 'oem', 'debug', 'readq', '0x8008d1a8']
(bootloader) 0x0000000000000000

OKAY [  0.003s]
Finished. Total time: 0.003s
['fastboot', '-s', 'cd0ee037', 'oem', 'debug', 'readq', '0x8008d1b0']
(bootloader) 0x0000000000000000

OKAY [  0.003s]
Finished. Total time: 0.003s
['fastboot', '-s', 'cd0ee037', 'oem', 'debug', 'readq', '0x8008d1b8']
(bootloader) 0x0000000000000000

OKAY [  0.003s]
Finished. Total time: 0.003s
['fastboot', '-s', 'cd0ee037', 'oem', 'debug', 'readq', '0x8008d1c0']
(bootloader) 0x0000000000000000

OKAY [  0.003s]
Finished. Total time: 0.003s
['fastboot', '-s', 'cd0ee037', 'oem', 'debug', 'readq', '0x8008d1c8']
(bootloader) 0x0000000000000000

OKAY [  0.003s]
Finished. Total time: 0.003s
['fastboot', '-s', 'cd0ee037', 'oem', 'debug', 'readq', '0x8008d1d0']
(bootloader) 0x0000000000000000

OKAY [  0.003s]
Finished. Total time: 0.003s
['fastboot', '-s', 'cd0ee037', 'oem', 'debug', 'readq', '0x8008d1d8']
(bootloader) 0x0000000000000000

OKAY [  0.003s]
Finished. Total time: 0.003s
['fastboot', '-s', 'cd0ee037', 'oem', 'debug', 'readq', '0x8008d1e0']
(bootloader) 0x0000000000000000

OKAY [  0.003s]
Finished. Total time: 0.003s
['fastboot', '-s', 'cd0ee037', 'oem', 'debug', 'readq', '0x8008d1e8']
(bootloader) 0x0000000000000000

OKAY [  0.003s]
Finished. Total time: 0.003s
['fastboot', '-s', 'cd0ee037', 'oem', 'debug', 'readq', '0x8008d1f0']
(bootloader) 0x0000000000000000

OKAY [  0.003s]
Finished. Total time: 0.003s
['fastboot', '-s', 'cd0ee037', 'oem', 'debug', 'readq', '0x8008d1f8']
(bootloader) 0x0000000000000000

OKAY [  0.003s]
Finished. Total time: 0.003s
['fastboot', '-s', 'cd0ee037', 'oem', 'debug', 'readq', '0x8008d200']
(bootloader) 0x0000000000000000

OKAY [  0.003s]
Finished. Total time: 0.003s
['fastboot', '-s', 'cd0ee037', 'oem', 'debug', 'readq', '0x8008d208']
(bootloader) 0x0000000000000000

OKAY [  0.003s]
Finished. Total time: 0.003s
['fastboot', '-s', 'cd0ee037', 'oem', 'debug', 'readq', '0x8008d210']
(bootloader) 0x0000000000000000

OKAY [  0.003s]
Finished. Total time: 0.003s
['fastboot', '-s', 'cd0ee037', 'oem', 'debug', 'readq', '0x8008d218']
(bootloader) 0x0000000000000000

OKAY [  0.003s]
Finished. Total time: 0.003s
['fastboot', '-s', 'cd0ee037', 'oem', 'debug', 'readq', '0x8008d220']
(bootloader) 0x0000000000000000

OKAY [  0.003s]
Finished. Total time: 0.003s
['fastboot', '-s', 'cd0ee037', 'oem', 'debug', 'readq', '0x8008d228']
(bootloader) 0x0000000000000000

OKAY [  0.003s]
Finished. Total time: 0.003s
['fastboot', '-s', 'cd0ee037', 'oem', 'debug', 'readq', '0x8008d230']
(bootloader) 0x0000000000000000

OKAY [  0.003s]
Finished. Total time: 0.003s
['fastboot', '-s', 'cd0ee037', 'oem', 'debug', 'readq', '0x8008d238']
(bootloader) 0x0000000000000000

OKAY [  0.003s]
Finished. Total time: 0.003s
['fastboot', '-s', 'cd0ee037', 'oem', 'debug', 'readq', '0x8008d240']
(bootloader) 0x0000000000000000

OKAY [  0.003s]
Finished. Total time: 0.003s
['fastboot', '-s', 'cd0ee037', 'oem', 'debug', 'readq', '0x8008d248']
(bootloader) 0x0000000000000000

OKAY [  0.003s]
Finished. Total time: 0.003s
['fastboot', '-s', 'cd0ee037', 'oem', 'debug', 'readq', '0x8008d250']
(bootloader) 0x0000000000000000

OKAY [  0.003s]
Finished. Total time: 0.003s
['fastboot', '-s', 'cd0ee037', 'oem', 'debug', 'readq', '0x8008d258']
(bootloader) 0x0000000000000000

OKAY [  0.003s]
Finished. Total time: 0.003s
['fastboot', '-s', 'cd0ee037', 'oem', 'debug', 'readq', '0x8008d260']
(bootloader) 0x0000000000000000

OKAY [  0.003s]
Finished. Total time: 0.003s
['fastboot', '-s', 'cd0ee037', 'oem', 'debug', 'readq', '0x8008d268']
(bootloader) 0x0000000000000000

OKAY [  0.003s]
Finished. Total time: 0.003s
['fastboot', '-s', 'cd0ee037', 'oem', 'debug', 'readq', '0x8008d270']
(bootloader) 0x0000000000000000

OKAY [  0.003s]
Finished. Total time: 0.003s
['fastboot', '-s', 'cd0ee037', 'oem', 'debug', 'readq', '0x8008d278']
(bootloader) 0x0000000000000000

OKAY [  0.003s]
Finished. Total time: 0.003s
['fastboot', '-s', 'cd0ee037', 'oem', 'debug', 'readq', '0x8008d280']
(bootloader) 0x0000000000000000

OKAY [  0.003s]
Finished. Total time: 0.003s
['fastboot', '-s', 'cd0ee037', 'oem', 'debug', 'readq', '0x8008d288']
(bootloader) 0x0000000000000000

OKAY [  0.004s]
Finished. Total time: 0.004s
['fastboot', '-s', 'cd0ee037', 'oem', 'debug', 'readq', '0x8008d290']
(bootloader) 0x0000000000000000

OKAY [  0.003s]
Finished. Total time: 0.003s
['fastboot', '-s', 'cd0ee037', 'oem', 'debug', 'readq', '0x8008d298']
(bootloader) 0x0000000000000000

OKAY [  0.003s]
Finished. Total time: 0.003s
['fastboot', '-s', 'cd0ee037', 'oem', 'debug', 'readq', '0x8008d2a0']
(bootloader) 0x0000000000000000

OKAY [  0.003s]
Finished. Total time: 0.003s
['fastboot', '-s', 'cd0ee037', 'oem', 'debug', 'readq', '0x8008d2a8']
(bootloader) 0x0000000000000000

OKAY [  0.003s]
Finished. Total time: 0.003s
['fastboot', '-s', 'cd0ee037', 'oem', 'debug', 'readq', '0x8008d2b0']
(bootloader) 0x0000000000000000

OKAY [  0.003s]
Finished. Total time: 0.003s
['fastboot', '-s', 'cd0ee037', 'oem', 'debug', 'readq', '0x8008d2b8']
(bootloader) 0x0000000000000000

OKAY [  0.003s]
Finished. Total time: 0.003s
['fastboot', '-s', 'cd0ee037', 'oem', 'debug', 'readq', '0x8008d2c0']
(bootloader) 0x0000000000000000

OKAY [  0.003s]
Finished. Total time: 0.003s
['fastboot', '-s', 'cd0ee037', 'oem', 'debug', 'readq', '0x8008d2c8']
(bootloader) 0x0000000000000000

OKAY [  0.003s]
Finished. Total time: 0.003s
['fastboot', '-s', 'cd0ee037', 'oem', 'debug', 'readq', '0x8008d2d0']
(bootloader) 0x0000000000000000

OKAY [  0.003s]
Finished. Total time: 0.003s
['fastboot', '-s', 'cd0ee037', 'oem', 'debug', 'readq', '0x8008d2d8']
(bootloader) 0x0000000000000000

OKAY [  0.004s]
Finished. Total time: 0.004s
['fastboot', '-s', 'cd0ee037', 'oem', 'debug', 'readq', '0x8008d2e0']
(bootloader) 0x0000000000000000

OKAY [  0.003s]
Finished. Total time: 0.003s
['fastboot', '-s', 'cd0ee037', 'oem', 'debug', 'readq', '0x8008d2e8']
(bootloader) 0x0000000000000000

OKAY [  0.003s]
Finished. Total time: 0.003s
['fastboot', '-s', 'cd0ee037', 'oem', 'debug', 'readq', '0x8008d2f0']
(bootloader) 0x0000000000000000

OKAY [  0.003s]
Finished. Total time: 0.003s
['fastboot', '-s', 'cd0ee037', 'oem', 'debug', 'readq', '0x8008d2f8']
(bootloader) 0x0000000000000000

OKAY [  0.003s]
Finished. Total time: 0.003s
['fastboot', '-s', 'cd0ee037', 'oem', 'debug', 'readq', '0x8008d300']
(bootloader) 0x0000000000000000

OKAY [  0.003s]
Finished. Total time: 0.003s
['fastboot', '-s', 'cd0ee037', 'oem', 'debug', 'readq', '0x8008d308']
(bootloader) 0x0000000000000000

OKAY [  0.003s]
Finished. Total time: 0.003s
['fastboot', '-s', 'cd0ee037', 'oem', 'debug', 'readq', '0x8008d310']
(bootloader) 0x0000000000000000

OKAY [  0.003s]
Finished. Total time: 0.003s
['fastboot', '-s', 'cd0ee037', 'oem', 'debug', 'readq', '0x8008d318']
(bootloader) 0x0000000000000000

OKAY [  0.003s]
Finished. Total time: 0.003s
['fastboot', '-s', 'cd0ee037', 'oem', 'debug', 'readq', '0x8008d320']
(bootloader) 0x0000000000000000

OKAY [  0.003s]
Finished. Total time: 0.003s
['fastboot', '-s', 'cd0ee037', 'oem', 'debug', 'readq', '0x8008d328']
(bootloader) 0x0000000000000000

OKAY [  0.003s]
Finished. Total time: 0.003s
['fastboot', '-s', 'cd0ee037', 'oem', 'debug', 'readq', '0x8008d330']
(bootloader) 0x0000000000000000

OKAY [  0.003s]
Finished. Total time: 0.003s
['fastboot', '-s', 'cd0ee037', 'oem', 'debug', 'readq', '0x8008d338']
(bootloader) 0x0000000000000000

OKAY [  0.003s]
Finished. Total time: 0.003s
['fastboot', '-s', 'cd0ee037', 'oem', 'debug', 'readq', '0x8008d340']
(bootloader) 0x0000000000000000

OKAY [  0.003s]
Finished. Total time: 0.004s
['fastboot', '-s', 'cd0ee037', 'oem', 'debug', 'readq', '0x8008d348']
(bootloader) 0x0000000000000000

OKAY [  0.003s]
Finished. Total time: 0.003s
['fastboot', '-s', 'cd0ee037', 'oem', 'debug', 'readq', '0x8008d350']
(bootloader) 0x0000000000000000

OKAY [  0.003s]
Finished. Total time: 0.003s
['fastboot', '-s', 'cd0ee037', 'oem', 'debug', 'readq', '0x8008d358']
(bootloader) 0x0000000000000000

OKAY [  0.003s]
Finished. Total time: 0.003s
['fastboot', '-s', 'cd0ee037', 'oem', 'debug', 'readq', '0x8008d360']
(bootloader) 0x0000000000000000

OKAY [  0.003s]
Finished. Total time: 0.003s
['fastboot', '-s', 'cd0ee037', 'oem', 'debug', 'readq', '0x8008d368']
(bootloader) 0x0000000000000000

OKAY [  0.003s]
Finished. Total time: 0.003s
['fastboot', '-s', 'cd0ee037', 'oem', 'debug', 'readq', '0x8008d370']
(bootloader) 0x0000000000000000

OKAY [  0.003s]
Finished. Total time: 0.003s
['fastboot', '-s', 'cd0ee037', 'oem', 'debug', 'readq', '0x8008d378']
(bootloader) 0x0000000000000000

OKAY [  0.003s]
Finished. Total time: 0.003s
['fastboot', '-s', 'cd0ee037', 'oem', 'debug', 'readq', '0x8008d380']
(bootloader) 0x0000000000000000

OKAY [  0.003s]
Finished. Total time: 0.003s
['fastboot', '-s', 'cd0ee037', 'oem', 'debug', 'readq', '0x8008d388']
(bootloader) 0x0000000000000000

OKAY [  0.003s]
Finished. Total time: 0.003s
['fastboot', '-s', 'cd0ee037', 'oem', 'debug', 'readq', '0x8008d390']
(bootloader) 0x0000000000000000

OKAY [  0.003s]
Finished. Total time: 0.003s
['fastboot', '-s', 'cd0ee037', 'oem', 'debug', 'readq', '0x8008d398']
(bootloader) 0x0000000000000000

OKAY [  0.003s]
Finished. Total time: 0.003s
['fastboot', '-s', 'cd0ee037', 'oem', 'debug', 'readq', '0x8008d3a0']
(bootloader) 0x0000000000000000

OKAY [  0.003s]
Finished. Total time: 0.003s
['fastboot', '-s', 'cd0ee037', 'oem', 'debug', 'readq', '0x8008d3a8']
(bootloader) 0x0000000000000000

OKAY [  0.003s]
Finished. Total time: 0.003s
['fastboot', '-s', 'cd0ee037', 'oem', 'debug', 'readq', '0x8008d3b0']
(bootloader) 0x0000000000000000

OKAY [  0.003s]
Finished. Total time: 0.003s
['fastboot', '-s', 'cd0ee037', 'oem', 'debug', 'readq', '0x8008d3b8']
(bootloader) 0x0000000000000000

OKAY [  0.003s]
Finished. Total time: 0.003s
['fastboot', '-s', 'cd0ee037', 'oem', 'debug', 'readq', '0x8008d3c0']
(bootloader) 0x0000000000000000

OKAY [  0.003s]
Finished. Total time: 0.003s
['fastboot', '-s', 'cd0ee037', 'oem', 'debug', 'readq', '0x8008d3c8']
(bootloader) 0x0000000000000000

OKAY [  0.003s]
Finished. Total time: 0.003s
['fastboot', '-s', 'cd0ee037', 'oem', 'debug', 'readq', '0x8008d3d0']
(bootloader) 0x0000000000000000

OKAY [  0.003s]
Finished. Total time: 0.003s
['fastboot', '-s', 'cd0ee037', 'oem', 'debug', 'readq', '0x8008d3d8']
(bootloader) 0x0000000000000000

OKAY [  0.003s]
Finished. Total time: 0.003s
['fastboot', '-s', 'cd0ee037', 'oem', 'debug', 'readq', '0x8008d3e0']
(bootloader) 0x0000000000000000

OKAY [  0.003s]
Finished. Total time: 0.003s
['fastboot', '-s', 'cd0ee037', 'oem', 'debug', 'readq', '0x8008d3e8']
(bootloader) 0x0000000000000000

OKAY [  0.003s]
Finished. Total time: 0.003s
['fastboot', '-s', 'cd0ee037', 'oem', 'debug', 'readq', '0x8008d3f0']
(bootloader) 0x0000000000000000

OKAY [  0.003s]
Finished. Total time: 0.004s
['fastboot', '-s', 'cd0ee037', 'oem', 'debug', 'readq', '0x8008d3f8']
(bootloader) 0x0000000000000000

OKAY [  0.003s]
Finished. Total time: 0.003s
['fastboot', '-s', 'cd0ee037', 'oem', 'debug', 'readq', '0x8008d400']
(bootloader) 0x0000000000000000

OKAY [  0.003s]
Finished. Total time: 0.003s
['fastboot', '-s', 'cd0ee037', 'oem', 'debug', 'readq', '0x8008d408']
(bootloader) 0x0000000000000000

OKAY [  0.003s]
Finished. Total time: 0.003s
['fastboot', '-s', 'cd0ee037', 'oem', 'debug', 'readq', '0x8008d410']
(bootloader) 0x0000000000000000

OKAY [  0.003s]
Finished. Total time: 0.003s
['fastboot', '-s', 'cd0ee037', 'oem', 'debug', 'readq', '0x8008d418']
(bootloader) 0x0000000000000000

OKAY [  0.003s]
Finished. Total time: 0.003s
['fastboot', '-s', 'cd0ee037', 'oem', 'debug', 'readq', '0x8008d420']
(bootloader) 0x0000000000000000

OKAY [  0.003s]
Finished. Total time: 0.003s
['fastboot', '-s', 'cd0ee037', 'oem', 'debug', 'readq', '0x8008d428']
(bootloader) 0x0000000000000000

OKAY [  0.003s]
Finished. Total time: 0.003s
['fastboot', '-s', 'cd0ee037', 'oem', 'debug', 'readq', '0x8008d430']
(bootloader) 0x0000000000000000

OKAY [  0.003s]
Finished. Total time: 0.003s
['fastboot', '-s', 'cd0ee037', 'oem', 'debug', 'readq', '0x8008d438']
(bootloader) 0x0000000000000000

OKAY [  0.003s]
Finished. Total time: 0.003s
['fastboot', '-s', 'cd0ee037', 'oem', 'debug', 'readq', '0x8008d440']
(bootloader) 0x0000000000000000

OKAY [  0.003s]
Finished. Total time: 0.003s
['fastboot', '-s', 'cd0ee037', 'oem', 'debug', 'readq', '0x8008d448']
(bootloader) 0x0000000000000000

OKAY [  0.003s]
Finished. Total time: 0.003s
['fastboot', '-s', 'cd0ee037', 'oem', 'debug', 'readq', '0x8008d450']
(bootloader) 0x0000000000000000

OKAY [  0.003s]
Finished. Total time: 0.003s
['fastboot', '-s', 'cd0ee037', 'oem', 'debug', 'readq', '0x8008d458']
(bootloader) 0x0000000000000000

OKAY [  0.004s]
Finished. Total time: 0.004s
['fastboot', '-s', 'cd0ee037', 'oem', 'debug', 'readq', '0x8008d460']
(bootloader) 0x0000000000000000

OKAY [  0.003s]
Finished. Total time: 0.003s
['fastboot', '-s', 'cd0ee037', 'oem', 'debug', 'readq', '0x8008d468']
(bootloader) 0x0000000000000000

OKAY [  0.003s]
Finished. Total time: 0.003s
['fastboot', '-s', 'cd0ee037', 'oem', 'debug', 'readq', '0x8008d470']
(bootloader) 0x0000000000000000

OKAY [  0.003s]
Finished. Total time: 0.003s
['fastboot', '-s', 'cd0ee037', 'oem', 'debug', 'readq', '0x8008d478']
(bootloader) 0x0000000000000000

OKAY [  0.003s]
Finished. Total time: 0.003s
['fastboot', '-s', 'cd0ee037', 'oem', 'debug', 'readq', '0x8008d480']
(bootloader) 0x0000000000000000

OKAY [  0.003s]
Finished. Total time: 0.003s
['fastboot', '-s', 'cd0ee037', 'oem', 'debug', 'readq', '0x8008d488']
(bootloader) 0x0000000000000000

OKAY [  0.004s]
Finished. Total time: 0.004s
['fastboot', '-s', 'cd0ee037', 'oem', 'debug', 'readq', '0x8008d490']
(bootloader) 0x0000000000000000

OKAY [  0.003s]
Finished. Total time: 0.003s
['fastboot', '-s', 'cd0ee037', 'oem', 'debug', 'readq', '0x8008d498']
(bootloader) 0x0000000000000000

OKAY [  0.003s]
Finished. Total time: 0.003s
['fastboot', '-s', 'cd0ee037', 'oem', 'debug', 'readq', '0x8008d4a0']
(bootloader) 0x0000000000000000

OKAY [  0.003s]
Finished. Total time: 0.003s
['fastboot', '-s', 'cd0ee037', 'oem', 'debug', 'readq', '0x8008d4a8']
(bootloader) 0x0000000000000000

OKAY [  0.003s]
Finished. Total time: 0.003s
['fastboot', '-s', 'cd0ee037', 'oem', 'debug', 'readq', '0x8008d4b0']
(bootloader) 0x0000000000000000

OKAY [  0.003s]
Finished. Total time: 0.003s
['fastboot', '-s', 'cd0ee037', 'oem', 'debug', 'readq', '0x8008d4b8']
(bootloader) 0x0000000000000000

OKAY [  0.003s]
Finished. Total time: 0.003s
['fastboot', '-s', 'cd0ee037', 'oem', 'debug', 'readq', '0x8008d4c0']
(bootloader) 0x0000000000000000

OKAY [  0.003s]
Finished. Total time: 0.003s
['fastboot', '-s', 'cd0ee037', 'oem', 'debug', 'readq', '0x8008d4c8']
(bootloader) 0x0000000000000000

OKAY [  0.003s]
Finished. Total time: 0.003s
['fastboot', '-s', 'cd0ee037', 'oem', 'debug', 'readq', '0x8008d4d0']
(bootloader) 0x0000000000000000

OKAY [  0.003s]
Finished. Total time: 0.003s
['fastboot', '-s', 'cd0ee037', 'oem', 'debug', 'readq', '0x8008d4d8']
(bootloader) 0x0000000000000000

OKAY [  0.003s]
Finished. Total time: 0.003s
['fastboot', '-s', 'cd0ee037', 'oem', 'debug', 'readq', '0x8008d4e0']
(bootloader) 0x0000000000000000

OKAY [  0.003s]
Finished. Total time: 0.003s
['fastboot', '-s', 'cd0ee037', 'oem', 'debug', 'readq', '0x8008d4e8']
(bootloader) 0x0000000000000000

OKAY [  0.003s]
Finished. Total time: 0.003s
['fastboot', '-s', 'cd0ee037', 'oem', 'debug', 'readq', '0x8008d4f0']
(bootloader) 0x0000000000000000

OKAY [  0.003s]
Finished. Total time: 0.003s
['fastboot', '-s', 'cd0ee037', 'oem', 'debug', 'readq', '0x8008d4f8']
(bootloader) 0x0000000000000000

OKAY [  0.003s]
Finished. Total time: 0.003s
['fastboot', '-s', 'cd0ee037', 'oem', 'debug', 'readq', '0x8008d500']
(bootloader) 0x0000000000000000

OKAY [  0.003s]
Finished. Total time: 0.003s
['fastboot', '-s', 'cd0ee037', 'oem', 'debug', 'readq', '0x8008d508']
(bootloader) 0x0000000000000000

OKAY [  0.003s]
Finished. Total time: 0.003s
['fastboot', '-s', 'cd0ee037', 'oem', 'debug', 'readq', '0x8008d510']
(bootloader) 0x0000000000000000

OKAY [  0.003s]
Finished. Total time: 0.003s
['fastboot', '-s', 'cd0ee037', 'oem', 'debug', 'readq', '0x8008d518']
(bootloader) 0x0000000000000000

OKAY [  0.003s]
Finished. Total time: 0.003s
['fastboot', '-s', 'cd0ee037', 'oem', 'debug', 'readq', '0x8008d520']
(bootloader) 0x0000000000000000

OKAY [  0.003s]
Finished. Total time: 0.003s
['fastboot', '-s', 'cd0ee037', 'oem', 'debug', 'readq', '0x8008d528']
(bootloader) 0x0000000000000000

OKAY [  0.003s]
Finished. Total time: 0.003s
['fastboot', '-s', 'cd0ee037', 'oem', 'debug', 'readq', '0x8008d530']
(bootloader) 0x0000000000000000

OKAY [  0.003s]
Finished. Total time: 0.003s
['fastboot', '-s', 'cd0ee037', 'oem', 'debug', 'readq', '0x8008d538']
(bootloader) 0x0000000000000000

OKAY [  0.003s]
Finished. Total time: 0.003s
['fastboot', '-s', 'cd0ee037', 'oem', 'debug', 'readq', '0x8008d540']
(bootloader) 0x0000000000000000

OKAY [  0.003s]
Finished. Total time: 0.003s
['fastboot', '-s', 'cd0ee037', 'oem', 'debug', 'readq', '0x8008d548']
(bootloader) 0x0000000000000000

OKAY [  0.003s]
Finished. Total time: 0.003s
['fastboot', '-s', 'cd0ee037', 'oem', 'debug', 'readq', '0x8008d550']
(bootloader) 0x0000000000000000

OKAY [  0.003s]
Finished. Total time: 0.003s
['fastboot', '-s', 'cd0ee037', 'oem', 'debug', 'readq', '0x8008d558']
(bootloader) 0x0000000000000000

OKAY [  0.004s]
Finished. Total time: 0.004s
['fastboot', '-s', 'cd0ee037', 'oem', 'debug', 'readq', '0x8008d560']
(bootloader) 0x0000000000000000

OKAY [  0.003s]
Finished. Total time: 0.003s
['fastboot', '-s', 'cd0ee037', 'oem', 'debug', 'readq', '0x8008d568']
(bootloader) 0x0000000000000000

OKAY [  0.003s]
Finished. Total time: 0.003s
['fastboot', '-s', 'cd0ee037', 'oem', 'debug', 'readq', '0x8008d570']
(bootloader) 0x0000000000000000

OKAY [  0.003s]
Finished. Total time: 0.003s
['fastboot', '-s', 'cd0ee037', 'oem', 'debug', 'readq', '0x8008d578']
(bootloader) 0x0000000000000000

OKAY [  0.003s]
Finished. Total time: 0.003s
['fastboot', '-s', 'cd0ee037', 'oem', 'debug', 'readq', '0x8008d580']
(bootloader) 0x0000000000000000

OKAY [  0.003s]
Finished. Total time: 0.003s
['fastboot', '-s', 'cd0ee037', 'oem', 'debug', 'readq', '0x8008d588']
(bootloader) 0x0000000000000000

OKAY [  0.003s]
Finished. Total time: 0.003s
['fastboot', '-s', 'cd0ee037', 'oem', 'debug', 'readq', '0x8008d590']
(bootloader) 0x0000000000000000

OKAY [  0.003s]
Finished. Total time: 0.003s
['fastboot', '-s', 'cd0ee037', 'oem', 'debug', 'readq', '0x8008d598']
(bootloader) 0x0000000000000000

OKAY [  0.003s]
Finished. Total time: 0.003s
['fastboot', '-s', 'cd0ee037', 'oem', 'debug', 'readq', '0x8008d5a0']
(bootloader) 0x0000000000000000

OKAY [  0.003s]
Finished. Total time: 0.003s
['fastboot', '-s', 'cd0ee037', 'oem', 'debug', 'readq', '0x8008d5a8']
(bootloader) 0x0000000000000000

OKAY [  0.003s]
Finished. Total time: 0.003s
['fastboot', '-s', 'cd0ee037', 'oem', 'debug', 'readq', '0x8008d5b0']
(bootloader) 0x0000000000000000

OKAY [  0.003s]
Finished. Total time: 0.003s
['fastboot', '-s', 'cd0ee037', 'oem', 'debug', 'readq', '0x8008d5b8']
(bootloader) 0x0000000000000000

OKAY [  0.003s]
Finished. Total time: 0.003s
['fastboot', '-s', 'cd0ee037', 'oem', 'debug', 'readq', '0x8008d5c0']
(bootloader) 0x0000000000000000

OKAY [  0.003s]
Finished. Total time: 0.003s
['fastboot', '-s', 'cd0ee037', 'oem', 'debug', 'readq', '0x8008d5c8']
(bootloader) 0x0000000000000000

OKAY [  0.003s]
Finished. Total time: 0.003s
['fastboot', '-s', 'cd0ee037', 'oem', 'debug', 'readq', '0x8008d5d0']
(bootloader) 0x0000000000000000

OKAY [  0.003s]
Finished. Total time: 0.003s
['fastboot', '-s', 'cd0ee037', 'oem', 'debug', 'readq', '0x8008d5d8']
(bootloader) 0x0000000000000000

OKAY [  0.003s]
Finished. Total time: 0.003s
['fastboot', '-s', 'cd0ee037', 'oem', 'debug', 'readq', '0x8008d5e0']
(bootloader) 0x0000000000000000

OKAY [  0.003s]
Finished. Total time: 0.003s
['fastboot', '-s', 'cd0ee037', 'oem', 'debug', 'readq', '0x8008d5e8']
(bootloader) 0x0000000000000000

OKAY [  0.003s]
Finished. Total time: 0.003s
['fastboot', '-s', 'cd0ee037', 'oem', 'debug', 'readq', '0x8008d5f0']
(bootloader) 0x0000000000000000

OKAY [  0.003s]
Finished. Total time: 0.003s
['fastboot', '-s', 'cd0ee037', 'oem', 'debug', 'readq', '0x8008d5f8']
(bootloader) 0x0000000000000000

OKAY [  0.003s]
Finished. Total time: 0.003s
['fastboot', '-s', 'cd0ee037', 'oem', 'debug', 'readq', '0x8008d600']
(bootloader) 0x0000000000000000

OKAY [  0.003s]
Finished. Total time: 0.003s
['fastboot', '-s', 'cd0ee037', 'oem', 'debug', 'readq', '0x8008d608']
(bootloader) 0x0000000000000000

OKAY [  0.003s]
Finished. Total time: 0.003s
['fastboot', '-s', 'cd0ee037', 'oem', 'debug', 'readq', '0x8008d610']
(bootloader) 0x0000000000000000

OKAY [  0.003s]
Finished. Total time: 0.003s
['fastboot', '-s', 'cd0ee037', 'oem', 'debug', 'readq', '0x8008d618']
(bootloader) 0x0000000000000000

OKAY [  0.003s]
Finished. Total time: 0.003s
['fastboot', '-s', 'cd0ee037', 'oem', 'debug', 'readq', '0x8008d620']
(bootloader) 0x0000000000000000

OKAY [  0.003s]
Finished. Total time: 0.003s
['fastboot', '-s', 'cd0ee037', 'oem', 'debug', 'readq', '0x8008d628']
(bootloader) 0x0000000000000000

OKAY [  0.003s]
Finished. Total time: 0.003s
['fastboot', '-s', 'cd0ee037', 'oem', 'debug', 'readq', '0x8008d630']
(bootloader) 0x0000000000000000

OKAY [  0.003s]
Finished. Total time: 0.003s
['fastboot', '-s', 'cd0ee037', 'oem', 'debug', 'readq', '0x8008d638']
(bootloader) 0x0000000000000000

OKAY [  0.003s]
Finished. Total time: 0.003s
['fastboot', '-s', 'cd0ee037', 'oem', 'debug', 'readq', '0x8008d640']
(bootloader) 0x0000000000000000

OKAY [  0.003s]
Finished. Total time: 0.003s
['fastboot', '-s', 'cd0ee037', 'oem', 'debug', 'readq', '0x8008d648']
(bootloader) 0x0000000000000000

OKAY [  0.003s]
Finished. Total time: 0.003s
['fastboot', '-s', 'cd0ee037', 'oem', 'debug', 'readq', '0x8008d650']
(bootloader) 0x0000000000000000

OKAY [  0.003s]
Finished. Total time: 0.003s
['fastboot', '-s', 'cd0ee037', 'oem', 'debug', 'readq', '0x8008d658']
(bootloader) 0x0000000000000000

OKAY [  0.003s]
Finished. Total time: 0.003s
['fastboot', '-s', 'cd0ee037', 'oem', 'debug', 'readq', '0x8008d660']
(bootloader) 0x0000000000000000

OKAY [  0.003s]
Finished. Total time: 0.003s
['fastboot', '-s', 'cd0ee037', 'oem', 'debug', 'readq', '0x8008d668']
(bootloader) 0x0000000000000000

OKAY [  0.003s]
Finished. Total time: 0.003s
['fastboot', '-s', 'cd0ee037', 'oem', 'debug', 'readq', '0x8008d670']
(bootloader) 0x0000000000000000

OKAY [  0.003s]
Finished. Total time: 0.003s
['fastboot', '-s', 'cd0ee037', 'oem', 'debug', 'readq', '0x8008d678']
(bootloader) 0x0000000000000000

OKAY [  0.003s]
Finished. Total time: 0.003s
['fastboot', '-s', 'cd0ee037', 'oem', 'debug', 'readq', '0x8008d680']
(bootloader) 0x0000000000000000

OKAY [  0.003s]
Finished. Total time: 0.003s
['fastboot', '-s', 'cd0ee037', 'oem', 'debug', 'readq', '0x8008d688']
(bootloader) 0x0000000000000000

OKAY [  0.003s]
Finished. Total time: 0.003s
['fastboot', '-s', 'cd0ee037', 'oem', 'debug', 'readq', '0x8008d690']
(bootloader) 0x0000000000000000

OKAY [  0.003s]
Finished. Total time: 0.003s
['fastboot', '-s', 'cd0ee037', 'oem', 'debug', 'readq', '0x8008d698']
(bootloader) 0x0000000000000000

OKAY [  0.003s]
Finished. Total time: 0.003s
['fastboot', '-s', 'cd0ee037', 'oem', 'debug', 'readq', '0x8008d6a0']
(bootloader) 0x0000000000000000

OKAY [  0.003s]
Finished. Total time: 0.003s
['fastboot', '-s', 'cd0ee037', 'oem', 'debug', 'readq', '0x8008d6a8']
(bootloader) 0x0000000000000000

OKAY [  0.003s]
Finished. Total time: 0.003s
['fastboot', '-s', 'cd0ee037', 'oem', 'debug', 'readq', '0x8008d6b0']
(bootloader) 0x0000000000000000

OKAY [  0.003s]
Finished. Total time: 0.003s
['fastboot', '-s', 'cd0ee037', 'oem', 'debug', 'readq', '0x8008d6b8']
(bootloader) 0x0000000000000000

OKAY [  0.003s]
Finished. Total time: 0.003s
['fastboot', '-s', 'cd0ee037', 'oem', 'debug', 'readq', '0x8008d6c0']
(bootloader) 0x0000000000000000

OKAY [  0.003s]
Finished. Total time: 0.003s
['fastboot', '-s', 'cd0ee037', 'oem', 'debug', 'readq', '0x8008d6c8']
(bootloader) 0x0000000000000000

OKAY [  0.003s]
Finished. Total time: 0.003s
['fastboot', '-s', 'cd0ee037', 'oem', 'debug', 'readq', '0x8008d6d0']
(bootloader) 0x0000000000000000

OKAY [  0.003s]
Finished. Total time: 0.003s
['fastboot', '-s', 'cd0ee037', 'oem', 'debug', 'readq', '0x8008d6d8']
(bootloader) 0x0000000000000000

OKAY [  0.003s]
Finished. Total time: 0.003s
['fastboot', '-s', 'cd0ee037', 'oem', 'debug', 'readq', '0x8008d6e0']
(bootloader) 0x0000000000000000

OKAY [  0.003s]
Finished. Total time: 0.003s
['fastboot', '-s', 'cd0ee037', 'oem', 'debug', 'readq', '0x8008d6e8']
(bootloader) 0x0000000000000000

OKAY [  0.003s]
Finished. Total time: 0.003s
['fastboot', '-s', 'cd0ee037', 'oem', 'debug', 'readq', '0x8008d6f0']
(bootloader) 0x0000000000000000

OKAY [  0.003s]
Finished. Total time: 0.003s
['fastboot', '-s', 'cd0ee037', 'oem', 'debug', 'readq', '0x8008d6f8']
(bootloader) 0x0000000000000000

OKAY [  0.003s]
Finished. Total time: 0.003s
['fastboot', '-s', 'cd0ee037', 'oem', 'debug', 'readq', '0x8008d700']
(bootloader) 0x0000000000000000

OKAY [  0.003s]
Finished. Total time: 0.003s
['fastboot', '-s', 'cd0ee037', 'oem', 'debug', 'readq', '0x8008d708']
(bootloader) 0x0000000000000000

OKAY [  0.003s]
Finished. Total time: 0.003s
['fastboot', '-s', 'cd0ee037', 'oem', 'debug', 'readq', '0x8008d710']
(bootloader) 0x0000000000000000

OKAY [  0.003s]
Finished. Total time: 0.003s
['fastboot', '-s', 'cd0ee037', 'oem', 'debug', 'readq', '0x8008d718']
(bootloader) 0x0000000000000000

OKAY [  0.003s]
Finished. Total time: 0.003s
['fastboot', '-s', 'cd0ee037', 'oem', 'debug', 'readq', '0x8008d720']
(bootloader) 0x0000000000000000

OKAY [  0.003s]
Finished. Total time: 0.003s
['fastboot', '-s', 'cd0ee037', 'oem', 'debug', 'readq', '0x8008d728']
(bootloader) 0x0000000000000000

OKAY [  0.003s]
Finished. Total time: 0.003s
['fastboot', '-s', 'cd0ee037', 'oem', 'debug', 'readq', '0x8008d730']
(bootloader) 0x0000000000000000

OKAY [  0.003s]
Finished. Total time: 0.003s
['fastboot', '-s', 'cd0ee037', 'oem', 'debug', 'readq', '0x8008d738']
(bootloader) 0x0000000000000000

OKAY [  0.003s]
Finished. Total time: 0.003s
['fastboot', '-s', 'cd0ee037', 'oem', 'debug', 'readq', '0x8008d740']
(bootloader) 0x0000000000000000

OKAY [  0.003s]
Finished. Total time: 0.003s
['fastboot', '-s', 'cd0ee037', 'oem', 'debug', 'readq', '0x8008d748']
(bootloader) 0x0000000000000000

OKAY [  0.003s]
Finished. Total time: 0.003s
['fastboot', '-s', 'cd0ee037', 'oem', 'debug', 'readq', '0x8008d750']
(bootloader) 0x0000000000000000

OKAY [  0.003s]
Finished. Total time: 0.003s
['fastboot', '-s', 'cd0ee037', 'oem', 'debug', 'readq', '0x8008d758']
(bootloader) 0x0000000000000000

OKAY [  0.003s]
Finished. Total time: 0.003s
['fastboot', '-s', 'cd0ee037', 'oem', 'debug', 'readq', '0x8008d760']
(bootloader) 0x0000000000000000

OKAY [  0.003s]
Finished. Total time: 0.003s
['fastboot', '-s', 'cd0ee037', 'oem', 'debug', 'readq', '0x8008d768']
(bootloader) 0x0000000000000000

OKAY [  0.003s]
Finished. Total time: 0.003s
['fastboot', '-s', 'cd0ee037', 'oem', 'debug', 'readq', '0x8008d770']
(bootloader) 0x0000000000000000

OKAY [  0.003s]
Finished. Total time: 0.003s
['fastboot', '-s', 'cd0ee037', 'oem', 'debug', 'readq', '0x8008d778']
(bootloader) 0x0000000000000000

OKAY [  0.003s]
Finished. Total time: 0.003s
['fastboot', '-s', 'cd0ee037', 'oem', 'debug', 'readq', '0x8008d780']
(bootloader) 0x0000000000000000

OKAY [  0.003s]
Finished. Total time: 0.003s
['fastboot', '-s', 'cd0ee037', 'oem', 'debug', 'readq', '0x8008d788']
(bootloader) 0x0000000000000000

OKAY [  0.003s]
Finished. Total time: 0.003s
['fastboot', '-s', 'cd0ee037', 'oem', 'debug', 'readq', '0x8008d790']
(bootloader) 0x0000000000000000

OKAY [  0.003s]
Finished. Total time: 0.003s
['fastboot', '-s', 'cd0ee037', 'oem', 'debug', 'readq', '0x8008d798']
(bootloader) 0x0000000000000000

OKAY [  0.003s]
Finished. Total time: 0.003s
['fastboot', '-s', 'cd0ee037', 'oem', 'debug', 'readq', '0x8008d7a0']
(bootloader) 0x0000000000000000

OKAY [  0.003s]
Finished. Total time: 0.003s
['fastboot', '-s', 'cd0ee037', 'oem', 'debug', 'readq', '0x8008d7a8']
(bootloader) 0x0000000000000000

OKAY [  0.003s]
Finished. Total time: 0.003s
['fastboot', '-s', 'cd0ee037', 'oem', 'debug', 'readq', '0x8008d7b0']
(bootloader) 0x0000000000000000

OKAY [  0.003s]
Finished. Total time: 0.003s
['fastboot', '-s', 'cd0ee037', 'oem', 'debug', 'readq', '0x8008d7b8']
(bootloader) 0x0000000000000000

OKAY [  0.003s]
Finished. Total time: 0.003s
['fastboot', '-s', 'cd0ee037', 'oem', 'debug', 'readq', '0x8008d7c0']
(bootloader) 0x0000000000000000

OKAY [  0.003s]
Finished. Total time: 0.003s
['fastboot', '-s', 'cd0ee037', 'oem', 'debug', 'readq', '0x8008d7c8']
(bootloader) 0x0000000000000000

OKAY [  0.003s]
Finished. Total time: 0.003s
['fastboot', '-s', 'cd0ee037', 'oem', 'debug', 'readq', '0x8008d7d0']
(bootloader) 0x0000000000000000

OKAY [  0.003s]
Finished. Total time: 0.003s
['fastboot', '-s', 'cd0ee037', 'oem', 'debug', 'readq', '0x8008d7d8']
(bootloader) 0x0000000000000000

OKAY [  0.003s]
Finished. Total time: 0.003s
['fastboot', '-s', 'cd0ee037', 'oem', 'debug', 'readq', '0x8008d7e0']
(bootloader) 0x0000000000000000

OKAY [  0.003s]
Finished. Total time: 0.003s
['fastboot', '-s', 'cd0ee037', 'oem', 'debug', 'readq', '0x8008d7e8']
(bootloader) 0x0000000000000000

OKAY [  0.003s]
Finished. Total time: 0.003s
['fastboot', '-s', 'cd0ee037', 'oem', 'debug', 'readq', '0x8008d7f0']
(bootloader) 0x0000000000000000

OKAY [  0.003s]
Finished. Total time: 0.003s
['fastboot', '-s', 'cd0ee037', 'oem', 'debug', 'readq', '0x8008d7f8']
(bootloader) 0x0000000000000000

OKAY [  0.003s]
Finished. Total time: 0.003s
['fastboot', '-s', 'cd0ee037', 'oem', 'debug', 'readq', '0x8008d800']
(bootloader) 0x0000000000000000

OKAY [  0.003s]
Finished. Total time: 0.003s
['fastboot', '-s', 'cd0ee037', 'oem', 'debug', 'readq', '0x8008d808']
(bootloader) 0x0000000000000000

OKAY [  0.003s]
Finished. Total time: 0.003s
['fastboot', '-s', 'cd0ee037', 'oem', 'debug', 'readq', '0x8008d810']
(bootloader) 0x0000000000000000

OKAY [  0.003s]
Finished. Total time: 0.003s
['fastboot', '-s', 'cd0ee037', 'oem', 'debug', 'readq', '0x8008d818']
(bootloader) 0x0000000000000000

OKAY [  0.003s]
Finished. Total time: 0.003s
['fastboot', '-s', 'cd0ee037', 'oem', 'debug', 'readq', '0x8008d820']
(bootloader) 0x0000000000000000

OKAY [  0.003s]
Finished. Total time: 0.003s
['fastboot', '-s', 'cd0ee037', 'oem', 'debug', 'readq', '0x8008d828']
(bootloader) 0x0000000000000000

OKAY [  0.003s]
Finished. Total time: 0.003s
['fastboot', '-s', 'cd0ee037', 'oem', 'debug', 'readq', '0x8008d830']
(bootloader) 0x0000000000000000

OKAY [  0.003s]
Finished. Total time: 0.003s
['fastboot', '-s', 'cd0ee037', 'oem', 'debug', 'readq', '0x8008d838']
(bootloader) 0x0000000000000000

OKAY [  0.003s]
Finished. Total time: 0.003s
['fastboot', '-s', 'cd0ee037', 'oem', 'debug', 'readq', '0x8008d840']
(bootloader) 0x0000000000000000

OKAY [  0.003s]
Finished. Total time: 0.003s
['fastboot', '-s', 'cd0ee037', 'oem', 'debug', 'readq', '0x8008d848']
(bootloader) 0x0000000000000000

OKAY [  0.003s]
Finished. Total time: 0.003s
['fastboot', '-s', 'cd0ee037', 'oem', 'debug', 'readq', '0x8008d850']
(bootloader) 0x0000000000000000

OKAY [  0.003s]
Finished. Total time: 0.003s
['fastboot', '-s', 'cd0ee037', 'oem', 'debug', 'readq', '0x8008d858']
(bootloader) 0x0000000000000000

OKAY [  0.003s]
Finished. Total time: 0.003s
['fastboot', '-s', 'cd0ee037', 'oem', 'debug', 'readq', '0x8008d860']
(bootloader) 0x0000000000000000

OKAY [  0.003s]
Finished. Total time: 0.003s
['fastboot', '-s', 'cd0ee037', 'oem', 'debug', 'readq', '0x8008d868']
(bootloader) 0x0000000000000000

OKAY [  0.003s]
Finished. Total time: 0.003s
['fastboot', '-s', 'cd0ee037', 'oem', 'debug', 'readq', '0x8008d870']
(bootloader) 0x0000000000000000

OKAY [  0.003s]
Finished. Total time: 0.003s
['fastboot', '-s', 'cd0ee037', 'oem', 'debug', 'readq', '0x8008d878']
(bootloader) 0x0000000000000000

OKAY [  0.003s]
Finished. Total time: 0.003s
['fastboot', '-s', 'cd0ee037', 'oem', 'debug', 'readq', '0x8008d880']
(bootloader) 0x0000000000000000

OKAY [  0.003s]
Finished. Total time: 0.003s
['fastboot', '-s', 'cd0ee037', 'oem', 'debug', 'readq', '0x8008d888']
(bootloader) 0x0000000000000000

OKAY [  0.003s]
Finished. Total time: 0.003s
['fastboot', '-s', 'cd0ee037', 'oem', 'debug', 'readq', '0x8008d890']
(bootloader) 0x0000000000000000

OKAY [  0.003s]
Finished. Total time: 0.003s
['fastboot', '-s', 'cd0ee037', 'oem', 'debug', 'readq', '0x8008d898']
(bootloader) 0x0000000000000000

OKAY [  0.003s]
Finished. Total time: 0.003s
['fastboot', '-s', 'cd0ee037', 'oem', 'debug', 'readq', '0x8008d8a0']
(bootloader) 0x0000000000000000

OKAY [  0.003s]
Finished. Total time: 0.003s
['fastboot', '-s', 'cd0ee037', 'oem', 'debug', 'readq', '0x8008d8a8']
(bootloader) 0x0000000000000000

OKAY [  0.003s]
Finished. Total time: 0.003s
['fastboot', '-s', 'cd0ee037', 'oem', 'debug', 'readq', '0x8008d8b0']
(bootloader) 0x0000000000000000

OKAY [  0.003s]
Finished. Total time: 0.003s
['fastboot', '-s', 'cd0ee037', 'oem', 'debug', 'readq', '0x8008d8b8']
(bootloader) 0x0000000000000000

OKAY [  0.003s]
Finished. Total time: 0.003s
['fastboot', '-s', 'cd0ee037', 'oem', 'debug', 'readq', '0x8008d8c0']
(bootloader) 0x0000000000000000

OKAY [  0.003s]
Finished. Total time: 0.003s
['fastboot', '-s', 'cd0ee037', 'oem', 'debug', 'readq', '0x8008d8c8']
(bootloader) 0x0000000000000000

OKAY [  0.003s]
Finished. Total time: 0.003s
['fastboot', '-s', 'cd0ee037', 'oem', 'debug', 'readq', '0x8008d8d0']
(bootloader) 0x0000000000000000

OKAY [  0.003s]
Finished. Total time: 0.003s
['fastboot', '-s', 'cd0ee037', 'oem', 'debug', 'readq', '0x8008d8d8']
(bootloader) 0x0000000000000000

OKAY [  0.003s]
Finished. Total time: 0.003s
['fastboot', '-s', 'cd0ee037', 'oem', 'debug', 'readq', '0x8008d8e0']
(bootloader) 0x0000000000000000

OKAY [  0.003s]
Finished. Total time: 0.003s
['fastboot', '-s', 'cd0ee037', 'oem', 'debug', 'readq', '0x8008d8e8']
(bootloader) 0x0000000000000000

OKAY [  0.003s]
Finished. Total time: 0.003s
['fastboot', '-s', 'cd0ee037', 'oem', 'debug', 'readq', '0x8008d8f0']
(bootloader) 0x0000000000000000

OKAY [  0.003s]
Finished. Total time: 0.003s
['fastboot', '-s', 'cd0ee037', 'oem', 'debug', 'readq', '0x8008d8f8']
(bootloader) 0x0000000000000000

OKAY [  0.003s]
Finished. Total time: 0.003s
['fastboot', '-s', 'cd0ee037', 'oem', 'debug', 'readq', '0x8008d900']
(bootloader) 0x0000000000000000

OKAY [  0.003s]
Finished. Total time: 0.003s
['fastboot', '-s', 'cd0ee037', 'oem', 'debug', 'readq', '0x8008d908']
(bootloader) 0x0000000000000000

OKAY [  0.003s]
Finished. Total time: 0.003s
['fastboot', '-s', 'cd0ee037', 'oem', 'debug', 'readq', '0x8008d910']
(bootloader) 0x0000000000000000

OKAY [  0.003s]
Finished. Total time: 0.003s
['fastboot', '-s', 'cd0ee037', 'oem', 'debug', 'readq', '0x8008d918']
(bootloader) 0x0000000000000000

OKAY [  0.003s]
Finished. Total time: 0.003s
['fastboot', '-s', 'cd0ee037', 'oem', 'debug', 'readq', '0x8008d920']
(bootloader) 0x0000000000000000

OKAY [  0.003s]
Finished. Total time: 0.003s
['fastboot', '-s', 'cd0ee037', 'oem', 'debug', 'readq', '0x8008d928']
(bootloader) 0x0000000000000000

OKAY [  0.003s]
Finished. Total time: 0.003s
['fastboot', '-s', 'cd0ee037', 'oem', 'debug', 'readq', '0x8008d930']
(bootloader) 0x0000000000000000

OKAY [  0.003s]
Finished. Total time: 0.003s
['fastboot', '-s', 'cd0ee037', 'oem', 'debug', 'readq', '0x8008d938']
(bootloader) 0x0000000000000000

OKAY [  0.003s]
Finished. Total time: 0.003s
['fastboot', '-s', 'cd0ee037', 'oem', 'debug', 'readq', '0x8008d940']
(bootloader) 0x0000000000000000

OKAY [  0.003s]
Finished. Total time: 0.003s
['fastboot', '-s', 'cd0ee037', 'oem', 'debug', 'readq', '0x8008d948']
(bootloader) 0x0000000000000000

OKAY [  0.003s]
Finished. Total time: 0.003s
['fastboot', '-s', 'cd0ee037', 'oem', 'debug', 'readq', '0x8008d950']
(bootloader) 0x0000000000000000

OKAY [  0.003s]
Finished. Total time: 0.003s
['fastboot', '-s', 'cd0ee037', 'oem', 'debug', 'readq', '0x8008d958']
(bootloader) 0x0000000000000000

OKAY [  0.003s]
Finished. Total time: 0.003s
['fastboot', '-s', 'cd0ee037', 'oem', 'debug', 'readq', '0x8008d960']
(bootloader) 0x0000000000000000

OKAY [  0.004s]
Finished. Total time: 0.004s
['fastboot', '-s', 'cd0ee037', 'oem', 'debug', 'readq', '0x8008d968']
(bootloader) 0x0000000000000000

OKAY [  0.004s]
Finished. Total time: 0.004s
['fastboot', '-s', 'cd0ee037', 'oem', 'debug', 'readq', '0x8008d970']
(bootloader) 0x0000000000000000

OKAY [  0.003s]
Finished. Total time: 0.003s
['fastboot', '-s', 'cd0ee037', 'oem', 'debug', 'readq', '0x8008d978']
(bootloader) 0x0000000000000000

OKAY [  0.003s]
Finished. Total time: 0.003s
['fastboot', '-s', 'cd0ee037', 'oem', 'debug', 'readq', '0x8008d980']
(bootloader) 0x0000000000000000

OKAY [  0.003s]
Finished. Total time: 0.003s
['fastboot', '-s', 'cd0ee037', 'oem', 'debug', 'readq', '0x8008d988']
(bootloader) 0x0000000000000000

OKAY [  0.003s]
Finished. Total time: 0.003s
['fastboot', '-s', 'cd0ee037', 'oem', 'debug', 'readq', '0x8008d990']
(bootloader) 0x0000000000000000

OKAY [  0.003s]
Finished. Total time: 0.003s
['fastboot', '-s', 'cd0ee037', 'oem', 'debug', 'readq', '0x8008d998']
(bootloader) 0x0000000000000000

OKAY [  0.003s]
Finished. Total time: 0.003s
['fastboot', '-s', 'cd0ee037', 'oem', 'debug', 'readq', '0x8008d9a0']
(bootloader) 0x0000000000000000

OKAY [  0.003s]
Finished. Total time: 0.003s
['fastboot', '-s', 'cd0ee037', 'oem', 'debug', 'readq', '0x8008d9a8']
(bootloader) 0x0000000000000000

OKAY [  0.003s]
Finished. Total time: 0.003s
['fastboot', '-s', 'cd0ee037', 'oem', 'debug', 'readq', '0x8008d9b0']
(bootloader) 0x0000000000000000

OKAY [  0.003s]
Finished. Total time: 0.003s
['fastboot', '-s', 'cd0ee037', 'oem', 'debug', 'readq', '0x8008d9b8']
(bootloader) 0x0000000000000000

OKAY [  0.003s]
Finished. Total time: 0.003s
['fastboot', '-s', 'cd0ee037', 'oem', 'debug', 'readq', '0x8008d9c0']
(bootloader) 0x0000000000000000

OKAY [  0.003s]
Finished. Total time: 0.003s
['fastboot', '-s', 'cd0ee037', 'oem', 'debug', 'readq', '0x8008d9c8']
(bootloader) 0x0000000000000000

OKAY [  0.003s]
Finished. Total time: 0.003s
['fastboot', '-s', 'cd0ee037', 'oem', 'debug', 'readq', '0x8008d9d0']
(bootloader) 0x0000000000000000

OKAY [  0.003s]
Finished. Total time: 0.003s
['fastboot', '-s', 'cd0ee037', 'oem', 'debug', 'readq', '0x8008d9d8']
(bootloader) 0x0000000000000000

OKAY [  0.003s]
Finished. Total time: 0.003s
['fastboot', '-s', 'cd0ee037', 'oem', 'debug', 'readq', '0x8008d9e0']
(bootloader) 0x0000000000000000

OKAY [  0.003s]
Finished. Total time: 0.003s
['fastboot', '-s', 'cd0ee037', 'oem', 'debug', 'readq', '0x8008d9e8']
(bootloader) 0x0000000000000000

OKAY [  0.003s]
Finished. Total time: 0.003s
['fastboot', '-s', 'cd0ee037', 'oem', 'debug', 'readq', '0x8008d9f0']
(bootloader) 0x0000000000000000

OKAY [  0.003s]
Finished. Total time: 0.003s
['fastboot', '-s', 'cd0ee037', 'oem', 'debug', 'readq', '0x8008d9f8']
(bootloader) 0x0000000000000000

OKAY [  0.003s]
Finished. Total time: 0.003s
['fastboot', '-s', 'cd0ee037', 'oem', 'debug', 'readq', '0x8008da00']
(bootloader) 0x0000000000000000

OKAY [  0.003s]
Finished. Total time: 0.003s
['fastboot', '-s', 'cd0ee037', 'oem', 'debug', 'readq', '0x8008da08']
(bootloader) 0x0000000000000000

OKAY [  0.004s]
Finished. Total time: 0.004s
['fastboot', '-s', 'cd0ee037', 'oem', 'debug', 'readq', '0x8008da10']
(bootloader) 0x0000000000000000

OKAY [  0.003s]
Finished. Total time: 0.003s
['fastboot', '-s', 'cd0ee037', 'oem', 'debug', 'readq', '0x8008da18']
(bootloader) 0x0000000000000000

OKAY [  0.003s]
Finished. Total time: 0.003s
['fastboot', '-s', 'cd0ee037', 'oem', 'debug', 'readq', '0x8008da20']
(bootloader) 0x0000000000000000

OKAY [  0.003s]
Finished. Total time: 0.003s
['fastboot', '-s', 'cd0ee037', 'oem', 'debug', 'readq', '0x8008da28']
(bootloader) 0x0000000000000000

OKAY [  0.003s]
Finished. Total time: 0.003s
['fastboot', '-s', 'cd0ee037', 'oem', 'debug', 'readq', '0x8008da30']
(bootloader) 0x0000000000000000

OKAY [  0.003s]
Finished. Total time: 0.003s
['fastboot', '-s', 'cd0ee037', 'oem', 'debug', 'readq', '0x8008da38']
(bootloader) 0x0000000000000000

OKAY [  0.004s]
Finished. Total time: 0.004s
['fastboot', '-s', 'cd0ee037', 'oem', 'debug', 'readq', '0x8008da40']
(bootloader) 0x0000000000000000

OKAY [  0.004s]
Finished. Total time: 0.004s
['fastboot', '-s', 'cd0ee037', 'oem', 'debug', 'readq', '0x8008da48']
(bootloader) 0x0000000000000000

OKAY [  0.003s]
Finished. Total time: 0.003s
['fastboot', '-s', 'cd0ee037', 'oem', 'debug', 'readq', '0x8008da50']
(bootloader) 0x0000000000000000

OKAY [  0.003s]
Finished. Total time: 0.003s
['fastboot', '-s', 'cd0ee037', 'oem', 'debug', 'readq', '0x8008da58']
(bootloader) 0x0000000000000000

OKAY [  0.003s]
Finished. Total time: 0.003s
['fastboot', '-s', 'cd0ee037', 'oem', 'debug', 'readq', '0x8008da60']
(bootloader) 0x0000000000000000

OKAY [  0.003s]
Finished. Total time: 0.003s
['fastboot', '-s', 'cd0ee037', 'oem', 'debug', 'readq', '0x8008da68']
(bootloader) 0x0000000000000000

OKAY [  0.003s]
Finished. Total time: 0.003s
['fastboot', '-s', 'cd0ee037', 'oem', 'debug', 'readq', '0x8008da70']
(bootloader) 0x0000000000000000

OKAY [  0.003s]
Finished. Total time: 0.003s
['fastboot', '-s', 'cd0ee037', 'oem', 'debug', 'readq', '0x8008da78']
(bootloader) 0x0000000000000000

OKAY [  0.003s]
Finished. Total time: 0.003s
['fastboot', '-s', 'cd0ee037', 'oem', 'debug', 'readq', '0x8008da80']
(bootloader) 0x0000000000000000

OKAY [  0.003s]
Finished. Total time: 0.003s
['fastboot', '-s', 'cd0ee037', 'oem', 'debug', 'readq', '0x8008da88']
(bootloader) 0x0000000000000000

OKAY [  0.003s]
Finished. Total time: 0.003s
['fastboot', '-s', 'cd0ee037', 'oem', 'debug', 'readq', '0x8008da90']
(bootloader) 0x0000000000000000

OKAY [  0.003s]
Finished. Total time: 0.003s
['fastboot', '-s', 'cd0ee037', 'oem', 'debug', 'readq', '0x8008da98']
(bootloader) 0x0000000000000000

OKAY [  0.003s]
Finished. Total time: 0.003s
['fastboot', '-s', 'cd0ee037', 'oem', 'debug', 'readq', '0x8008daa0']
(bootloader) 0x0000000000000000

OKAY [  0.003s]
Finished. Total time: 0.003s
['fastboot', '-s', 'cd0ee037', 'oem', 'debug', 'readq', '0x8008daa8']
(bootloader) 0x0000000000000000

OKAY [  0.003s]
Finished. Total time: 0.003s
['fastboot', '-s', 'cd0ee037', 'oem', 'debug', 'readq', '0x8008dab0']
(bootloader) 0x0000000000000000

OKAY [  0.003s]
Finished. Total time: 0.003s
['fastboot', '-s', 'cd0ee037', 'oem', 'debug', 'readq', '0x8008dab8']
(bootloader) 0x0000000000000000

OKAY [  0.003s]
Finished. Total time: 0.003s
['fastboot', '-s', 'cd0ee037', 'oem', 'debug', 'readq', '0x8008dac0']
(bootloader) 0x0000000000000000

OKAY [  0.003s]
Finished. Total time: 0.003s
['fastboot', '-s', 'cd0ee037', 'oem', 'debug', 'readq', '0x8008dac8']
(bootloader) 0x0000000000000000

OKAY [  0.003s]
Finished. Total time: 0.003s
['fastboot', '-s', 'cd0ee037', 'oem', 'debug', 'readq', '0x8008dad0']
(bootloader) 0x0000000000000000

OKAY [  0.003s]
Finished. Total time: 0.003s
['fastboot', '-s', 'cd0ee037', 'oem', 'debug', 'readq', '0x8008dad8']
(bootloader) 0x0000000000000000

OKAY [  0.003s]
Finished. Total time: 0.003s
['fastboot', '-s', 'cd0ee037', 'oem', 'debug', 'readq', '0x8008dae0']
(bootloader) 0x0000000000000000

OKAY [  0.003s]
Finished. Total time: 0.004s
['fastboot', '-s', 'cd0ee037', 'oem', 'debug', 'readq', '0x8008dae8']
(bootloader) 0x0000000000000000

OKAY [  0.003s]
Finished. Total time: 0.003s
['fastboot', '-s', 'cd0ee037', 'oem', 'debug', 'readq', '0x8008daf0']
(bootloader) 0x0000000000000000

OKAY [  0.003s]
Finished. Total time: 0.003s
['fastboot', '-s', 'cd0ee037', 'oem', 'debug', 'readq', '0x8008daf8']
(bootloader) 0x0000000000000000

OKAY [  0.003s]
Finished. Total time: 0.003s
['fastboot', '-s', 'cd0ee037', 'oem', 'debug', 'readq', '0x8008db00']
(bootloader) 0x0000000000000000

OKAY [  0.003s]
Finished. Total time: 0.003s
['fastboot', '-s', 'cd0ee037', 'oem', 'debug', 'readq', '0x8008db08']
(bootloader) 0x0000000000000000

OKAY [  0.004s]
Finished. Total time: 0.004s
['fastboot', '-s', 'cd0ee037', 'oem', 'debug', 'readq', '0x8008db10']
(bootloader) 0x0000000000000000

OKAY [  0.003s]
Finished. Total time: 0.003s
['fastboot', '-s', 'cd0ee037', 'oem', 'debug', 'readq', '0x8008db18']
(bootloader) 0x0000000000000000

OKAY [  0.003s]
Finished. Total time: 0.003s
['fastboot', '-s', 'cd0ee037', 'oem', 'debug', 'readq', '0x8008db20']
(bootloader) 0x0000000000000000

OKAY [  0.003s]
Finished. Total time: 0.003s
['fastboot', '-s', 'cd0ee037', 'oem', 'debug', 'readq', '0x8008db28']
(bootloader) 0x0000000000000000

OKAY [  0.003s]
Finished. Total time: 0.003s
['fastboot', '-s', 'cd0ee037', 'oem', 'debug', 'readq', '0x8008db30']
(bootloader) 0x0000000000000000

OKAY [  0.003s]
Finished. Total time: 0.003s
['fastboot', '-s', 'cd0ee037', 'oem', 'debug', 'readq', '0x8008db38']
(bootloader) 0x0000000000000000

OKAY [  0.003s]
Finished. Total time: 0.003s
['fastboot', '-s', 'cd0ee037', 'oem', 'debug', 'readq', '0x8008db40']
(bootloader) 0x0000000000000000

OKAY [  0.003s]
Finished. Total time: 0.003s
